customer_id,customer_name,email,country,signup_date,customer_segment,lifetime_value
1,Jonah Gray,jonah.gray1@example.com,Germany,2022-01-25,Standard,523.29
2,Arlo Lane,arlo.lane2@example.com,Brazil,2025-03-10,Standard,601.63
3,Leo Cruz,leo.cruz3@example.com,India,2026-04-27,Basic,23.91
4,Ava Dunn,ava.dunn4@example.com,United States,2022-03-23,Premium,817.03
5,Silas Pike,silas.pike5@example.com,Australia,2024-10-23,Standard,594.51
6,Miles Kerr,miles.kerr6@example.com,Australia,2025-01-06,Standard,250.12
7,Ruby Quinn,ruby.quinn7@example.com,Germany,2023-02-21,Standard,253.65
8,Theo Lane,theo.lane8@example.com,Australia,2025-08-23,Standard,136.65
9,Caleb Kerr,caleb.kerr9@example.com,Spain,2023-05-04,Standard,125.89
10,Owen Quinn,owen.quinn10@example.com,United States,2025-06-07,Basic,199.50
11,Noah Frost,noah.frost11@example.com,Australia,2022-12-26,Basic,39.13
12,Ava Kerr,ava.kerr12@example.com,United States,2024-10-13,Standard,504.43
13,Lila Bell,lila.bell13@example.com,India,2022-12-08,Basic,121.85
14,Zoe Lang,zoe.lang14@example.com,United States,2022-08-30,Basic,9.61
15,Nora Snow,nora.snow15@example.com,Germany,2023-06-23,Standard,151.01
16,Jonah Vale,jonah.vale16@example.com,United States,2025-03-06,Standard,268.73
17,Leo Reed,leo.reed17@example.com,United States,2025-03-21,Standard,201.17
18,Owen Lang,owen.lang18@example.com,United States,2022-01-26,Standard,370.53
19,Noah York,noah.york19@example.com,Netherlands,2023-01-02,Standard,96.35
20,Theo Snow,theo.snow20@example.com,India,2024-05-08,Basic,73.56
21,Nora Cole,nora.cole21@example.com,India,2023-07-10,Standard,152.08
22,Sadie Moss,sadie.moss22@example.com,India,2022-04-18,Premium,1440.28
23,Owen Snow,owen.snow23@example.com,United States,2024-04-01,Standard,140.34
24,Jade Vale,jade.vale24@example.com,India,2023-09-29,Basic,107.24
25,Mia Cruz,mia.cruz25@example.com,United Kingdom,2023-08-21,Standard,788.99
26,Silas Frost,silas.frost26@example.com,United States,2024-01-25,Basic,193.88
27,Jonah Park,jonah.park27@example.com,India,2025-01-24,Basic,80.32
28,Zoe Hart,zoe.hart28@example.com,United States,2025-01-14,Basic,113.51
29,Piper Tate,piper.tate29@example.com,United States,2023-11-18,Basic,0.47
30,Mila Hale,mila.hale30@example.com,India,2023-09-22,Standard,186.24
31,Ivy Bell,ivy.bell31@example.com,Canada,2022-05-03,Basic,46.65
32,Iris Drew,iris.drew32@example.com,Netherlands,2024-11-30,Premium,2665.60
33,Iris Young,iris.young33@example.com,Mexico,2022-06-23,Standard,175.27
34,Lila Nash,lila.nash34@example.com,Canada,2025-04-27,Standard,794.25
35,Noah Shaw,noah.shaw35@example.com,United States,2023-08-21,Basic,85.52
36,Nico Lane,nico.lane36@example.com,Canada,2026-08-31,Basic,106.90
37,Nora Vale,nora.vale37@example.com,United States,2023-02-20,Standard,228.40
38,Mila Park,mila.park38@example.com,United States,2022-12-03,Standard,639.25
39,Chloe Lane,chloe.lane39@example.com,Germany,2026-04-27,Standard,322.15
40,Chloe Frost,chloe.frost40@example.com,Brazil,2022-07-05,Standard,256.58
41,Silas Hale,silas.hale41@example.com,India,2025-05-20,Standard,102.86
42,Ivy Tate,ivy.tate42@example.com,United States,2025-12-27,Basic,81.33
43,Leo Pike,leo.pike43@example.com,India,2023-06-17,Standard,277.89
44,Ava Pike,ava.pike44@example.com,France,2025-01-31,Basic,81.87
45,Liam Vale,,Japan,2022-09-06,Premium,562.68
46,Noah Tate,noah.tate46@example.com,United States,2023-02-10,Basic,131.26
47,Leo Hale,leo.hale47@example.com,Australia,2025-04-07,Standard,389.24
48,Arlo Tate,arlo.tate48@example.com,Mexico,2023-02-09,Premium,3886.83
49,Chloe Snow,chloe.snow49@example.com,Netherlands,2026-08-26,Standard,484.56
50,Liam Brooks,liam.brooks50@example.com,United States,2025-03-21,Basic,141.93
51,Wren Lang,wren.lang51@example.com,United States,2025-10-31,Standard,609.23
52,Ethan Moss,ethan.moss52@example.com,United States,2023-07-28,Standard,634.59
53,Jade Nash,jade.nash53@example.com,Australia,2023-05-19,Premium,3893.60
54,Caleb York,caleb.york54@example.com,France,2022-05-05,Standard,164.97
55,Ruby Pike,ruby.pike55@example.com,United States,2026-06-21,Standard,739.19
56,Owen Gray,owen.gray56@example.com,France,2022-02-09,Basic,125.33
57,Silas Kerr,silas.kerr57@example.com,France,2024-09-19,Standard,500.93
58,Arlo Dunn,arlo.dunn58@example.com,Canada,2023-01-04,Standard,84.16
59,Nora Finn,nora.finn59@example.com,Brazil,2026-05-14,Standard,418.22
60,Noah Snow,noah.snow60@example.com,Germany,2026-04-20,Basic,191.36
61,Owen Reed,owen.reed61@example.com,Australia,2023-06-30,Premium,3298.07
62,Wren Snow,wren.snow62@example.com,United States,2023-03-26,Basic,188.64
63,Nico Snow,nico.snow63@example.com,Netherlands,2022-12-22,Standard,280.81
64,Owen Dunn,owen.dunn64@example.com,India,2024-01-05,Standard,86.97
65,Iris Kerr,iris.kerr65@example.com,France,2022-10-19,Standard,788.07
66,Ivy Tate,ivy.tate66@example.com,Brazil,2024-10-05,Basic,177.64
67,Caleb Reed,caleb.reed67@example.com,United States,2023-04-22,Standard,336.79
68,Ava Bell,ava.bell68@example.com,United Kingdom,2025-06-11,Standard,314.06
69,Silas Nash,silas.nash69@example.com,United States,2026-07-02,Standard,474.13
70,Noah Hart,noah.hart70@example.com,India,2022-10-18,Standard,195.38
71,Nico Bell,nico.bell71@example.com,Spain,2024-02-05,Basic,129.62
72,Sadie Walsh,sadie.walsh72@example.com,United Kingdom,2022-11-19,Standard,622.61
73,Silas Gray,silas.gray73@example.com,Australia,2022-12-23,Basic,184.14
74,Iris Young,iris.young74@example.com,India,2023-04-03,Basic,192.98
75,Wren Reed,wren.reed75@example.com,India,2023-08-27,Standard,216.91
76,Ethan Lang,ethan.lang76@example.com,India,2025-03-19,Premium,2553.11
77,Nico Park,nico.park77@example.com,United States,2025-05-18,Basic,104.27
78,Arlo Snow,arlo.snow78@example.com,United States,2025-03-04,Basic,34.11
79,Arlo York,arlo.york79@example.com,India,2023-05-03,Standard,504.57
80,Nora Reed,nora.reed80@example.com,Spain,2026-08-10,Standard,490.07
81,Chloe Hart,chloe.hart81@example.com,United States,2022-05-19,Standard,509.38
82,Ruby Snow,ruby.snow82@example.com,United States,2024-03-01,Premium,2797.53
83,Hugo Shaw,hugo.shaw83@example.com,Brazil,2024-10-06,Basic,124.09
84,Leo Cruz,leo.cruz84@example.com,Japan,2026-06-04,Standard,345.67
85,Ethan Vale,ethan.vale85@example.com,Japan,2023-08-27,Premium,605.26
86,Nora Drew,nora.drew86@example.com,United States,2022-12-15,Basic,123.03
87,Ethan Lang,ethan.lang87@example.com,Spain,2022-07-10,Premium,2271.83
88,Asher Finn,,India,2024-06-02,Basic,54.06
89,Asher Young,asher.young89@example.com,United States,2023-11-10,Standard,319.41
90,Ivy Shaw,ivy.shaw90@example.com,India,2026-02-03,Basic,176.98
91,Ruby Hale,ruby.hale91@example.com,United States,2022-04-12,Standard,564.98
92,Sadie Cruz,sadie.cruz92@example.com,United States,2024-01-09,Basic,1.25
93,Miles Quinn,miles.quinn93@example.com,Australia,2025-05-14,Standard,679.57
94,Ivy Walsh,ivy.walsh94@example.com,United States,2023-08-21,Premium,929.58
95,Jonah West,jonah.west95@example.com,India,2024-08-22,Premium,3064.27
96,Jade Hale,jade.hale96@example.com,Australia,2024-03-04,Standard,292.32
97,Leo Young,leo.young97@example.com,United States,2022-04-02,Standard,395.10
98,Chloe Vale,chloe.vale98@example.com,Japan,2025-03-01,Standard,130.79
99,Zoe Park,zoe.park99@example.com,United States,2025-09-30,Basic,112.65
100,Silas Cruz,silas.cruz100@example.com,India,2023-04-11,Standard,775.61
101,Noah Tate,noah.tate101@example.com,Germany,2025-01-01,Standard,672.36
102,Sadie Young,sadie.young102@example.com,United Kingdom,2024-03-19,Standard,95.51
103,Lila Dunn,lila.dunn103@example.com,Japan,2025-10-19,Basic,48.31
104,Liam Park,liam.park104@example.com,Spain,2022-12-09,Standard,327.72
105,Silas Blair,silas.blair105@example.com,Canada,2025-10-31,Standard,620.67
106,Ivy Tate,ivy.tate106@example.com,Japan,2023-06-13,Standard,469.10
107,Arlo Lang,arlo.lang107@example.com,United States,2024-03-05,Basic,182.30
108,Ella Cruz,ella.cruz108@example.com,United States,2024-07-27,Standard,66.20
109,Silas Kerr,silas.kerr109@example.com,Germany,2024-05-09,Standard,197.48
110,Miles Nash,miles.nash110@example.com,France,2026-04-03,Standard,181.33
111,Arlo Walsh,arlo.walsh111@example.com,United States,2023-08-09,Standard,752.06
112,Jade Moss,jade.moss112@example.com,United States,2025-09-03,Basic,159.11
113,Sadie Finn,sadie.finn113@example.com,United States,2024-04-05,Standard,238.55
114,Asher Finn,asher.finn114@example.com,Canada,2024-03-21,Basic,108.62
115,Iris Cole,iris.cole115@example.com,Germany,2023-07-05,Premium,2452.66
116,Ava Lane,ava.lane116@example.com,United Kingdom,2023-07-29,Basic,161.09
117,Nico Kerr,,Mexico,2023-04-12,Basic,44.03
118,Caleb Lang,caleb.lang118@example.com,Japan,2023-07-06,Standard,596.27
119,Asher Gray,asher.gray119@example.com,Canada,2026-08-15,Premium,2634.74
120,Hugo York,hugo.york120@example.com,Brazil,2026-08-09,Basic,18.41
121,Lila Snow,lila.snow121@example.com,United Kingdom,2024-11-03,Standard,578.72
122,Zoe Park,zoe.park122@example.com,Brazil,2022-03-01,Basic,56.93
123,Ivy Young,ivy.young123@example.com,Japan,2023-05-26,Basic,10.83
124,Chloe Brooks,chloe.brooks124@example.com,India,2023-07-16,Basic,120.70
125,Wren Vale,wren.vale125@example.com,Australia,2022-09-11,Standard,90.05
126,Owen Moss,owen.moss126@example.com,Canada,2024-08-29,Standard,772.64
127,Leo Moss,,Brazil,2026-03-14,Standard,168.47
128,Caleb Hart,caleb.hart128@example.com,United States,2025-03-17,Standard,330.91
129,Nico Cole,nico.cole129@example.com,India,2023-07-06,Standard,586.74
130,Lila Hart,lila.hart130@example.com,Spain,2025-10-29,Basic,2.91
131,Jonah Zane,,United States,2026-06-29,Standard,61.09
132,Owen Drew,owen.drew132@example.com,Spain,2025-12-30,Standard,410.94
133,Miles Young,miles.young133@example.com,United Kingdom,2023-06-01,Standard,336.01
134,Chloe Frost,chloe.frost134@example.com,Japan,2024-03-24,Basic,191.52
135,Liam Hart,liam.hart135@example.com,Australia,2024-02-06,Standard,785.91
136,Piper Finn,piper.finn136@example.com,United Kingdom,2022-08-10,Standard,681.42
137,Mia Lane,mia.lane137@example.com,Australia,2023-07-22,Basic,85.57
138,Piper Kerr,piper.kerr138@example.com,Australia,2023-01-21,Basic,49.12
139,Lila Park,lila.park139@example.com,United States,2026-07-02,Standard,579.65
140,Felix Lane,felix.lane140@example.com,India,2025-09-04,Basic,162.97
141,Caleb Drew,caleb.drew141@example.com,Canada,2026-02-17,Basic,11.57
142,Sadie Kerr,sadie.kerr142@example.com,Japan,2023-12-04,Basic,72.86
143,Felix Cruz,felix.cruz143@example.com,Germany,2025-10-07,Standard,519.88
144,Lila Frost,lila.frost144@example.com,Japan,2025-02-17,Basic,59.35
145,Caleb Walsh,caleb.walsh145@example.com,India,2026-01-25,Standard,782.73
146,Mila Zane,mila.zane146@example.com,India,2023-11-19,Standard,167.04
147,Owen Moss,owen.moss147@example.com,Brazil,2024-05-11,Standard,484.26
148,Leo Drew,leo.drew148@example.com,Germany,2022-08-30,Standard,666.74
149,Noah West,noah.west149@example.com,France,2025-06-25,Standard,143.34
150,Jonah Young,jonah.young150@example.com,United States,2025-10-26,Standard,550.26
151,Lila Frost,lila.frost151@example.com,Brazil,2022-11-05,Standard,230.04
152,Ivy Lane,ivy.lane152@example.com,France,2024-07-26,Standard,237.72
153,Nora West,nora.west153@example.com,India,2024-09-25,Basic,108.99
154,Piper Reed,piper.reed154@example.com,United States,2024-07-14,Standard,408.51
155,Ivy Park,ivy.park155@example.com,France,2022-11-21,Basic,160.42
156,Silas Park,silas.park156@example.com,United States,2024-06-07,Basic,140.70
157,Ella Shaw,ella.shaw157@example.com,Canada,2022-03-19,Basic,174.90
158,Ivy Lang,ivy.lang158@example.com,United States,2023-10-22,Standard,746.03
159,Ivy Hart,ivy.hart159@example.com,Australia,2023-05-25,Basic,74.14
160,Iris Young,iris.young160@example.com,United States,2024-02-25,Standard,709.73
161,Sadie Frost,sadie.frost161@example.com,Japan,2023-09-03,Standard,431.19
162,Chloe Lang,chloe.lang162@example.com,Germany,2024-06-07,Standard,225.36
163,Nora Young,nora.young163@example.com,India,2022-12-04,Standard,578.73
164,Ava Cole,ava.cole164@example.com,Mexico,2023-03-09,Standard,78.72
165,Sadie Bell,sadie.bell165@example.com,United Kingdom,2025-08-25,Standard,98.97
166,Ella Young,ella.young166@example.com,India,2025-06-30,Standard,113.68
167,Asher Brooks,asher.brooks167@example.com,Australia,2022-02-10,Basic,15.80
168,Iris Walsh,iris.walsh168@example.com,Canada,2025-01-25,Standard,381.26
169,Jonah Kerr,jonah.kerr169@example.com,India,2025-07-14,Standard,62.19
170,Caleb Shaw,caleb.shaw170@example.com,Australia,2023-07-07,Basic,198.45
171,Iris Nash,iris.nash171@example.com,Brazil,2024-11-13,Standard,204.31
172,Caleb Walsh,caleb.walsh172@example.com,Germany,2025-06-01,Basic,65.45
173,Mila Drew,mila.drew173@example.com,Mexico,2024-01-04,Basic,134.26
174,Caleb Reed,caleb.reed174@example.com,Germany,2023-03-02,Premium,4108.17
175,Arlo York,arlo.york175@example.com,United States,2025-10-07,Standard,166.65
176,Arlo Walsh,arlo.walsh176@example.com,Australia,2022-11-02,Basic,29.51
177,Mila Bell,mila.bell177@example.com,India,2023-06-09,Premium,3878.18
178,Owen Vale,owen.vale178@example.com,United Kingdom,2024-08-08,Basic,16.41
179,Liam Tate,liam.tate179@example.com,United States,2023-08-19,Standard,522.14
180,Silas Hale,silas.hale180@example.com,India,2022-07-14,Standard,110.14
181,Ava West,ava.west181@example.com,Australia,2023-11-05,Standard,518.61
182,Jade Vale,jade.vale182@example.com,United States,2026-02-10,Basic,30.45
183,Leo Tate,leo.tate183@example.com,United States,2024-03-30,Standard,648.39
184,Ruby Tate,ruby.tate184@example.com,Brazil,2026-06-27,Standard,602.78
185,Piper Young,piper.young185@example.com,United States,2025-11-26,Basic,19.21
186,Nico Reed,nico.reed186@example.com,Netherlands,2024-09-15,Premium,4706.17
187,Sadie Hale,sadie.hale187@example.com,Australia,2026-05-15,Standard,520.02
188,Asher Hart,asher.hart188@example.com,Brazil,2026-01-29,Basic,42.81
189,Jonah Zane,jonah.zane189@example.com,Brazil,2024-06-21,Standard,110.25
190,Mia Drew,mia.drew190@example.com,United States,2025-10-20,Basic,171.97
191,Mila Lang,mila.lang191@example.com,France,2025-10-03,Standard,493.41
192,Lila Bell,lila.bell192@example.com,Australia,2024-06-05,Basic,81.45
193,Jonah Moss,jonah.moss193@example.com,Australia,2022-11-01,Basic,182.95
194,Jade Finn,jade.finn194@example.com,Australia,2022-11-18,Premium,3150.63
195,Nico York,nico.york195@example.com,Brazil,2022-06-03,Basic,161.10
196,Nora Cole,nora.cole196@example.com,United States,2024-11-04,Standard,341.90
197,Theo Gray,theo.gray197@example.com,Japan,2022-06-11,Standard,651.74
198,Chloe Snow,chloe.snow198@example.com,United States,2024-10-17,Standard,635.98
199,Nora Walsh,nora.walsh199@example.com,India,2022-02-06,Basic,33.63
200,Ella Shaw,ella.shaw200@example.com,France,2026-08-19,Premium,976.55
201,Silas Finn,silas.finn201@example.com,Australia,2024-11-07,Basic,184.26
202,Ivy Gray,ivy.gray202@example.com,Spain,2024-01-15,Basic,17.78
203,Wren Cole,wren.cole203@example.com,United Kingdom,2026-04-21,Basic,196.59
204,Jonah Kerr,jonah.kerr204@example.com,India,2022-08-22,Basic,31.92
205,Mila Hale,mila.hale205@example.com,United Kingdom,2026-08-27,Standard,432.70
206,Theo Bell,theo.bell206@example.com,United States,2022-12-03,Standard,695.42
207,Zoe Tate,zoe.tate207@example.com,India,2022-08-08,Basic,83.32
208,Asher Blair,asher.blair208@example.com,Netherlands,2024-03-15,Standard,332.57
209,Chloe Tate,chloe.tate209@example.com,India,2022-08-09,Basic,135.81
210,Noah Zane,noah.zane210@example.com,India,2022-09-10,Standard,640.48
211,Chloe Hale,chloe.hale211@example.com,Germany,2024-10-18,Standard,55.68
212,Lila Lang,lila.lang212@example.com,Netherlands,2025-04-13,Premium,3031.95
213,Arlo Bell,arlo.bell213@example.com,Netherlands,2025-11-17,Basic,189.58
214,Ethan Lang,ethan.lang214@example.com,United States,2025-09-08,Basic,196.78
215,Asher Young,asher.young215@example.com,Brazil,2024-05-07,Standard,375.37
216,Ruby Pike,ruby.pike216@example.com,Mexico,2024-07-16,Basic,43.70
217,Zoe Shaw,zoe.shaw217@example.com,Brazil,2024-11-15,Standard,441.79
218,Wren Kerr,wren.kerr218@example.com,United Kingdom,2026-02-18,Standard,775.59
219,Piper Blair,piper.blair219@example.com,Australia,2023-08-19,Standard,502.58
220,Arlo Hale,arlo.hale220@example.com,India,2022-12-31,Standard,710.46
221,Theo Kerr,theo.kerr221@example.com,India,2026-04-08,Standard,511.68
222,Theo York,theo.york222@example.com,Spain,2025-12-25,Standard,597.19
223,Felix Lang,felix.lang223@example.com,Germany,2024-05-15,Basic,4.18
224,Lila Walsh,lila.walsh224@example.com,United States,2025-10-04,Premium,796.77
225,Ivy Drew,ivy.drew225@example.com,United States,2023-08-10,Basic,82.10
226,Zoe Tate,zoe.tate226@example.com,India,2023-02-22,Premium,4451.00
227,Theo Brooks,theo.brooks227@example.com,Canada,2025-06-15,Standard,786.47
228,Nico Cole,nico.cole228@example.com,France,2023-05-02,Basic,167.41
229,Silas Snow,silas.snow229@example.com,United Kingdom,2025-09-22,Basic,15.39
230,Arlo Pike,arlo.pike230@example.com,Spain,2025-11-04,Standard,459.80
231,Theo Brooks,theo.brooks231@example.com,United States,2025-06-24,Premium,4594.29
232,Nico West,nico.west232@example.com,United States,2025-07-21,Standard,532.00
233,Mila Dunn,mila.dunn233@example.com,France,2026-05-09,Standard,303.62
234,Caleb Vale,caleb.vale234@example.com,India,2023-01-18,Standard,277.79
235,Hugo Bell,hugo.bell235@example.com,United States,2023-07-26,Premium,3418.17
236,Ruby Nash,ruby.nash236@example.com,Japan,2022-01-12,Standard,483.27
237,Chloe Kerr,chloe.kerr237@example.com,United States,2023-10-23,Basic,195.58
238,Noah Park,noah.park238@example.com,Australia,2025-09-17,Basic,98.68
239,Jonah Snow,jonah.snow239@example.com,United Kingdom,2026-05-25,Standard,466.62
240,Lila Cole,lila.cole240@example.com,Germany,2026-05-30,Basic,165.52
241,Ethan Shaw,ethan.shaw241@example.com,Canada,2023-12-17,Standard,339.92
242,Jade Blair,jade.blair242@example.com,United Kingdom,2023-08-25,Basic,71.58
243,Mila Finn,mila.finn243@example.com,Mexico,2026-08-14,Standard,61.53
244,Liam Hale,liam.hale244@example.com,United States,2025-08-08,Standard,369.58
245,Noah Hale,noah.hale245@example.com,Canada,2026-06-19,Basic,37.15
246,Ella Drew,ella.drew246@example.com,United Kingdom,2024-11-24,Standard,541.46
247,Lila Snow,lila.snow247@example.com,Germany,2023-08-31,Standard,302.32
248,Nora Bell,nora.bell248@example.com,United States,2026-05-03,Premium,3320.53
249,Theo Hart,theo.hart249@example.com,United States,2025-07-13,Standard,329.41
250,Nico Hale,nico.hale250@example.com,United States,2025-01-06,Standard,620.47
251,Piper Tate,piper.tate251@example.com,India,2022-11-11,Basic,7.78
252,Chloe Kerr,chloe.kerr252@example.com,United States,2022-04-22,Standard,283.29
253,Silas Drew,silas.drew253@example.com,France,2023-04-12,Standard,389.01
254,Miles Pike,miles.pike254@example.com,Canada,2023-10-10,Standard,72.13
255,Ella Hale,ella.hale255@example.com,United States,2026-01-15,Premium,3741.93
256,Mia Park,mia.park256@example.com,United States,2022-05-29,Basic,117.21
257,Arlo Bell,arlo.bell257@example.com,India,2023-09-10,Premium,3680.15
258,Mia Frost,mia.frost258@example.com,Canada,2024-03-20,Basic,10.09
259,Jonah Reed,jonah.reed259@example.com,United States,2024-03-11,Standard,765.29
260,Caleb Gray,caleb.gray260@example.com,India,2026-06-17,Standard,539.06
261,Ava Cruz,ava.cruz261@example.com,United States,2022-03-27,Basic,1.64
262,Sadie Finn,sadie.finn262@example.com,France,2022-06-24,Standard,449.36
263,Ivy Lang,ivy.lang263@example.com,India,2023-03-10,Basic,135.21
264,Jade Gray,jade.gray264@example.com,United States,2023-01-12,Basic,72.34
265,Asher Tate,asher.tate265@example.com,United States,2025-10-06,Standard,793.56
266,Nico Brooks,nico.brooks266@example.com,Netherlands,2025-01-29,Basic,151.14
267,Piper Cruz,piper.cruz267@example.com,India,2023-05-29,Premium,1014.86
268,Ivy Lang,ivy.lang268@example.com,Spain,2024-01-02,Standard,218.05
269,Felix Gray,felix.gray269@example.com,United Kingdom,2022-05-23,Standard,303.62
270,Nora York,nora.york270@example.com,Australia,2023-09-19,Standard,249.74
271,Sadie Dunn,sadie.dunn271@example.com,United Kingdom,2024-05-27,Standard,271.03
272,Ava Lane,ava.lane272@example.com,United States,2026-02-24,Standard,621.63
273,Ruby Tate,ruby.tate273@example.com,India,2023-11-11,Standard,679.08
274,Chloe Vale,chloe.vale274@example.com,United Kingdom,2025-02-03,Standard,192.64
275,Ethan Gray,ethan.gray275@example.com,Japan,2026-08-20,Standard,233.50
276,Jade Cruz,jade.cruz276@example.com,India,2025-07-07,Standard,150.22
277,Hugo Quinn,hugo.quinn277@example.com,Japan,2025-07-17,Basic,10.22
278,Wren Dunn,wren.dunn278@example.com,India,2023-03-12,Standard,98.04
279,Theo Drew,theo.drew279@example.com,Mexico,2024-08-24,Standard,244.81
280,Leo Pike,leo.pike280@example.com,India,2026-02-10,Standard,431.41
281,Zoe Vale,zoe.vale281@example.com,United States,2024-01-16,Standard,708.20
282,Ava Hale,ava.hale282@example.com,Spain,2025-06-11,Standard,267.37
283,Mila Bell,mila.bell283@example.com,United States,2025-03-05,Standard,791.62
284,Felix West,felix.west284@example.com,India,2024-09-17,Basic,117.57
285,Noah Cole,noah.cole285@example.com,United States,2023-06-26,Basic,121.05
286,Owen Brooks,owen.brooks286@example.com,Germany,2026-06-09,Basic,118.37
287,Ella York,ella.york287@example.com,Brazil,2022-03-23,Basic,106.19
288,Liam Kerr,liam.kerr288@example.com,Australia,2023-07-15,Basic,86.28
289,Sadie Cruz,sadie.cruz289@example.com,United Kingdom,2024-02-15,Standard,528.80
290,Sadie Gray,sadie.gray290@example.com,United States,2023-05-31,Basic,123.31
291,Arlo Cole,arlo.cole291@example.com,United Kingdom,2023-12-08,Standard,688.13
292,Silas York,silas.york292@example.com,United States,2022-10-12,Basic,144.14
293,Ethan Cole,ethan.cole293@example.com,Australia,2023-03-10,Premium,1287.69
294,Ethan Reed,ethan.reed294@example.com,India,2022-08-31,Standard,351.91
295,Miles Snow,miles.snow295@example.com,United States,2025-10-14,Standard,677.59
296,Jonah Blair,jonah.blair296@example.com,Australia,2024-04-21,Standard,79.42
297,Owen Brooks,owen.brooks297@example.com,France,2022-10-03,Standard,721.93
298,Noah Young,noah.young298@example.com,United States,2023-06-13,Standard,285.97
299,Lila Pike,lila.pike299@example.com,France,2022-02-08,Standard,421.52
300,Mia Blair,mia.blair300@example.com,Mexico,2024-09-13,Standard,273.56
301,Owen Tate,owen.tate301@example.com,United States,2025-04-08,Standard,288.39
302,Asher Hale,asher.hale302@example.com,United States,2025-11-05,Standard,499.14
303,Arlo Vale,arlo.vale303@example.com,United States,2024-02-14,Standard,555.23
304,Zoe Walsh,zoe.walsh304@example.com,Germany,2024-10-29,Premium,4088.05
305,Miles Tate,miles.tate305@example.com,United States,2024-09-01,Standard,101.16
306,Jade Snow,jade.snow306@example.com,India,2022-07-10,Standard,682.08
307,Felix Nash,felix.nash307@example.com,Germany,2022-01-03,Basic,141.39
308,Lila Shaw,lila.shaw308@example.com,United States,2024-12-21,Standard,612.24
309,Owen Snow,owen.snow309@example.com,India,2023-12-19,Standard,178.07
310,Miles Nash,miles.nash310@example.com,India,2022-06-21,Standard,421.28
311,Asher Young,asher.young311@example.com,United States,2022-01-12,Standard,59.32
312,Sadie Bell,sadie.bell312@example.com,United States,2025-09-02,Premium,1576.98
313,Iris Snow,iris.snow313@example.com,United Kingdom,2022-11-13,Standard,608.46
314,Piper Dunn,piper.dunn314@example.com,Brazil,2024-05-17,Standard,790.12
315,Leo Finn,leo.finn315@example.com,India,2026-03-27,Standard,316.98
316,Miles Cruz,miles.cruz316@example.com,Germany,2024-01-29,Basic,183.20
317,Theo York,theo.york317@example.com,United Kingdom,2023-12-07,Standard,571.83
318,Hugo Nash,hugo.nash318@example.com,Australia,2026-03-12,Basic,75.29
319,Chloe Snow,chloe.snow319@example.com,United States,2023-03-16,Basic,166.57
320,Ella Snow,ella.snow320@example.com,France,2025-11-28,Standard,118.22
321,Ethan Pike,ethan.pike321@example.com,United States,2022-07-06,Basic,47.62
322,Jonah Zane,jonah.zane322@example.com,United States,2023-06-23,Standard,340.67
323,Leo Quinn,leo.quinn323@example.com,India,2024-03-31,Standard,732.89
324,Caleb Kerr,caleb.kerr324@example.com,United States,2026-05-04,Basic,57.43
325,Piper York,piper.york325@example.com,United States,2025-09-07,Standard,729.15
326,Caleb Blair,caleb.blair326@example.com,France,2024-11-22,Premium,4161.88
327,Owen Finn,owen.finn327@example.com,United States,2023-05-05,Standard,50.37
328,Ethan Quinn,ethan.quinn328@example.com,India,2023-12-25,Basic,129.48
329,Ella Dunn,ella.dunn329@example.com,United States,2025-12-12,Standard,139.93
330,Arlo Quinn,arlo.quinn330@example.com,India,2025-02-19,Standard,506.25
331,Leo Tate,leo.tate331@example.com,France,2023-02-03,Standard,646.06
332,Arlo Pike,arlo.pike332@example.com,United States,2024-04-13,Standard,713.53
333,Liam Cruz,liam.cruz333@example.com,United Kingdom,2022-08-28,Premium,4709.72
334,Lila Drew,lila.drew334@example.com,Japan,2025-03-23,Basic,81.96
335,Iris Vale,iris.vale335@example.com,France,2026-04-26,Basic,79.71
336,Mila Lane,mila.lane336@example.com,Canada,2024-08-01,Basic,192.29
337,Nico Hart,nico.hart337@example.com,United States,2024-02-23,Standard,338.85
338,Felix Kerr,felix.kerr338@example.com,United Kingdom,2023-12-25,Standard,726.99
339,Theo Hart,theo.hart339@example.com,United States,2023-08-12,Basic,30.47
340,Ella Hale,ella.hale340@example.com,United Kingdom,2025-02-09,Basic,58.48
341,Jonah Lane,jonah.lane341@example.com,Brazil,2023-07-06,Standard,289.57
342,Hugo Hale,hugo.hale342@example.com,United States,2026-02-18,Basic,65.42
343,Owen Lang,owen.lang343@example.com,United States,2023-04-15,Standard,315.77
344,Wren Cole,wren.cole344@example.com,United Kingdom,2026-05-15,Basic,34.95
345,Liam Zane,liam.zane345@example.com,Spain,2024-10-05,Premium,3718.22
346,Ava Park,ava.park346@example.com,Spain,2024-09-14,Basic,121.63
347,Asher Lane,asher.lane347@example.com,Mexico,2025-03-22,Standard,410.09
348,Jonah Reed,jonah.reed348@example.com,Netherlands,2023-07-28,Basic,130.37
349,Owen Park,owen.park349@example.com,United States,2026-06-25,Standard,604.66
350,Jonah Cruz,jonah.cruz350@example.com,United Kingdom,2025-11-06,Premium,4567.97
351,Ethan Vale,ethan.vale351@example.com,India,2024-07-31,Basic,103.43
352,Iris Hart,iris.hart352@example.com,United States,2025-04-04,Premium,1028.20
353,Nora Moss,nora.moss353@example.com,United States,2025-01-28,Standard,394.52
354,Owen Drew,owen.drew354@example.com,Australia,2024-01-20,Standard,291.05
355,Jonah Shaw,jonah.shaw355@example.com,India,2024-02-02,Standard,528.51
356,Nico Pike,nico.pike356@example.com,United States,2022-09-26,Standard,349.58
357,Wren Walsh,wren.walsh357@example.com,Japan,2025-02-11,Basic,141.62
358,Nico Pike,nico.pike358@example.com,Japan,2026-02-21,Standard,246.01
359,Jonah Snow,jonah.snow359@example.com,Canada,2022-10-03,Premium,4953.24
360,Piper Bell,piper.bell360@example.com,United Kingdom,2024-09-23,Standard,443.26
361,Ruby Cruz,ruby.cruz361@example.com,United States,2022-07-22,Basic,53.52
362,Noah Blair,noah.blair362@example.com,Germany,2025-07-13,Basic,31.55
363,Chloe Lang,chloe.lang363@example.com,United Kingdom,2025-02-21,Standard,780.71
364,Arlo Snow,arlo.snow364@example.com,United States,2022-09-06,Standard,510.18
365,Nico Hale,nico.hale365@example.com,United States,2025-03-25,Basic,176.43
366,Ethan Park,ethan.park366@example.com,United Kingdom,2024-11-11,Standard,688.96
367,Mila Lang,mila.lang367@example.com,United States,2025-06-10,Standard,425.55
368,Chloe Gray,chloe.gray368@example.com,Brazil,2025-08-04,Basic,110.55
369,Miles Gray,miles.gray369@example.com,Canada,2022-05-27,Standard,153.69
370,Ethan Lane,ethan.lane370@example.com,United Kingdom,2023-08-20,Standard,400.58
371,Asher Gray,asher.gray371@example.com,Brazil,2026-05-19,Standard,526.00
372,Hugo Dunn,hugo.dunn372@example.com,Canada,2022-12-09,Standard,291.02
373,Nico Hart,nico.hart373@example.com,United States,2023-05-31,Standard,154.94
374,Ivy Reed,ivy.reed374@example.com,United States,2024-08-27,Standard,768.84
375,Noah Hart,noah.hart375@example.com,Germany,2022-06-20,Basic,34.05
376,Ruby Finn,ruby.finn376@example.com,Australia,2024-03-09,Standard,455.49
377,Owen Cole,owen.cole377@example.com,Canada,2022-09-16,Basic,43.01
378,Lila Tate,lila.tate378@example.com,United States,2024-01-01,Standard,476.24
379,Nico York,nico.york379@example.com,Brazil,2023-07-12,Standard,768.98
380,Chloe Nash,chloe.nash380@example.com,India,2022-12-29,Basic,193.60
381,Asher Vale,asher.vale381@example.com,Australia,2025-03-01,Standard,620.13
382,Lila Gray,lila.gray382@example.com,United Kingdom,2023-12-13,Standard,681.31
383,Theo Cole,theo.cole383@example.com,Canada,2024-01-20,Basic,135.07
384,Ruby Nash,ruby.nash384@example.com,United States,2026-07-28,Standard,228.65
385,Leo Frost,leo.frost385@example.com,United States,2024-10-04,Standard,675.30
386,Caleb Hart,caleb.hart386@example.com,Japan,2025-05-07,Basic,75.76
387,Silas Hart,silas.hart387@example.com,United States,2025-02-22,Standard,622.92
388,Ella Cole,ella.cole388@example.com,India,2024-03-09,Standard,545.92
389,Owen Drew,owen.drew389@example.com,Australia,2024-11-24,Premium,4508.38
390,Silas Zane,silas.zane390@example.com,India,2023-07-11,Standard,423.13
391,Piper Lang,piper.lang391@example.com,United States,2023-01-21,Standard,139.73
392,Ethan Nash,ethan.nash392@example.com,Australia,2025-06-19,Standard,643.45
393,Ruby Kerr,ruby.kerr393@example.com,United States,2022-02-09,Standard,249.42
394,Noah Cruz,noah.cruz394@example.com,Mexico,2023-08-01,Premium,1911.35
395,Zoe Kerr,zoe.kerr395@example.com,United States,2022-07-04,Standard,247.50
396,Ava York,ava.york396@example.com,Canada,2026-05-29,Standard,703.25
397,Leo Vale,leo.vale397@example.com,United States,2022-06-14,Basic,47.87
398,Noah Drew,noah.drew398@example.com,United States,2024-08-20,Basic,59.50
399,Ivy Young,ivy.young399@example.com,Japan,2026-08-24,Basic,4.13
400,Liam Park,liam.park400@example.com,Canada,2024-06-26,Basic,80.99
401,Hugo Brooks,hugo.brooks401@example.com,India,2022-07-12,Standard,733.06
402,Felix Blair,felix.blair402@example.com,India,2023-10-02,Standard,473.44
403,Ethan Gray,ethan.gray403@example.com,India,2025-01-30,Basic,170.69
404,Liam Drew,liam.drew404@example.com,United Kingdom,2024-01-09,Standard,118.27
405,Nico Hale,nico.hale405@example.com,United States,2025-07-20,Standard,619.06
406,Nora Hart,nora.hart406@example.com,United States,2022-09-03,Standard,568.79
407,Silas Cole,silas.cole407@example.com,United States,2026-05-24,Premium,4121.52
408,Jonah Kerr,jonah.kerr408@example.com,United Kingdom,2022-07-03,Standard,376.00
409,Ethan York,ethan.york409@example.com,Australia,2026-04-05,Premium,3777.49
410,Noah Brooks,noah.brooks410@example.com,United States,2025-01-03,Standard,190.76
411,Zoe York,zoe.york411@example.com,Mexico,2026-06-03,Standard,505.23
412,Silas Young,silas.young412@example.com,United States,2025-11-12,Standard,545.14
413,Leo Lang,leo.lang413@example.com,Brazil,2024-09-20,Standard,623.44
414,Theo Frost,theo.frost414@example.com,Germany,2025-03-06,Standard,294.61
415,Theo Moss,theo.moss415@example.com,Germany,2026-08-30,Standard,776.82
416,Ethan Quinn,ethan.quinn416@example.com,Canada,2026-08-06,Standard,395.17
417,Theo Moss,theo.moss417@example.com,India,2024-11-02,Standard,546.81
418,Hugo Reed,hugo.reed418@example.com,Australia,2024-01-16,Basic,78.24
419,Nora Lang,nora.lang419@example.com,Spain,2026-08-05,Premium,2531.56
420,Ivy Bell,ivy.bell420@example.com,India,2022-11-12,Basic,92.77
421,Nora Shaw,nora.shaw421@example.com,United States,2024-12-07,Standard,137.39
422,Noah Tate,noah.tate422@example.com,United States,2022-03-06,Basic,66.21
423,Liam York,liam.york423@example.com,United States,2025-08-07,Standard,559.34
424,Felix York,felix.york424@example.com,India,2023-06-09,Standard,114.33
425,Leo Cole,leo.cole425@example.com,United States,2023-03-04,Standard,694.09
426,Arlo Young,arlo.young426@example.com,Germany,2025-08-01,Basic,19.89
427,Leo Cruz,leo.cruz427@example.com,Brazil,2026-08-11,Basic,120.93
428,Silas Kerr,silas.kerr428@example.com,Australia,2024-12-19,Premium,713.13
429,Hugo Quinn,hugo.quinn429@example.com,United States,2023-03-19,Basic,170.22
430,Liam Walsh,liam.walsh430@example.com,Germany,2023-01-24,Basic,63.28
431,Lila Hale,lila.hale431@example.com,Australia,2023-01-02,Standard,781.93
432,Hugo Cruz,hugo.cruz432@example.com,United States,2025-07-31,Standard,519.18
433,Felix Vale,felix.vale433@example.com,Canada,2022-08-02,Basic,54.66
434,Silas Reed,silas.reed434@example.com,Germany,2025-09-08,Standard,257.32
435,Theo Finn,theo.finn435@example.com,United Kingdom,2023-10-08,Standard,771.00
436,Nora West,nora.west436@example.com,India,2024-05-31,Standard,473.95
437,Asher Cole,asher.cole437@example.com,United States,2026-04-18,Standard,771.20
438,Arlo Lang,arlo.lang438@example.com,Spain,2024-07-05,Standard,570.47
439,Ava Lang,ava.lang439@example.com,United Kingdom,2022-02-03,Premium,3213.76
440,Zoe Young,zoe.young440@example.com,United Kingdom,2023-03-31,Standard,331.57
441,Nico Lane,nico.lane441@example.com,Japan,2025-11-13,Premium,4811.41
442,Ruby Zane,ruby.zane442@example.com,France,2025-03-16,Standard,252.78
443,Liam Brooks,liam.brooks443@example.com,United States,2023-06-27,Standard,531.14
444,Jade Dunn,jade.dunn444@example.com,United States,2023-09-08,Standard,170.46
445,Sadie Pike,sadie.pike445@example.com,United States,2022-06-08,Standard,475.58
446,Silas York,silas.york446@example.com,Japan,2025-11-13,Standard,174.99
447,Asher Gray,asher.gray447@example.com,India,2025-03-26,Standard,550.10
448,Mia Park,mia.park448@example.com,India,2023-12-14,Premium,4784.17
449,Miles Shaw,miles.shaw449@example.com,United States,2026-04-27,Basic,74.29
450,Hugo Gray,hugo.gray450@example.com,Netherlands,2025-07-22,Basic,125.33
451,Noah Frost,noah.frost451@example.com,United Kingdom,2025-03-02,Standard,246.05
452,Nora Bell,nora.bell452@example.com,United States,2025-10-11,Basic,128.73
453,Chloe Park,chloe.park453@example.com,Germany,2023-03-31,Standard,616.14
454,Caleb Snow,caleb.snow454@example.com,United States,2022-06-19,Standard,673.71
455,Sadie Lang,sadie.lang455@example.com,Canada,2022-06-24,Premium,2589.42
456,Lila Shaw,lila.shaw456@example.com,United States,2022-10-04,Basic,157.58
457,Theo Blair,theo.blair457@example.com,Australia,2023-02-06,Standard,785.53
458,Asher Lang,asher.lang458@example.com,United States,2023-06-30,Standard,613.69
459,Nora Hale,nora.hale459@example.com,United States,2025-10-07,Basic,135.52
460,Miles Moss,miles.moss460@example.com,United Kingdom,2025-05-01,Standard,81.72
461,Mila Frost,mila.frost461@example.com,United Kingdom,2026-08-10,Standard,629.61
462,Asher Nash,asher.nash462@example.com,Netherlands,2023-04-24,Standard,311.73
463,Felix Moss,felix.moss463@example.com,India,2022-06-25,Standard,197.28
464,Hugo Brooks,hugo.brooks464@example.com,Australia,2022-10-30,Standard,427.07
465,Ava Lane,ava.lane465@example.com,United States,2024-07-10,Basic,154.39
466,Ava Lane,ava.lane466@example.com,Germany,2023-02-22,Standard,766.20
467,Lila Park,lila.park467@example.com,Germany,2026-02-03,Standard,235.26
468,Iris Kerr,iris.kerr468@example.com,United Kingdom,2025-09-20,Basic,172.62
469,Noah Drew,noah.drew469@example.com,United Kingdom,2026-06-05,Standard,405.57
470,Noah Vale,noah.vale470@example.com,United States,2024-03-06,Basic,88.90
471,Felix West,felix.west471@example.com,United Kingdom,2022-08-09,Basic,6.25
472,Caleb West,caleb.west472@example.com,Canada,2024-02-19,Basic,166.63
473,Iris Walsh,iris.walsh473@example.com,Germany,2025-05-07,Basic,174.18
474,Mia Reed,mia.reed474@example.com,Spain,2025-02-22,Standard,78.16
475,Noah Cole,noah.cole475@example.com,United Kingdom,2024-09-30,Basic,128.90
476,Hugo Reed,hugo.reed476@example.com,India,2023-12-29,Premium,3778.01
477,Caleb Cole,caleb.cole477@example.com,Mexico,2023-07-19,Basic,20.31
478,Piper Drew,piper.drew478@example.com,Brazil,2026-07-27,Basic,9.65
479,Theo Drew,theo.drew479@example.com,United Kingdom,2024-03-15,Standard,229.91
480,Mia Lang,mia.lang480@example.com,Spain,2025-06-08,Standard,348.09
481,Miles Cole,miles.cole481@example.com,Canada,2023-10-02,Standard,481.60
482,Chloe Cruz,chloe.cruz482@example.com,Australia,2025-04-04,Standard,759.56
483,Felix Snow,felix.snow483@example.com,United States,2025-11-11,Standard,736.56
484,Arlo Nash,arlo.nash484@example.com,Netherlands,2026-04-27,Standard,240.25
485,Piper Zane,piper.zane485@example.com,United States,2022-05-19,Standard,780.51
486,Theo Lang,theo.lang486@example.com,United Kingdom,2022-10-26,Premium,4311.99
487,Ava Park,ava.park487@example.com,Mexico,2024-04-22,Standard,447.60
488,Chloe Lang,chloe.lang488@example.com,Brazil,2026-02-21,Basic,89.71
489,Zoe Park,zoe.park489@example.com,United States,2022-02-23,Standard,399.78
490,Asher Dunn,asher.dunn490@example.com,France,2023-04-18,Standard,84.18
491,Leo Quinn,leo.quinn491@example.com,Germany,2024-10-25,Basic,198.15
492,Jonah Kerr,jonah.kerr492@example.com,United States,2024-03-04,Standard,694.14
493,Jonah Nash,jonah.nash493@example.com,United States,2024-04-16,Standard,69.67
494,Arlo Drew,arlo.drew494@example.com,United States,2025-10-06,Basic,66.46
495,Mila Blair,mila.blair495@example.com,Netherlands,2024-06-18,Premium,3735.16
496,Jonah Kerr,jonah.kerr496@example.com,Canada,2023-05-21,Standard,610.40
497,Ella Park,ella.park497@example.com,India,2024-02-19,Premium,4275.92
498,Nora Pike,nora.pike498@example.com,India,2025-05-01,Standard,752.75
499,Lila Gray,lila.gray499@example.com,India,2024-12-02,Basic,35.82
500,Chloe Vale,chloe.vale500@example.com,United States,2023-05-19,Basic,169.96
501,Theo Pike,theo.pike501@example.com,United States,2024-03-04,Basic,169.12
502,Mila Gray,mila.gray502@example.com,United States,2024-06-19,Basic,130.42
503,Jade Frost,jade.frost503@example.com,United Kingdom,2022-12-07,Basic,138.43
504,Caleb Finn,caleb.finn504@example.com,India,2022-10-19,Basic,151.90
505,Wren Gray,wren.gray505@example.com,India,2022-08-20,Standard,285.62
506,Mila Dunn,mila.dunn506@example.com,India,2022-10-05,Basic,128.80
507,Miles Lane,miles.lane507@example.com,United States,2025-04-23,Standard,314.67
508,Jade Vale,jade.vale508@example.com,United Kingdom,2025-08-21,Premium,4230.15
509,Silas Reed,silas.reed509@example.com,United States,2022-08-22,Basic,147.25
510,Piper Moss,piper.moss510@example.com,India,2026-01-28,Premium,4647.46
511,Lila Finn,lila.finn511@example.com,United Kingdom,2024-02-19,Basic,14.38
512,Mila Reed,mila.reed512@example.com,France,2025-09-12,Basic,49.18
513,Ethan West,ethan.west513@example.com,India,2022-04-16,Standard,599.95
514,Caleb Frost,caleb.frost514@example.com,Spain,2023-08-15,Basic,59.21
515,Liam Young,liam.young515@example.com,United States,2025-06-29,Standard,381.75
516,Ava Vale,ava.vale516@example.com,Germany,2026-07-12,Standard,57.53
517,Asher Young,asher.young517@example.com,United States,2025-09-12,Standard,673.52
518,Chloe Shaw,chloe.shaw518@example.com,France,2022-01-14,Standard,370.75
519,Jade Cruz,jade.cruz519@example.com,Australia,2026-08-07,Standard,322.15
520,Noah Reed,noah.reed520@example.com,Australia,2022-03-17,Standard,240.54
521,Nico Brooks,nico.brooks521@example.com,Japan,2023-09-04,Basic,108.49
522,Arlo Quinn,arlo.quinn522@example.com,Canada,2023-01-01,Premium,1345.86
523,Felix Frost,felix.frost523@example.com,India,2025-05-03,Standard,786.85
524,Ethan Vale,ethan.vale524@example.com,United Kingdom,2022-03-15,Basic,30.51
525,Mila Frost,,Brazil,2026-08-07,Standard,138.69
526,Mila Shaw,mila.shaw526@example.com,United States,2024-08-22,Basic,44.08
527,Liam Kerr,liam.kerr527@example.com,United Kingdom,2024-04-27,Basic,171.91
528,Ivy Kerr,ivy.kerr528@example.com,United States,2025-03-16,Standard,743.30
529,Mia York,mia.york529@example.com,France,2026-06-03,Basic,94.10
530,Miles Finn,miles.finn530@example.com,United States,2025-03-23,Basic,115.95
531,Arlo Nash,arlo.nash531@example.com,Germany,2026-02-02,Standard,702.39
532,Jonah Snow,jonah.snow532@example.com,France,2025-12-22,Standard,430.74
533,Ivy Hart,ivy.hart533@example.com,Germany,2026-06-20,Premium,1118.27
534,Hugo West,hugo.west534@example.com,Australia,2024-04-29,Standard,592.69
535,Noah Lane,noah.lane535@example.com,Japan,2023-03-11,Standard,64.80
536,Piper Blair,piper.blair536@example.com,United States,2022-05-19,Basic,100.85
537,Caleb Bell,caleb.bell537@example.com,India,2022-08-22,Standard,486.84
538,Nora Pike,nora.pike538@example.com,Australia,2022-03-01,Basic,57.55
539,Ivy Lane,ivy.lane539@example.com,Netherlands,2024-09-08,Basic,155.48
540,Silas Brooks,silas.brooks540@example.com,Germany,2025-07-08,Standard,653.74
541,Jade West,jade.west541@example.com,United Kingdom,2026-05-25,Standard,592.57
542,Arlo Lang,arlo.lang542@example.com,Germany,2025-03-03,Premium,4300.90
543,Felix Lane,felix.lane543@example.com,United States,2025-03-28,Standard,484.79
544,Silas Zane,silas.zane544@example.com,United Kingdom,2022-11-02,Basic,91.90
545,Wren Hart,wren.hart545@example.com,United Kingdom,2024-12-30,Standard,267.53
546,Sadie Finn,sadie.finn546@example.com,France,2026-05-22,Standard,454.07
547,Iris West,iris.west547@example.com,United States,2024-04-27,Standard,163.76
548,Jonah Young,jonah.young548@example.com,Canada,2023-09-12,Standard,333.29
549,Lila Frost,lila.frost549@example.com,United Kingdom,2022-03-18,Standard,314.89
550,Arlo Quinn,arlo.quinn550@example.com,United States,2024-09-15,Standard,705.43
551,Zoe Blair,zoe.blair551@example.com,Germany,2024-12-08,Standard,456.79
552,Mila Lane,mila.lane552@example.com,Brazil,2026-08-11,Standard,726.52
553,Felix Nash,felix.nash553@example.com,United States,2024-03-04,Standard,734.64
554,Liam Hart,liam.hart554@example.com,United States,2025-05-02,Standard,164.13
555,Nora Vale,nora.vale555@example.com,United States,2026-04-19,Basic,102.39
556,Ava Dunn,ava.dunn556@example.com,Australia,2023-03-06,Basic,105.14
557,Ivy Blair,ivy.blair557@example.com,Germany,2026-05-02,Standard,628.17
558,Felix Walsh,felix.walsh558@example.com,United States,2022-08-23,Standard,69.99
559,Asher Cruz,asher.cruz559@example.com,United States,2023-12-19,Standard,770.06
560,Nora Drew,nora.drew560@example.com,India,2023-08-04,Standard,370.89
561,Ethan Quinn,ethan.quinn561@example.com,Brazil,2025-01-12,Standard,631.49
562,Noah Nash,noah.nash562@example.com,Netherlands,2022-04-14,Premium,1055.36
563,Ella Brooks,ella.brooks563@example.com,Canada,2025-12-14,Premium,3625.39
564,Jade Dunn,jade.dunn564@example.com,India,2024-07-02,Standard,516.12
565,Caleb Lane,caleb.lane565@example.com,India,2025-10-05,Basic,174.81
566,Mia Zane,mia.zane566@example.com,Germany,2022-09-27,Basic,30.44
567,Wren Snow,wren.snow567@example.com,Germany,2024-07-22,Basic,101.70
568,Felix Gray,felix.gray568@example.com,Germany,2023-04-20,Basic,73.33
569,Zoe West,zoe.west569@example.com,United States,2024-01-15,Basic,128.47
570,Ethan Kerr,ethan.kerr570@example.com,United Kingdom,2023-10-28,Basic,148.53
571,Jonah Hart,jonah.hart571@example.com,United States,2024-09-07,Premium,2918.23
572,Nico Reed,nico.reed572@example.com,United Kingdom,2025-03-22,Standard,216.97
573,Lila Walsh,lila.walsh573@example.com,India,2022-08-08,Standard,477.12
574,Theo Gray,theo.gray574@example.com,United Kingdom,2024-08-02,Premium,2601.43
575,Sadie Shaw,sadie.shaw575@example.com,United States,2022-11-22,Standard,682.25
576,Ella Quinn,ella.quinn576@example.com,Japan,2025-04-25,Standard,615.11
577,Silas Shaw,silas.shaw577@example.com,United Kingdom,2025-11-22,Standard,359.53
578,Ethan Hale,ethan.hale578@example.com,India,2025-12-28,Basic,188.15
579,Wren York,wren.york579@example.com,France,2023-10-29,Premium,3410.25
580,Liam Tate,liam.tate580@example.com,United Kingdom,2024-04-11,Standard,141.23
581,Asher Walsh,asher.walsh581@example.com,France,2026-08-07,Basic,124.16
582,Nora York,nora.york582@example.com,United States,2023-03-22,Standard,232.08
583,Jade Dunn,jade.dunn583@example.com,Australia,2022-01-01,Basic,48.07
584,Felix Nash,felix.nash584@example.com,United Kingdom,2025-06-14,Standard,636.10
585,Ivy Blair,ivy.blair585@example.com,United Kingdom,2025-03-13,Basic,99.79
586,Arlo Zane,arlo.zane586@example.com,Mexico,2023-12-07,Standard,167.03
587,Sadie Hart,sadie.hart587@example.com,Germany,2022-09-19,Standard,435.59
588,Noah Moss,noah.moss588@example.com,Spain,2022-01-02,Basic,183.51
589,Wren Moss,wren.moss589@example.com,United Kingdom,2022-03-05,Premium,1733.34
590,Miles Kerr,miles.kerr590@example.com,Australia,2025-12-28,Standard,551.73
591,Ella Pike,ella.pike591@example.com,United States,2022-12-22,Standard,672.42
592,Zoe Blair,zoe.blair592@example.com,Japan,2024-01-08,Standard,596.87
593,Zoe Frost,zoe.frost593@example.com,India,2022-10-03,Basic,3.80
594,Mia Gray,mia.gray594@example.com,India,2024-09-23,Premium,3949.43
595,Miles Nash,miles.nash595@example.com,Australia,2024-05-01,Premium,2890.90
596,Jade Snow,jade.snow596@example.com,Netherlands,2025-06-30,Basic,58.91
597,Chloe Bell,chloe.bell597@example.com,Japan,2024-02-27,Standard,515.70
598,Owen Reed,owen.reed598@example.com,United States,2024-10-17,Standard,360.31
599,Iris Bell,iris.bell599@example.com,Netherlands,2025-03-26,Standard,530.99
600,Noah Brooks,noah.brooks600@example.com,India,2022-08-20,Standard,681.15
601,Iris Quinn,iris.quinn601@example.com,India,2026-03-18,Standard,416.24
602,Chloe Bell,chloe.bell602@example.com,Brazil,2022-07-01,Premium,1785.71
603,Jonah Gray,jonah.gray603@example.com,Spain,2022-06-09,Basic,176.68
604,Silas Dunn,silas.dunn604@example.com,United States,2023-12-05,Standard,751.27
605,Mila Hart,mila.hart605@example.com,Germany,2024-08-18,Standard,484.52
606,Miles Moss,miles.moss606@example.com,Japan,2023-08-16,Basic,54.88
607,Noah Kerr,noah.kerr607@example.com,India,2026-01-28,Basic,184.71
608,Ruby Brooks,ruby.brooks608@example.com,France,2025-03-19,Standard,117.65
609,Felix Frost,felix.frost609@example.com,Australia,2023-08-11,Basic,158.84
610,Mia Nash,mia.nash610@example.com,Brazil,2023-07-24,Standard,380.36
611,Zoe Finn,zoe.finn611@example.com,Brazil,2022-01-30,Standard,196.21
612,Asher Reed,asher.reed612@example.com,India,2025-09-11,Basic,146.35
613,Leo Snow,leo.snow613@example.com,India,2023-04-29,Standard,685.59
614,Ethan Snow,ethan.snow614@example.com,United States,2022-06-22,Standard,240.14
615,Asher Zane,asher.zane615@example.com,Japan,2026-03-22,Basic,135.31
616,Mila Pike,mila.pike616@example.com,Canada,2025-07-29,Standard,269.26
617,Ivy Dunn,ivy.dunn617@example.com,United Kingdom,2025-08-08,Basic,86.63
618,Mila Tate,mila.tate618@example.com,United States,2024-03-27,Premium,2996.82
619,Caleb York,caleb.york619@example.com,India,2024-12-26,Basic,76.56
620,Ella Hale,ella.hale620@example.com,Germany,2022-10-25,Basic,173.81
621,Nico Shaw,nico.shaw621@example.com,Netherlands,2024-07-08,Premium,2502.80
622,Felix Lane,felix.lane622@example.com,India,2022-03-26,Basic,31.90
623,Arlo Cruz,arlo.cruz623@example.com,Spain,2024-06-03,Standard,407.28
624,Nora Drew,nora.drew624@example.com,United States,2025-09-02,Standard,562.69
625,Chloe Park,chloe.park625@example.com,United States,2025-10-08,Basic,192.91
626,Mila Blair,mila.blair626@example.com,India,2023-01-04,Standard,460.60
627,Theo Hart,theo.hart627@example.com,Japan,2022-01-25,Basic,134.75
628,Liam Bell,liam.bell628@example.com,Canada,2023-03-26,Premium,4302.40
629,Caleb Drew,caleb.drew629@example.com,United States,2022-07-08,Standard,124.55
630,Asher Hale,asher.hale630@example.com,United States,2025-05-12,Basic,39.90
631,Iris Walsh,iris.walsh631@example.com,France,2024-02-09,Premium,3941.39
632,Mila Young,mila.young632@example.com,Japan,2023-01-14,Standard,195.28
633,Iris Reed,iris.reed633@example.com,Germany,2022-06-05,Standard,644.33
634,Arlo Drew,arlo.drew634@example.com,India,2025-09-29,Basic,105.97
635,Ruby Reed,ruby.reed635@example.com,United States,2022-05-08,Basic,125.43
636,Ella Lane,ella.lane636@example.com,United States,2026-07-23,Basic,86.72
637,Ethan Vale,ethan.vale637@example.com,Mexico,2023-02-15,Premium,3699.73
638,Ella Reed,ella.reed638@example.com,United States,2025-01-12,Standard,615.25
639,Ivy Finn,ivy.finn639@example.com,Netherlands,2026-01-05,Standard,389.47
640,Liam Brooks,liam.brooks640@example.com,France,2023-05-29,Premium,4574.96
641,Chloe Hart,chloe.hart641@example.com,United States,2025-08-04,Basic,0.28
642,Arlo Brooks,arlo.brooks642@example.com,United States,2025-12-04,Basic,108.07
643,Jade Pike,jade.pike643@example.com,Germany,2026-04-28,Standard,693.14
644,Jonah Shaw,jonah.shaw644@example.com,India,2026-07-22,Standard,141.88
645,Theo Cole,theo.cole645@example.com,Spain,2026-08-03,Premium,4588.55
646,Jonah Walsh,jonah.walsh646@example.com,Netherlands,2024-01-06,Standard,487.04
647,Felix Frost,felix.frost647@example.com,Australia,2025-08-18,Standard,168.83
648,Leo Cruz,leo.cruz648@example.com,United Kingdom,2024-07-30,Basic,95.01
649,Piper Blair,piper.blair649@example.com,United States,2024-02-26,Standard,300.35
650,Caleb Kerr,caleb.kerr650@example.com,United States,2025-11-11,Standard,520.89
651,Jonah Quinn,jonah.quinn651@example.com,Canada,2023-01-24,Basic,45.85
652,Noah Blair,noah.blair652@example.com,Mexico,2023-05-04,Premium,3064.98
653,Ella Quinn,ella.quinn653@example.com,Australia,2024-10-20,Basic,174.96
654,Wren Snow,wren.snow654@example.com,Mexico,2022-03-17,Standard,494.70
655,Noah Lane,noah.lane655@example.com,United States,2022-08-31,Basic,69.36
656,Silas Gray,silas.gray656@example.com,Canada,2025-10-20,Basic,175.82
657,Zoe Lang,zoe.lang657@example.com,Netherlands,2022-03-17,Standard,235.58
658,Jonah Gray,jonah.gray658@example.com,Netherlands,2025-06-20,Premium,740.13
659,Owen Kerr,owen.kerr659@example.com,United States,2025-07-19,Standard,115.48
660,Jade Frost,jade.frost660@example.com,United States,2025-06-05,Basic,55.93
661,Wren Dunn,wren.dunn661@example.com,Japan,2022-08-22,Premium,3106.46
662,Asher Snow,asher.snow662@example.com,United States,2023-02-20,Standard,608.64
663,Nora Snow,nora.snow663@example.com,India,2024-04-03,Basic,106.24
664,Liam Hale,liam.hale664@example.com,United States,2026-06-13,Standard,329.48
665,Mila Brooks,mila.brooks665@example.com,United Kingdom,2022-09-05,Standard,408.99
666,Zoe Park,zoe.park666@example.com,India,2025-02-07,Standard,266.27
667,Chloe Cole,chloe.cole667@example.com,United States,2022-07-24,Basic,123.25
668,Mila Reed,mila.reed668@example.com,Germany,2022-01-14,Premium,537.87
669,Ethan Zane,ethan.zane669@example.com,Australia,2023-08-05,Premium,2682.20
670,Iris Snow,iris.snow670@example.com,Germany,2022-09-17,Basic,67.55
671,Zoe Gray,zoe.gray671@example.com,Canada,2023-05-05,Standard,278.78
672,Asher Kerr,asher.kerr672@example.com,United States,2024-10-20,Premium,3708.90
673,Mia Gray,mia.gray673@example.com,United Kingdom,2024-05-07,Basic,1.49
674,Theo Cole,theo.cole674@example.com,Mexico,2022-07-15,Standard,524.35
675,Nico Park,nico.park675@example.com,Germany,2024-08-08,Basic,68.19
676,Ruby Brooks,ruby.brooks676@example.com,Japan,2025-11-04,Standard,671.82
677,Jonah Reed,jonah.reed677@example.com,Netherlands,2022-04-21,Standard,527.35
678,Caleb Blair,caleb.blair678@example.com,United Kingdom,2026-07-07,Standard,643.94
679,Noah Walsh,noah.walsh679@example.com,Netherlands,2022-12-27,Basic,51.78
680,Silas Hart,silas.hart680@example.com,United States,2023-04-27,Standard,633.03
681,Sadie Dunn,sadie.dunn681@example.com,United States,2025-10-18,Standard,476.88
682,Owen Park,owen.park682@example.com,United States,2023-05-01,Premium,4367.92
683,Miles West,miles.west683@example.com,Brazil,2022-05-31,Standard,667.33
684,Sadie York,sadie.york684@example.com,Canada,2023-03-19,Premium,3695.18
685,Chloe Reed,chloe.reed685@example.com,United States,2026-01-14,Standard,304.48
686,Piper Moss,piper.moss686@example.com,United States,2022-09-18,Basic,10.51
687,Iris Dunn,iris.dunn687@example.com,United States,2024-08-11,Premium,2904.27
688,Miles Reed,miles.reed688@example.com,United States,2023-08-28,Basic,197.79
689,Ethan Snow,ethan.snow689@example.com,Spain,2022-12-15,Basic,189.43
690,Theo West,theo.west690@example.com,Canada,2024-12-04,Standard,691.22
691,Nico Blair,nico.blair691@example.com,Japan,2023-07-26,Standard,69.01
692,Hugo Shaw,hugo.shaw692@example.com,United States,2023-11-02,Basic,142.29
693,Sadie Cole,sadie.cole693@example.com,France,2022-11-02,Basic,187.99
694,Jade Hart,jade.hart694@example.com,United States,2024-08-21,Standard,710.88
695,Noah Shaw,noah.shaw695@example.com,Germany,2026-06-23,Standard,178.44
696,Chloe York,chloe.york696@example.com,France,2022-01-26,Standard,582.96
697,Ivy Nash,ivy.nash697@example.com,United States,2022-07-05,Standard,70.87
698,Jonah Hale,jonah.hale698@example.com,India,2025-03-14,Standard,81.99
699,Chloe Vale,chloe.vale699@example.com,Brazil,2024-04-10,Basic,60.60
700,Silas West,silas.west700@example.com,Germany,2025-07-21,Standard,51.78
701,Nico Gray,nico.gray701@example.com,Brazil,2023-11-13,Premium,3283.55
702,Noah Frost,noah.frost702@example.com,United States,2025-06-08,Standard,760.98
703,Sadie Snow,sadie.snow703@example.com,India,2025-06-24,Standard,490.00
704,Hugo Zane,hugo.zane704@example.com,Spain,2025-10-13,Premium,2408.35
705,Jade Brooks,jade.brooks705@example.com,United Kingdom,2025-06-21,Premium,714.29
706,Leo Moss,leo.moss706@example.com,France,2022-05-18,Standard,784.99
707,Iris Park,iris.park707@example.com,Mexico,2023-05-04,Standard,757.30
708,Liam Gray,liam.gray708@example.com,Netherlands,2025-04-03,Standard,324.98
709,Mila Lang,mila.lang709@example.com,United Kingdom,2023-07-02,Basic,165.00
710,Felix Shaw,felix.shaw710@example.com,United States,2023-12-09,Standard,642.98
711,Jonah Bell,jonah.bell711@example.com,United States,2025-12-24,Standard,747.17
712,Felix Tate,felix.tate712@example.com,United Kingdom,2025-06-25,Standard,532.53
713,Silas Hale,silas.hale713@example.com,Japan,2022-05-15,Basic,61.71
714,Jade Young,jade.young714@example.com,United States,2023-01-02,Standard,427.97
715,Mia Walsh,mia.walsh715@example.com,United States,2022-10-31,Standard,700.54
716,Zoe West,zoe.west716@example.com,Spain,2022-02-16,Standard,434.26
717,Miles Hale,miles.hale717@example.com,United States,2023-12-12,Standard,600.67
718,Chloe Lang,chloe.lang718@example.com,United Kingdom,2022-05-09,Standard,78.88
719,Nico Snow,nico.snow719@example.com,Spain,2025-08-13,Standard,490.24
720,Miles Dunn,miles.dunn720@example.com,Australia,2023-10-31,Standard,687.20
721,Sadie Hale,sadie.hale721@example.com,Japan,2024-06-30,Basic,150.07
722,Caleb Dunn,caleb.dunn722@example.com,India,2022-12-18,Standard,390.79
723,Owen York,owen.york723@example.com,United Kingdom,2022-04-07,Standard,244.43
724,Leo Frost,leo.frost724@example.com,United States,2022-11-26,Standard,751.65
725,Caleb Reed,caleb.reed725@example.com,Japan,2025-11-19,Basic,50.29
726,Ethan Cole,ethan.cole726@example.com,Mexico,2025-03-22,Premium,1163.08
727,Chloe Drew,chloe.drew727@example.com,United States,2025-12-19,Standard,95.46
728,Felix Lane,felix.lane728@example.com,United States,2024-07-07,Basic,176.90
729,Ethan Cruz,ethan.cruz729@example.com,Netherlands,2024-04-08,Standard,704.59
730,Mila Nash,mila.nash730@example.com,Netherlands,2022-11-16,Basic,1.40
731,Hugo Cruz,hugo.cruz731@example.com,United Kingdom,2025-12-15,Basic,96.84
732,Jonah Young,jonah.young732@example.com,Spain,2025-03-20,Standard,242.78
733,Silas Dunn,silas.dunn733@example.com,Netherlands,2023-11-25,Basic,36.80
734,Hugo York,hugo.york734@example.com,United States,2025-02-02,Basic,38.29
735,Caleb Hart,caleb.hart735@example.com,Japan,2024-07-02,Standard,518.44
736,Mia Lane,mia.lane736@example.com,Australia,2025-04-09,Premium,3260.02
737,Owen Snow,owen.snow737@example.com,United States,2022-02-16,Basic,27.39
738,Theo West,theo.west738@example.com,India,2022-06-28,Standard,720.81
739,Ella Blair,ella.blair739@example.com,France,2024-11-13,Standard,123.46
740,Arlo Hale,arlo.hale740@example.com,United States,2024-05-25,Standard,534.48
741,Ella Moss,ella.moss741@example.com,United Kingdom,2023-09-23,Premium,2836.10
742,Nico Cruz,nico.cruz742@example.com,India,2024-06-28,Premium,4387.74
743,Miles Snow,miles.snow743@example.com,United States,2026-01-30,Standard,605.52
744,Hugo Young,hugo.young744@example.com,Japan,2025-05-09,Standard,162.82
745,Zoe Blair,zoe.blair745@example.com,Mexico,2024-12-11,Standard,489.63
746,Mia Zane,mia.zane746@example.com,India,2022-07-01,Basic,2.16
747,Miles Gray,miles.gray747@example.com,Canada,2025-02-12,Basic,151.42
748,Iris Dunn,iris.dunn748@example.com,United States,2023-01-16,Basic,125.09
749,Caleb Cruz,caleb.cruz749@example.com,Japan,2023-09-11,Standard,448.34
750,Jonah Cruz,jonah.cruz750@example.com,United States,2026-06-09,Basic,0.80
751,Zoe Drew,zoe.drew751@example.com,Australia,2025-07-27,Standard,669.36
752,Liam Gray,liam.gray752@example.com,United Kingdom,2023-01-03,Basic,161.18
753,Arlo Kerr,arlo.kerr753@example.com,United States,2026-04-16,Standard,413.35
754,Jonah Quinn,jonah.quinn754@example.com,United Kingdom,2024-09-11,Standard,791.30
755,Miles West,miles.west755@example.com,India,2025-11-22,Standard,206.74
756,Leo Bell,leo.bell756@example.com,United States,2023-06-16,Basic,53.36
757,Sadie Brooks,sadie.brooks757@example.com,Germany,2025-11-20,Standard,227.59
758,Leo Reed,leo.reed758@example.com,United Kingdom,2025-07-27,Premium,2366.38
759,Noah Frost,noah.frost759@example.com,Australia,2022-06-07,Standard,723.53
760,Ivy Park,ivy.park760@example.com,India,2025-05-11,Standard,269.06
761,Theo Lane,theo.lane761@example.com,Japan,2025-11-03,Basic,98.65
762,Ruby Hale,ruby.hale762@example.com,United Kingdom,2024-12-30,Basic,190.06
763,Leo Tate,leo.tate763@example.com,United States,2023-07-31,Standard,538.91
764,Mila York,mila.york764@example.com,Netherlands,2022-11-30,Standard,184.24
765,Ivy Nash,ivy.nash765@example.com,Japan,2026-06-17,Standard,782.24
766,Asher Kerr,asher.kerr766@example.com,Germany,2024-12-25,Basic,180.58
767,Iris Park,iris.park767@example.com,Canada,2022-06-06,Basic,38.19
768,Wren Nash,wren.nash768@example.com,Germany,2023-10-01,Basic,118.80
769,Zoe Tate,zoe.tate769@example.com,Mexico,2024-12-07,Standard,498.32
770,Ethan Kerr,ethan.kerr770@example.com,India,2022-08-31,Standard,341.44
771,Zoe West,zoe.west771@example.com,India,2023-09-22,Basic,41.07
772,Ivy Nash,ivy.nash772@example.com,Canada,2026-04-12,Basic,36.60
773,Mia Hart,mia.hart773@example.com,India,2022-03-29,Basic,64.34
774,Liam Brooks,liam.brooks774@example.com,Germany,2022-05-02,Basic,153.70
775,Liam Zane,liam.zane775@example.com,United States,2025-09-29,Standard,63.46
776,Mila Walsh,mila.walsh776@example.com,Netherlands,2023-02-25,Basic,192.54
777,Jade Blair,jade.blair777@example.com,United Kingdom,2022-07-05,Standard,240.78
778,Nico Lang,nico.lang778@example.com,Spain,2023-12-14,Basic,115.40
779,Ethan West,ethan.west779@example.com,India,2023-05-11,Standard,711.79
780,Sadie Quinn,sadie.quinn780@example.com,France,2022-01-29,Premium,3272.63
781,Ivy Kerr,ivy.kerr781@example.com,United Kingdom,2026-03-25,Standard,754.02
782,Ava Lang,ava.lang782@example.com,United States,2024-10-29,Premium,4963.24
783,Iris York,iris.york783@example.com,France,2024-06-19,Standard,190.67
784,Ethan Tate,ethan.tate784@example.com,United Kingdom,2023-03-15,Standard,724.03
785,Owen Shaw,owen.shaw785@example.com,Mexico,2022-09-11,Premium,2942.66
786,Liam Bell,liam.bell786@example.com,India,2025-12-14,Standard,427.84
787,Theo Lang,theo.lang787@example.com,United Kingdom,2022-08-25,Premium,2517.36
788,Caleb Vale,caleb.vale788@example.com,United Kingdom,2024-06-28,Standard,346.05
789,Theo Shaw,theo.shaw789@example.com,Brazil,2023-01-22,Standard,141.23
790,Jade Tate,jade.tate790@example.com,Netherlands,2024-01-23,Basic,58.75
791,Ava Hale,ava.hale791@example.com,United States,2024-06-16,Standard,735.06
792,Felix Hale,felix.hale792@example.com,United States,2024-03-31,Premium,4143.99
793,Sadie Walsh,sadie.walsh793@example.com,Brazil,2022-12-12,Basic,21.20
794,Leo Blair,leo.blair794@example.com,France,2024-04-07,Standard,210.90
795,Owen Tate,owen.tate795@example.com,Germany,2026-04-16,Standard,407.79
796,Mila Snow,mila.snow796@example.com,Spain,2023-12-31,Basic,155.91
797,Felix Finn,felix.finn797@example.com,Mexico,2024-11-13,Basic,91.38
798,Zoe Park,zoe.park798@example.com,United States,2024-09-29,Standard,701.78
799,Owen Gray,owen.gray799@example.com,United States,2026-02-20,Basic,17.31
800,Wren Quinn,wren.quinn800@example.com,United States,2023-01-02,Standard,551.52
801,Asher Hale,asher.hale801@example.com,United Kingdom,2025-06-30,Standard,176.26
802,Mila Quinn,mila.quinn802@example.com,Germany,2024-10-05,Basic,152.70
803,Ivy Frost,ivy.frost803@example.com,Germany,2023-06-20,Basic,177.74
804,Nora Snow,nora.snow804@example.com,France,2026-04-14,Basic,10.35
805,Miles Young,miles.young805@example.com,Canada,2023-10-07,Basic,123.31
806,Chloe Vale,chloe.vale806@example.com,United States,2025-09-12,Premium,4586.20
807,Caleb Young,caleb.young807@example.com,Germany,2022-10-03,Basic,102.38
808,Iris Pike,iris.pike808@example.com,United States,2025-10-14,Standard,692.97
809,Felix Cruz,felix.cruz809@example.com,France,2024-09-01,Basic,184.23
810,Nico Reed,nico.reed810@example.com,Canada,2024-10-10,Standard,545.18
811,Asher Hale,asher.hale811@example.com,Mexico,2023-10-19,Standard,130.50
812,Ava Dunn,ava.dunn812@example.com,Japan,2023-12-16,Premium,4744.39
813,Hugo Dunn,hugo.dunn813@example.com,Brazil,2023-11-30,Premium,2495.30
814,Liam Shaw,liam.shaw814@example.com,United Kingdom,2023-12-21,Standard,123.98
815,Felix Cole,felix.cole815@example.com,Australia,2025-04-28,Standard,161.33
816,Arlo Kerr,arlo.kerr816@example.com,United Kingdom,2023-11-23,Premium,1390.13
817,Ava Cruz,ava.cruz817@example.com,Germany,2024-05-15,Standard,794.55
818,Lila Young,lila.young818@example.com,United States,2024-08-19,Standard,79.14
819,Nora Pike,nora.pike819@example.com,United Kingdom,2022-07-20,Standard,690.10
820,Liam Kerr,liam.kerr820@example.com,United Kingdom,2024-10-26,Basic,111.26
821,Ethan Finn,,Spain,2023-02-18,Standard,701.36
822,Piper West,piper.west822@example.com,United States,2025-01-02,Basic,70.14
823,Caleb Drew,caleb.drew823@example.com,Mexico,2024-04-03,Premium,4718.43
824,Owen Finn,owen.finn824@example.com,United States,2025-03-30,Basic,31.04
825,Sadie Lane,sadie.lane825@example.com,France,2024-12-23,Standard,672.94
826,Miles Blair,miles.blair826@example.com,United States,2026-08-15,Standard,445.63
827,Lila Snow,lila.snow827@example.com,Australia,2023-10-04,Standard,312.24
828,Miles Pike,miles.pike828@example.com,Germany,2025-10-07,Standard,767.70
829,Ethan Young,ethan.young829@example.com,India,2023-01-18,Premium,3524.32
830,Jonah Blair,jonah.blair830@example.com,Japan,2024-08-15,Basic,87.79
831,Arlo Gray,arlo.gray831@example.com,Australia,2026-04-25,Standard,618.49
832,Arlo Dunn,arlo.dunn832@example.com,United States,2023-02-15,Basic,119.36
833,Chloe Nash,chloe.nash833@example.com,India,2026-04-17,Standard,443.57
834,Nico Shaw,nico.shaw834@example.com,Brazil,2022-05-12,Standard,316.80
835,Nico Shaw,nico.shaw835@example.com,United Kingdom,2022-11-25,Standard,386.12
836,Felix Finn,felix.finn836@example.com,United States,2022-11-04,Standard,301.54
837,Ava Cole,ava.cole837@example.com,United Kingdom,2024-09-21,Basic,183.44
838,Miles Shaw,miles.shaw838@example.com,United States,2022-11-23,Standard,407.44
839,Zoe Hart,zoe.hart839@example.com,Japan,2025-09-10,Standard,771.82
840,Ethan Gray,ethan.gray840@example.com,Spain,2024-09-22,Basic,6.52
841,Noah West,noah.west841@example.com,United Kingdom,2023-09-03,Basic,20.83
842,Jade Shaw,jade.shaw842@example.com,India,2022-07-04,Basic,130.05
843,Wren Lang,wren.lang843@example.com,United States,2025-03-15,Basic,163.92
844,Arlo Walsh,arlo.walsh844@example.com,Japan,2026-05-07,Standard,738.46
845,Ruby York,ruby.york845@example.com,United States,2022-09-08,Basic,102.69
846,Nora Tate,nora.tate846@example.com,Canada,2026-03-13,Standard,359.24
847,Arlo Shaw,arlo.shaw847@example.com,United States,2023-03-15,Standard,409.85
848,Chloe Shaw,chloe.shaw848@example.com,France,2024-10-01,Standard,749.22
849,Leo Kerr,leo.kerr849@example.com,United Kingdom,2024-05-17,Basic,155.60
850,Felix Cole,felix.cole850@example.com,Brazil,2022-10-24,Basic,118.94
851,Jonah Kerr,jonah.kerr851@example.com,United Kingdom,2025-08-14,Standard,95.62
852,Wren Lang,wren.lang852@example.com,Spain,2025-11-15,Basic,78.53
853,Ruby Cruz,ruby.cruz853@example.com,Australia,2025-12-05,Standard,525.60
854,Jade Snow,jade.snow854@example.com,Germany,2023-04-30,Basic,144.96
855,Ella Hart,ella.hart855@example.com,Canada,2023-06-08,Basic,98.59
856,Mia Zane,mia.zane856@example.com,United States,2023-03-07,Basic,52.50
857,Arlo Vale,arlo.vale857@example.com,Brazil,2026-04-20,Standard,582.53
858,Silas Brooks,silas.brooks858@example.com,United States,2026-05-16,Standard,694.47
859,Jonah Lang,jonah.lang859@example.com,Japan,2026-01-09,Standard,603.60
860,Jade Zane,jade.zane860@example.com,Japan,2025-12-01,Basic,85.51
861,Lila Quinn,lila.quinn861@example.com,France,2026-07-24,Standard,767.91
862,Hugo Lane,hugo.lane862@example.com,United States,2022-04-17,Standard,290.83
863,Piper Vale,piper.vale863@example.com,United States,2024-03-31,Basic,65.56
864,Piper Frost,piper.frost864@example.com,United States,2022-11-20,Standard,377.16
865,Lila Kerr,lila.kerr865@example.com,Japan,2026-04-12,Basic,42.62
866,Nico Finn,nico.finn866@example.com,Japan,2023-10-17,Basic,147.94
867,Jonah West,jonah.west867@example.com,United States,2025-11-08,Basic,194.32
868,Wren Lane,wren.lane868@example.com,United States,2024-04-28,Basic,120.45
869,Ethan Pike,ethan.pike869@example.com,Spain,2025-03-14,Basic,73.55
870,Ava Hart,ava.hart870@example.com,Australia,2025-07-07,Basic,74.94
871,Arlo Quinn,arlo.quinn871@example.com,United States,2025-12-07,Basic,55.29
872,Noah Pike,noah.pike872@example.com,France,2022-11-02,Standard,166.73
873,Leo Reed,leo.reed873@example.com,United States,2026-01-11,Basic,172.30
874,Miles Park,miles.park874@example.com,Canada,2025-10-11,Basic,161.92
875,Liam Cole,liam.cole875@example.com,United States,2026-07-24,Basic,87.22
876,Caleb Lang,caleb.lang876@example.com,United States,2023-02-28,Standard,332.54
877,Wren Frost,wren.frost877@example.com,United States,2023-01-05,Basic,133.86
878,Silas Nash,silas.nash878@example.com,Mexico,2023-04-28,Premium,3738.42
879,Chloe Zane,chloe.zane879@example.com,France,2025-08-18,Standard,650.52
880,Mia Hart,mia.hart880@example.com,Brazil,2025-11-20,Standard,571.08
881,Felix Blair,felix.blair881@example.com,India,2026-02-16,Basic,195.68
882,Ruby Quinn,ruby.quinn882@example.com,United States,2023-11-13,Premium,1731.24
883,Jonah Zane,jonah.zane883@example.com,France,2025-10-05,Standard,109.65
884,Ava Drew,ava.drew884@example.com,Canada,2024-03-19,Standard,536.14
885,Zoe Young,zoe.young885@example.com,France,2023-06-18,Standard,272.64
886,Lila York,lila.york886@example.com,Brazil,2022-09-28,Basic,29.37
887,Nora Kerr,nora.kerr887@example.com,United States,2022-08-28,Standard,460.60
888,Noah Nash,noah.nash888@example.com,Mexico,2023-07-30,Standard,522.63
889,Arlo Shaw,arlo.shaw889@example.com,Brazil,2025-06-09,Standard,395.71
890,Lila Lane,lila.lane890@example.com,United States,2026-02-18,Standard,693.92
891,Mila Nash,mila.nash891@example.com,Netherlands,2025-07-27,Standard,626.70
892,Noah Blair,noah.blair892@example.com,United States,2022-03-15,Standard,666.36
893,Ruby Reed,ruby.reed893@example.com,Canada,2024-10-10,Basic,13.36
894,Chloe Moss,chloe.moss894@example.com,France,2024-07-26,Basic,161.54
895,Liam West,liam.west895@example.com,United States,2023-12-17,Basic,30.66
896,Ivy West,ivy.west896@example.com,Japan,2026-03-16,Standard,716.81
897,Wren Drew,wren.drew897@example.com,Australia,2023-03-11,Standard,55.40
898,Lila Park,lila.park898@example.com,Canada,2022-06-07,Standard,372.64
899,Mila York,mila.york899@example.com,Brazil,2022-02-23,Basic,93.15
900,Felix Hale,felix.hale900@example.com,United Kingdom,2022-08-06,Standard,474.06
901,Zoe Hart,zoe.hart901@example.com,Japan,2025-09-12,Premium,3015.82
902,Chloe Gray,chloe.gray902@example.com,France,2022-01-12,Basic,107.94
903,Noah Gray,noah.gray903@example.com,Canada,2026-02-07,Standard,796.00
904,Zoe Blair,zoe.blair904@example.com,Japan,2023-08-03,Basic,105.89
905,Silas Brooks,silas.brooks905@example.com,France,2025-05-18,Basic,124.97
906,Mia Pike,mia.pike906@example.com,United States,2026-04-28,Standard,572.86
907,Mia Hart,mia.hart907@example.com,United States,2026-05-16,Basic,131.85
908,Caleb Gray,caleb.gray908@example.com,Australia,2022-09-04,Basic,97.82
909,Jonah Snow,jonah.snow909@example.com,Japan,2023-09-28,Standard,222.08
910,Leo Hale,leo.hale910@example.com,United Kingdom,2023-02-14,Premium,3067.03
911,Chloe Young,chloe.young911@example.com,United States,2025-05-14,Standard,604.52
912,Mia Park,mia.park912@example.com,United Kingdom,2023-01-17,Standard,618.99
913,Piper Shaw,piper.shaw913@example.com,Germany,2024-08-07,Premium,4046.49
914,Owen Gray,owen.gray914@example.com,United States,2024-10-11,Basic,172.77
915,Piper Gray,piper.gray915@example.com,United Kingdom,2024-06-14,Standard,153.78
916,Arlo Snow,arlo.snow916@example.com,United States,2022-09-19,Standard,443.75
917,Wren Cole,wren.cole917@example.com,United Kingdom,2022-04-08,Standard,772.19
918,Mia Zane,mia.zane918@example.com,United States,2024-05-20,Premium,2665.41
919,Liam Vale,liam.vale919@example.com,France,2023-06-03,Basic,116.47
920,Ruby Dunn,ruby.dunn920@example.com,Germany,2022-08-22,Premium,4382.43
921,Felix Vale,felix.vale921@example.com,United States,2024-03-15,Standard,109.32
922,Mia Shaw,mia.shaw922@example.com,United Kingdom,2025-04-17,Basic,149.09
923,Mila Hale,mila.hale923@example.com,Japan,2023-12-01,Standard,295.35
924,Ivy Reed,ivy.reed924@example.com,Mexico,2023-06-16,Premium,4030.60
925,Liam Shaw,liam.shaw925@example.com,United States,2022-08-27,Standard,67.43
926,Ethan Gray,ethan.gray926@example.com,India,2025-09-09,Standard,687.95
927,Caleb Finn,caleb.finn927@example.com,Australia,2025-11-15,Basic,129.43
928,Silas Frost,silas.frost928@example.com,United States,2023-01-26,Premium,1086.74
929,Wren Hart,wren.hart929@example.com,United States,2022-02-24,Basic,68.56
930,Jonah Gray,jonah.gray930@example.com,United States,2025-07-06,Standard,755.93
931,Ivy Quinn,ivy.quinn931@example.com,Germany,2024-08-28,Standard,602.96
932,Ava Walsh,ava.walsh932@example.com,United States,2025-12-09,Standard,633.61
933,Jonah York,jonah.york933@example.com,Canada,2023-05-12,Premium,1555.59
934,Caleb Dunn,caleb.dunn934@example.com,Canada,2023-11-15,Basic,2.58
935,Liam Gray,liam.gray935@example.com,Canada,2024-05-01,Basic,162.43
936,Hugo Dunn,hugo.dunn936@example.com,France,2023-08-19,Standard,98.51
937,Jonah Pike,jonah.pike937@example.com,France,2025-06-06,Standard,689.50
938,Owen Kerr,owen.kerr938@example.com,United States,2025-03-26,Premium,2155.96
939,Theo Quinn,theo.quinn939@example.com,Australia,2024-08-27,Standard,203.27
940,Jonah Finn,jonah.finn940@example.com,United Kingdom,2025-11-29,Basic,142.94
941,Ava Reed,ava.reed941@example.com,United States,2023-12-06,Standard,624.24
942,Owen Bell,owen.bell942@example.com,Netherlands,2023-11-26,Standard,664.02
943,Zoe Young,zoe.young943@example.com,India,2024-05-03,Standard,522.19
944,Silas York,silas.york944@example.com,Japan,2025-06-27,Basic,67.89
945,Caleb Kerr,caleb.kerr945@example.com,Australia,2022-09-22,Basic,56.78
946,Ivy Reed,ivy.reed946@example.com,United States,2024-05-01,Standard,697.13
947,Caleb Cole,caleb.cole947@example.com,United States,2022-02-07,Standard,520.26
948,Jade Drew,jade.drew948@example.com,United States,2026-08-23,Standard,709.91
949,Noah Snow,noah.snow949@example.com,Canada,2025-06-18,Premium,1688.50
950,Liam Cruz,liam.cruz950@example.com,United States,2023-11-28,Standard,515.62
951,Mila Brooks,mila.brooks951@example.com,France,2022-11-06,Basic,168.88
952,Asher Hale,asher.hale952@example.com,United States,2024-06-15,Premium,4688.99
953,Chloe Tate,chloe.tate953@example.com,Mexico,2026-05-20,Basic,199.77
954,Silas West,silas.west954@example.com,Japan,2022-03-27,Basic,166.23
955,Liam Reed,liam.reed955@example.com,Brazil,2024-01-11,Standard,255.82
956,Hugo Frost,hugo.frost956@example.com,India,2024-10-17,Basic,32.53
957,Zoe Gray,zoe.gray957@example.com,Japan,2022-09-09,Standard,314.62
958,Chloe Shaw,chloe.shaw958@example.com,United States,2026-07-16,Basic,155.21
959,Nora Frost,nora.frost959@example.com,United States,2024-02-02,Standard,593.96
960,Leo Gray,leo.gray960@example.com,United States,2026-03-24,Basic,173.55
961,Miles Snow,miles.snow961@example.com,Japan,2024-04-26,Standard,586.48
962,Jade Vale,jade.vale962@example.com,Germany,2025-10-29,Basic,118.54
963,Ava Vale,ava.vale963@example.com,United States,2026-07-10,Standard,728.09
964,Mia Quinn,mia.quinn964@example.com,Canada,2026-05-01,Standard,265.38
965,Miles Brooks,miles.brooks965@example.com,United States,2025-08-06,Standard,247.85
966,Jade Dunn,jade.dunn966@example.com,Australia,2025-12-31,Premium,4689.43
967,Felix Young,felix.young967@example.com,United Kingdom,2024-04-03,Standard,775.62
968,Nico Frost,nico.frost968@example.com,United Kingdom,2023-12-06,Basic,2.58
969,Wren Drew,wren.drew969@example.com,Australia,2022-10-28,Basic,132.36
970,Chloe Gray,chloe.gray970@example.com,France,2026-06-03,Standard,629.52
971,Iris Moss,iris.moss971@example.com,India,2024-04-08,Basic,64.64
972,Jade Frost,jade.frost972@example.com,Germany,2024-03-09,Premium,4301.60
973,Hugo Lang,hugo.lang973@example.com,Germany,2025-01-12,Basic,93.03
974,Ivy Quinn,ivy.quinn974@example.com,United Kingdom,2023-11-29,Standard,259.75
975,Ava Hart,ava.hart975@example.com,Germany,2023-06-14,Basic,79.08
976,Wren Park,wren.park976@example.com,Canada,2024-10-31,Standard,194.75
977,Hugo Brooks,hugo.brooks977@example.com,United States,2024-11-05,Basic,116.15
978,Liam Brooks,liam.brooks978@example.com,Spain,2024-07-08,Basic,97.63
979,Sadie Lang,sadie.lang979@example.com,United Kingdom,2023-04-29,Premium,4722.55
980,Hugo Dunn,hugo.dunn980@example.com,Brazil,2025-07-09,Standard,748.99
981,Nico Finn,nico.finn981@example.com,United Kingdom,2025-09-27,Standard,233.46
982,Iris Pike,iris.pike982@example.com,United States,2023-11-03,Standard,726.92
983,Sadie Blair,sadie.blair983@example.com,United Kingdom,2022-07-20,Basic,48.02
984,Iris Shaw,iris.shaw984@example.com,United States,2022-05-08,Basic,139.22
985,Jade Nash,jade.nash985@example.com,Canada,2024-01-27,Standard,739.77
986,Ella Dunn,ella.dunn986@example.com,India,2023-06-25,Standard,703.82
987,Piper Shaw,piper.shaw987@example.com,India,2024-09-29,Basic,136.61
988,Wren Reed,wren.reed988@example.com,United States,2025-12-27,Standard,649.93
989,Zoe Kerr,zoe.kerr989@example.com,Germany,2025-11-23,Standard,328.71
990,Chloe York,chloe.york990@example.com,United States,2025-02-18,Premium,2436.36
991,Arlo Walsh,arlo.walsh991@example.com,Canada,2022-09-05,Standard,534.42
992,Sadie Frost,sadie.frost992@example.com,United States,2024-01-31,Premium,2098.68
993,Leo Frost,leo.frost993@example.com,United States,2022-10-20,Standard,236.30
994,Silas Dunn,silas.dunn994@example.com,Netherlands,2023-09-17,Standard,421.56
995,Ivy Reed,ivy.reed995@example.com,Germany,2022-09-08,Basic,179.41
996,Leo Quinn,leo.quinn996@example.com,Canada,2025-03-19,Basic,101.48
997,Sadie Vale,sadie.vale997@example.com,India,2024-08-31,Basic,198.47
998,Zoe Park,zoe.park998@example.com,Australia,2026-04-09,Standard,639.73
999,Felix Vale,felix.vale999@example.com,India,2022-07-02,Standard,586.90
1000,Ella Cole,ella.cole1000@example.com,United Kingdom,2022-04-04,Basic,145.19
1001,Hugo Drew,hugo.drew1001@example.com,Brazil,2025-12-19,Standard,82.51
1002,Sadie Gray,sadie.gray1002@example.com,India,2025-02-23,Basic,40.56
1003,Piper Cruz,piper.cruz1003@example.com,Spain,2025-01-14,Premium,3524.38
1004,Mila Brooks,mila.brooks1004@example.com,Germany,2026-03-18,Basic,155.92
1005,Lila Young,lila.young1005@example.com,Australia,2024-12-25,Premium,1442.37
1006,Ava Drew,ava.drew1006@example.com,United States,2025-12-16,Basic,189.90
1007,Chloe Quinn,chloe.quinn1007@example.com,France,2024-04-02,Basic,192.96
1008,Noah York,noah.york1008@example.com,United States,2024-06-14,Basic,59.14
1009,Miles Hart,miles.hart1009@example.com,United Kingdom,2023-06-11,Basic,29.82
1010,Liam Walsh,liam.walsh1010@example.com,United Kingdom,2023-01-10,Standard,384.96
1011,Mila Quinn,mila.quinn1011@example.com,Spain,2025-10-21,Standard,271.76
1012,Noah Finn,noah.finn1012@example.com,United States,2025-12-31,Basic,19.16
1013,Caleb Pike,caleb.pike1013@example.com,United States,2023-10-26,Premium,1852.31
1014,Ella Tate,ella.tate1014@example.com,United States,2023-05-06,Basic,195.62
1015,Sadie Cole,sadie.cole1015@example.com,India,2024-02-28,Standard,200.83
1016,Ruby Brooks,ruby.brooks1016@example.com,France,2022-05-15,Standard,684.61
1017,Ava Shaw,ava.shaw1017@example.com,Netherlands,2022-02-08,Standard,402.79
1018,Theo Dunn,theo.dunn1018@example.com,United States,2025-02-10,Basic,41.14
1019,Caleb Dunn,caleb.dunn1019@example.com,United States,2025-07-26,Standard,705.92
1020,Ivy Snow,ivy.snow1020@example.com,United Kingdom,2022-12-11,Basic,80.33
1021,Theo Shaw,theo.shaw1021@example.com,France,2022-03-27,Basic,0.32
1022,Wren Vale,wren.vale1022@example.com,Australia,2025-08-30,Basic,54.84
1023,Ava Brooks,ava.brooks1023@example.com,Germany,2025-05-09,Basic,82.21
1024,Wren Hale,wren.hale1024@example.com,United Kingdom,2025-07-18,Standard,328.86
1025,Sadie Tate,sadie.tate1025@example.com,United States,2026-02-22,Standard,750.04
1026,Sadie Quinn,sadie.quinn1026@example.com,Canada,2022-09-09,Standard,233.04
1027,Hugo Cruz,hugo.cruz1027@example.com,Brazil,2023-03-08,Basic,165.41
1028,Silas Lane,silas.lane1028@example.com,Spain,2025-07-24,Basic,85.64
1029,Mila Kerr,mila.kerr1029@example.com,United States,2023-10-21,Standard,497.78
1030,Ivy Vale,ivy.vale1030@example.com,United Kingdom,2025-11-17,Basic,43.81
1031,Piper Zane,piper.zane1031@example.com,Germany,2022-01-20,Premium,4026.91
1032,Ethan Shaw,ethan.shaw1032@example.com,India,2024-09-28,Standard,564.83
1033,Theo Quinn,theo.quinn1033@example.com,Australia,2022-06-08,Basic,176.50
1034,Ava Young,ava.young1034@example.com,India,2025-10-08,Basic,40.44
1035,Leo Tate,leo.tate1035@example.com,France,2024-03-03,Standard,282.24
1036,Wren Park,wren.park1036@example.com,Mexico,2022-09-13,Basic,151.61
1037,Leo Zane,leo.zane1037@example.com,United States,2026-03-02,Standard,75.92
1038,Mila Drew,mila.drew1038@example.com,India,2023-01-28,Basic,29.48
1039,Wren Finn,wren.finn1039@example.com,Japan,2023-03-29,Standard,357.04
1040,Jonah Moss,jonah.moss1040@example.com,Germany,2025-12-12,Premium,4206.54
1041,Asher Blair,asher.blair1041@example.com,Mexico,2025-07-31,Premium,2576.63
1042,Liam West,liam.west1042@example.com,Germany,2022-12-16,Standard,773.23
1043,Ivy Hale,ivy.hale1043@example.com,India,2025-05-19,Basic,185.18
1044,Ethan Quinn,ethan.quinn1044@example.com,India,2022-09-18,Standard,390.29
1045,Arlo Dunn,arlo.dunn1045@example.com,Brazil,2026-02-01,Basic,89.89
1046,Ivy West,ivy.west1046@example.com,Mexico,2025-11-20,Basic,174.63
1047,Asher Drew,asher.drew1047@example.com,Brazil,2022-01-05,Basic,139.95
1048,Piper Hale,piper.hale1048@example.com,United States,2023-10-24,Basic,141.73
1049,Nico Shaw,nico.shaw1049@example.com,India,2024-08-13,Standard,699.55
1050,Leo Bell,leo.bell1050@example.com,Brazil,2023-04-05,Basic,15.38
1051,Ruby Zane,ruby.zane1051@example.com,Canada,2022-01-11,Standard,563.61
1052,Ivy Lane,ivy.lane1052@example.com,France,2022-02-21,Premium,4366.33
1053,Owen Kerr,owen.kerr1053@example.com,United States,2023-05-27,Standard,308.05
1054,Ethan Lane,ethan.lane1054@example.com,Australia,2022-07-18,Standard,86.53
1055,Jonah Shaw,jonah.shaw1055@example.com,France,2025-07-06,Basic,109.54
1056,Wren Drew,wren.drew1056@example.com,Germany,2023-11-29,Standard,121.34
1057,Wren Lane,wren.lane1057@example.com,United States,2022-05-30,Standard,624.78
1058,Mila Walsh,mila.walsh1058@example.com,France,2022-06-25,Standard,129.54
1059,Arlo Brooks,arlo.brooks1059@example.com,Brazil,2025-11-21,Standard,135.23
1060,Silas Nash,silas.nash1060@example.com,Japan,2022-04-23,Premium,2080.57
1061,Asher Gray,asher.gray1061@example.com,United States,2022-04-25,Standard,783.03
1062,Noah Frost,noah.frost1062@example.com,Canada,2025-06-18,Basic,134.71
1063,Owen West,owen.west1063@example.com,Australia,2022-01-22,Standard,644.29
1064,Ella Vale,ella.vale1064@example.com,Brazil,2025-06-22,Basic,33.18
1065,Nora Gray,nora.gray1065@example.com,India,2024-07-18,Basic,169.48
1066,Nora Dunn,nora.dunn1066@example.com,United States,2025-05-03,Standard,138.53
1067,Sadie Snow,sadie.snow1067@example.com,Netherlands,2022-09-16,Basic,166.75
1068,Ruby Moss,ruby.moss1068@example.com,India,2024-06-29,Standard,293.69
1069,Owen Nash,owen.nash1069@example.com,United States,2023-10-01,Basic,191.53
1070,Miles Bell,miles.bell1070@example.com,India,2023-09-30,Basic,191.25
1071,Jade Cruz,jade.cruz1071@example.com,United States,2023-09-25,Basic,197.69
1072,Nora Frost,nora.frost1072@example.com,United States,2025-04-16,Standard,239.53
1073,Noah Cole,noah.cole1073@example.com,Japan,2022-04-22,Standard,603.20
1074,Leo Blair,leo.blair1074@example.com,Australia,2023-02-17,Basic,22.41
1075,Nora Blair,nora.blair1075@example.com,India,2024-08-15,Basic,196.53
1076,Iris Lane,iris.lane1076@example.com,France,2023-11-19,Basic,98.18
1077,Miles Lane,miles.lane1077@example.com,Canada,2026-06-05,Standard,105.30
1078,Jonah Cole,jonah.cole1078@example.com,Australia,2025-11-20,Basic,75.45
1079,Chloe Finn,chloe.finn1079@example.com,Germany,2026-04-23,Standard,484.52
1080,Silas Lang,silas.lang1080@example.com,Canada,2026-08-19,Standard,58.81
1081,Leo Hart,leo.hart1081@example.com,United States,2022-08-24,Premium,1246.59
1082,Caleb Vale,caleb.vale1082@example.com,France,2026-04-17,Standard,521.74
1083,Noah Hart,noah.hart1083@example.com,United Kingdom,2023-03-25,Standard,393.40
1084,Hugo Reed,hugo.reed1084@example.com,France,2023-01-01,Standard,306.88
1085,Ava Reed,ava.reed1085@example.com,Netherlands,2022-02-12,Basic,44.97
1086,Ella Gray,ella.gray1086@example.com,United States,2023-03-07,Basic,99.96
1087,Chloe Cole,chloe.cole1087@example.com,United Kingdom,2022-12-17,Standard,740.65
1088,Silas Finn,silas.finn1088@example.com,Brazil,2022-05-14,Basic,38.82
1089,Zoe Young,zoe.young1089@example.com,Japan,2023-01-28,Basic,174.50
1090,Ella Kerr,ella.kerr1090@example.com,France,2025-07-26,Standard,370.53
1091,Arlo Brooks,arlo.brooks1091@example.com,France,2025-01-01,Basic,96.39
1092,Silas Nash,silas.nash1092@example.com,United States,2026-06-18,Standard,417.09
1093,Nico Nash,nico.nash1093@example.com,Spain,2024-09-28,Basic,68.56
1094,Hugo Quinn,hugo.quinn1094@example.com,Japan,2025-06-13,Basic,21.25
1095,Ethan Bell,ethan.bell1095@example.com,Brazil,2026-03-19,Standard,717.36
1096,Leo York,leo.york1096@example.com,United States,2025-12-30,Standard,540.05
1097,Lila Kerr,lila.kerr1097@example.com,Spain,2024-08-28,Standard,401.71
1098,Sadie Pike,sadie.pike1098@example.com,Japan,2025-08-23,Standard,97.97
1099,Ivy Cole,ivy.cole1099@example.com,Canada,2023-04-26,Basic,129.72
1100,Ivy Frost,ivy.frost1100@example.com,United Kingdom,2022-11-18,Standard,540.34
1101,Ruby Cruz,ruby.cruz1101@example.com,India,2023-08-28,Premium,2830.48
1102,Lila Moss,,United States,2024-11-15,Standard,490.89
1103,Miles Vale,miles.vale1103@example.com,Canada,2026-07-06,Standard,702.13
1104,Nora Drew,nora.drew1104@example.com,United States,2023-04-24,Standard,398.15
1105,Piper Quinn,piper.quinn1105@example.com,United States,2024-10-24,Standard,722.12
1106,Theo Gray,theo.gray1106@example.com,United States,2023-04-12,Premium,1015.94
1107,Liam Quinn,liam.quinn1107@example.com,France,2023-11-15,Standard,307.74
1108,Felix Lane,felix.lane1108@example.com,India,2026-04-23,Standard,409.74
1109,Ivy Kerr,ivy.kerr1109@example.com,United States,2026-03-21,Standard,761.88
1110,Arlo Drew,arlo.drew1110@example.com,United Kingdom,2026-08-12,Premium,2317.35
1111,Silas Pike,silas.pike1111@example.com,Japan,2026-04-01,Basic,3.89
1112,Jonah Gray,jonah.gray1112@example.com,India,2022-11-02,Standard,571.01
1113,Owen Cole,owen.cole1113@example.com,United States,2023-04-24,Basic,169.02
1114,Sadie Snow,sadie.snow1114@example.com,Germany,2026-07-26,Standard,654.76
1115,Nora Snow,nora.snow1115@example.com,Japan,2024-05-28,Premium,4537.70
1116,Iris Shaw,iris.shaw1116@example.com,Canada,2025-02-17,Standard,89.45
1117,Leo Nash,leo.nash1117@example.com,United States,2026-02-20,Standard,62.68
1118,Jonah Snow,jonah.snow1118@example.com,United Kingdom,2023-04-07,Basic,137.34
1119,Miles Hale,miles.hale1119@example.com,India,2025-11-15,Basic,176.16
1120,Caleb Lane,caleb.lane1120@example.com,France,2022-03-07,Standard,232.36
1121,Zoe Lane,zoe.lane1121@example.com,Japan,2025-05-29,Standard,562.34
1122,Ella Blair,ella.blair1122@example.com,United States,2024-03-02,Basic,61.71
1123,Jonah Walsh,jonah.walsh1123@example.com,Spain,2025-08-01,Standard,449.30
1124,Mia Reed,mia.reed1124@example.com,France,2022-03-07,Premium,4833.10
1125,Iris Finn,iris.finn1125@example.com,United States,2022-05-23,Standard,555.79
1126,Caleb Blair,caleb.blair1126@example.com,Australia,2022-05-24,Standard,645.93
1127,Noah Moss,noah.moss1127@example.com,United States,2024-04-21,Standard,562.62
1128,Ethan Walsh,ethan.walsh1128@example.com,Canada,2026-03-02,Standard,140.12
1129,Ella Young,ella.young1129@example.com,United States,2023-02-26,Basic,101.50
1130,Miles Tate,miles.tate1130@example.com,Germany,2025-05-21,Basic,188.44
1131,Caleb Dunn,caleb.dunn1131@example.com,India,2024-07-28,Standard,411.02
1132,Ivy Hart,ivy.hart1132@example.com,Canada,2026-08-16,Basic,130.82
1133,Asher Snow,asher.snow1133@example.com,United Kingdom,2025-03-11,Standard,693.50
1134,Chloe Vale,chloe.vale1134@example.com,India,2023-08-13,Standard,648.09
1135,Leo Kerr,leo.kerr1135@example.com,Japan,2024-03-11,Basic,57.38
1136,Miles Cole,miles.cole1136@example.com,Australia,2024-06-03,Standard,650.08
1137,Ella Zane,ella.zane1137@example.com,India,2022-07-15,Basic,128.95
1138,Iris Brooks,iris.brooks1138@example.com,Brazil,2023-07-15,Standard,754.82
1139,Caleb Hale,caleb.hale1139@example.com,India,2026-01-19,Basic,71.19
1140,Arlo York,arlo.york1140@example.com,India,2022-09-06,Standard,533.30
1141,Mia Park,mia.park1141@example.com,India,2023-10-30,Premium,2650.08
1142,Chloe Reed,chloe.reed1142@example.com,Germany,2024-08-04,Standard,85.01
1143,Mia Gray,mia.gray1143@example.com,India,2024-02-20,Basic,112.60
1144,Hugo Pike,hugo.pike1144@example.com,Canada,2022-01-22,Basic,82.11
1145,Liam Kerr,liam.kerr1145@example.com,United Kingdom,2026-03-14,Basic,152.12
1146,Jonah Vale,jonah.vale1146@example.com,France,2023-05-12,Premium,4241.22
1147,Chloe Nash,chloe.nash1147@example.com,United States,2022-11-27,Standard,273.59
1148,Wren Hart,wren.hart1148@example.com,United States,2022-09-12,Standard,750.78
1149,Hugo Pike,hugo.pike1149@example.com,India,2022-01-23,Standard,408.15
1150,Zoe Vale,zoe.vale1150@example.com,United States,2022-03-12,Standard,747.69
1151,Ivy Vale,ivy.vale1151@example.com,Japan,2026-07-20,Basic,171.33
1152,Piper Hale,piper.hale1152@example.com,Brazil,2024-03-10,Basic,101.03
1153,Chloe Brooks,chloe.brooks1153@example.com,United States,2024-02-12,Standard,314.42
1154,Arlo Cole,arlo.cole1154@example.com,United States,2022-07-07,Standard,71.02
1155,Miles Hart,miles.hart1155@example.com,United Kingdom,2023-01-29,Basic,20.70
1156,Owen Young,owen.young1156@example.com,Japan,2025-09-22,Premium,1380.18
1157,Hugo Reed,hugo.reed1157@example.com,Germany,2026-07-29,Premium,2215.16
1158,Nora Cruz,nora.cruz1158@example.com,Australia,2025-01-14,Standard,567.81
1159,Miles Walsh,miles.walsh1159@example.com,United States,2023-10-25,Standard,277.56
1160,Ava Pike,ava.pike1160@example.com,United States,2023-03-12,Basic,150.33
1161,Owen Quinn,owen.quinn1161@example.com,United States,2025-07-01,Basic,120.90
1162,Noah Quinn,noah.quinn1162@example.com,Canada,2026-04-21,Basic,196.23
1163,Jonah Walsh,jonah.walsh1163@example.com,Japan,2025-03-11,Basic,56.18
1164,Ruby Walsh,ruby.walsh1164@example.com,Mexico,2025-11-27,Standard,559.30
1165,Felix Zane,felix.zane1165@example.com,India,2023-11-12,Basic,57.45
1166,Piper Park,piper.park1166@example.com,United Kingdom,2025-09-26,Basic,157.98
1167,Mia Lane,mia.lane1167@example.com,Netherlands,2024-07-08,Premium,2504.72
1168,Lila Gray,lila.gray1168@example.com,Germany,2025-12-14,Basic,4.35
1169,Owen Hart,owen.hart1169@example.com,Brazil,2023-09-25,Standard,359.84
1170,Hugo Shaw,hugo.shaw1170@example.com,Australia,2022-05-03,Basic,45.07
1171,Leo York,leo.york1171@example.com,United States,2023-02-23,Standard,99.68
1172,Owen Zane,owen.zane1172@example.com,Mexico,2024-06-27,Basic,107.70
1173,Zoe Drew,zoe.drew1173@example.com,India,2022-03-23,Standard,732.71
1174,Silas Shaw,silas.shaw1174@example.com,United Kingdom,2022-02-18,Standard,350.16
1175,Nico Lang,nico.lang1175@example.com,United States,2025-01-09,Standard,120.87
1176,Arlo Zane,arlo.zane1176@example.com,United States,2025-11-08,Basic,72.89
1177,Asher West,asher.west1177@example.com,United Kingdom,2024-06-24,Standard,57.92
1178,Mia West,mia.west1178@example.com,Spain,2022-04-17,Standard,235.50
1179,Ivy Nash,ivy.nash1179@example.com,France,2026-08-30,Premium,4669.31
1180,Arlo Blair,arlo.blair1180@example.com,United States,2026-01-24,Standard,662.20
1181,Caleb Reed,caleb.reed1181@example.com,United States,2022-12-28,Basic,198.52
1182,Owen Frost,owen.frost1182@example.com,Canada,2025-07-25,Standard,313.98
1183,Ruby West,ruby.west1183@example.com,United States,2024-01-07,Basic,130.49
1184,Ella Reed,ella.reed1184@example.com,Canada,2025-06-02,Standard,618.10
1185,Mila Nash,mila.nash1185@example.com,Japan,2022-02-10,Basic,124.98
1186,Miles West,miles.west1186@example.com,Netherlands,2023-09-07,Premium,3620.47
1187,Theo Nash,theo.nash1187@example.com,United States,2024-02-19,Standard,657.71
1188,Caleb Vale,caleb.vale1188@example.com,France,2024-09-11,Standard,144.29
1189,Nora Nash,nora.nash1189@example.com,United States,2023-01-24,Basic,1.36
1190,Ava West,ava.west1190@example.com,India,2024-10-03,Standard,580.25
1191,Arlo Shaw,arlo.shaw1191@example.com,Mexico,2024-02-04,Basic,125.84
1192,Jonah Frost,jonah.frost1192@example.com,France,2024-04-17,Standard,100.89
1193,Arlo Walsh,arlo.walsh1193@example.com,France,2023-02-02,Standard,621.86
1194,Ruby Park,ruby.park1194@example.com,India,2024-11-09,Basic,160.11
1195,Piper Kerr,piper.kerr1195@example.com,United States,2024-02-29,Standard,605.79
1196,Hugo Cole,hugo.cole1196@example.com,United States,2026-07-24,Standard,523.71
1197,Piper Kerr,piper.kerr1197@example.com,India,2025-08-14,Basic,48.45
1198,Ruby Finn,ruby.finn1198@example.com,India,2023-06-05,Standard,374.29
1199,Asher Dunn,asher.dunn1199@example.com,Japan,2022-01-26,Basic,38.25
1200,Mila Quinn,mila.quinn1200@example.com,Netherlands,2024-03-25,Standard,155.31
1201,Lila Zane,lila.zane1201@example.com,Canada,2026-08-27,Standard,609.50
1202,Ruby Kerr,ruby.kerr1202@example.com,Spain,2025-09-10,Standard,551.72
1203,Sadie Frost,sadie.frost1203@example.com,India,2026-01-30,Basic,29.12
1204,Liam Gray,liam.gray1204@example.com,Japan,2026-07-26,Standard,237.05
1205,Ruby Lang,ruby.lang1205@example.com,India,2025-12-02,Standard,453.83
1206,Ava Reed,ava.reed1206@example.com,United States,2022-05-24,Basic,136.91
1207,Lila Shaw,lila.shaw1207@example.com,India,2022-12-16,Basic,57.80
1208,Leo Reed,leo.reed1208@example.com,United States,2023-01-08,Basic,164.69
1209,Liam Vale,liam.vale1209@example.com,United States,2023-02-16,Standard,127.30
1210,Hugo Reed,hugo.reed1210@example.com,United States,2024-04-17,Basic,144.41
1211,Piper Zane,piper.zane1211@example.com,Brazil,2022-12-07,Standard,154.60
1212,Caleb Quinn,caleb.quinn1212@example.com,United States,2023-12-02,Standard,88.88
1213,Sadie Cole,,India,2022-07-26,Standard,62.46
1214,Noah Drew,noah.drew1214@example.com,United States,2025-04-07,Basic,13.71
1215,Liam Blair,liam.blair1215@example.com,United States,2025-05-19,Standard,731.67
1216,Mila Drew,mila.drew1216@example.com,Germany,2023-11-22,Basic,198.04
1217,Miles Lane,miles.lane1217@example.com,Brazil,2023-10-08,Standard,364.04
1218,Leo Hale,leo.hale1218@example.com,Australia,2023-12-31,Standard,482.87
1219,Silas Walsh,silas.walsh1219@example.com,Brazil,2024-04-02,Premium,4302.24
1220,Wren Young,wren.young1220@example.com,United States,2022-09-09,Basic,173.87
1221,Ruby Kerr,ruby.kerr1221@example.com,United States,2024-07-14,Basic,155.71
1222,Lila Shaw,lila.shaw1222@example.com,United States,2025-07-30,Basic,105.57
1223,Ava Gray,ava.gray1223@example.com,United States,2026-07-12,Standard,476.67
1224,Felix Vale,felix.vale1224@example.com,Germany,2026-02-22,Standard,156.65
1225,Leo Shaw,leo.shaw1225@example.com,Spain,2024-09-02,Basic,32.91
1226,Hugo Pike,hugo.pike1226@example.com,United States,2022-10-21,Standard,731.64
1227,Jade Dunn,jade.dunn1227@example.com,India,2022-03-07,Basic,41.89
1228,Jonah Snow,jonah.snow1228@example.com,Japan,2025-01-28,Premium,2947.39
1229,Ethan Young,ethan.young1229@example.com,United States,2025-09-19,Standard,758.66
1230,Owen Cole,owen.cole1230@example.com,India,2025-09-13,Standard,167.22
1231,Liam Shaw,liam.shaw1231@example.com,United States,2023-10-31,Basic,125.66
1232,Mila Drew,mila.drew1232@example.com,United States,2024-09-02,Standard,211.34
1233,Felix Nash,felix.nash1233@example.com,Australia,2024-10-04,Basic,29.63
1234,Silas Kerr,silas.kerr1234@example.com,United States,2025-03-25,Standard,134.76
1235,Piper Lane,piper.lane1235@example.com,India,2026-02-16,Standard,550.23
1236,Piper Gray,piper.gray1236@example.com,Spain,2024-06-13,Basic,76.46
1237,Owen Drew,owen.drew1237@example.com,United States,2022-07-02,Premium,2283.82
1238,Hugo Dunn,hugo.dunn1238@example.com,India,2022-08-26,Basic,187.70
1239,Leo Nash,leo.nash1239@example.com,Spain,2025-03-27,Basic,0.55
1240,Caleb Brooks,caleb.brooks1240@example.com,United States,2024-03-05,Standard,605.35
1241,Nora Park,nora.park1241@example.com,India,2026-06-20,Standard,215.55
1242,Lila Hale,lila.hale1242@example.com,United States,2024-03-20,Standard,62.04
1243,Theo West,theo.west1243@example.com,United States,2023-08-31,Standard,336.92
1244,Jonah Hale,jonah.hale1244@example.com,France,2022-10-26,Standard,95.01
1245,Asher Lane,asher.lane1245@example.com,Mexico,2022-09-10,Standard,408.41
1246,Nico Kerr,nico.kerr1246@example.com,Australia,2023-03-18,Standard,698.83
1247,Caleb Kerr,caleb.kerr1247@example.com,United States,2026-07-18,Basic,109.16
1248,Zoe Tate,zoe.tate1248@example.com,Japan,2026-07-18,Basic,73.75
1249,Iris Lang,iris.lang1249@example.com,Brazil,2023-01-02,Premium,4991.98
1250,Jonah Lang,jonah.lang1250@example.com,Mexico,2025-09-12,Standard,258.65
1251,Ava Cruz,ava.cruz1251@example.com,Canada,2024-08-27,Standard,506.53
1252,Mila Pike,mila.pike1252@example.com,Germany,2023-08-03,Standard,420.10
1253,Iris Zane,iris.zane1253@example.com,Brazil,2024-03-17,Standard,177.55
1254,Zoe Lane,zoe.lane1254@example.com,France,2026-07-07,Basic,17.73
1255,Nico Zane,nico.zane1255@example.com,Canada,2022-12-02,Basic,189.12
1256,Zoe Vale,zoe.vale1256@example.com,United Kingdom,2022-10-24,Basic,68.73
1257,Ivy Snow,ivy.snow1257@example.com,India,2022-01-19,Basic,118.69
1258,Hugo West,hugo.west1258@example.com,India,2022-10-30,Standard,543.55
1259,Miles Hale,miles.hale1259@example.com,Netherlands,2022-07-16,Basic,116.51
1260,Jonah Reed,jonah.reed1260@example.com,United States,2024-11-21,Basic,110.91
1261,Sadie Shaw,sadie.shaw1261@example.com,Australia,2024-04-07,Basic,80.28
1262,Noah Walsh,noah.walsh1262@example.com,Germany,2025-11-09,Standard,276.08
1263,Piper Lang,piper.lang1263@example.com,India,2026-06-17,Standard,167.45
1264,Mila Vale,mila.vale1264@example.com,Australia,2023-07-18,Basic,145.85
1265,Leo Hart,leo.hart1265@example.com,United States,2024-09-28,Standard,718.13
1266,Owen Hart,owen.hart1266@example.com,Mexico,2024-09-09,Standard,408.77
1267,Iris Lang,iris.lang1267@example.com,France,2024-02-26,Premium,3038.55
1268,Piper Kerr,piper.kerr1268@example.com,France,2022-07-23,Standard,476.28
1269,Mia Kerr,mia.kerr1269@example.com,Japan,2023-01-14,Basic,132.81
1270,Wren Kerr,wren.kerr1270@example.com,France,2025-01-03,Premium,4607.66
1271,Silas Bell,silas.bell1271@example.com,Germany,2025-04-12,Standard,756.45
1272,Iris Tate,iris.tate1272@example.com,United States,2026-03-23,Basic,67.98
1273,Felix Young,felix.young1273@example.com,Brazil,2026-09-13,Premium,1443.39
1274,Ava Cruz,ava.cruz1274@example.com,United Kingdom,2022-03-22,Standard,218.84
1275,Sadie Blair,sadie.blair1275@example.com,United States,2023-06-10,Basic,11.47
1276,Mia Walsh,mia.walsh1276@example.com,United Kingdom,2025-01-19,Standard,274.92
1277,Miles Hale,miles.hale1277@example.com,United Kingdom,2024-11-29,Premium,4604.13
1278,Caleb Hale,caleb.hale1278@example.com,United States,2024-10-01,Standard,460.17
1279,Lila Zane,lila.zane1279@example.com,United Kingdom,2025-01-07,Basic,167.31
1280,Ivy Kerr,ivy.kerr1280@example.com,Japan,2023-05-01,Premium,692.59
1281,Ivy Nash,ivy.nash1281@example.com,Japan,2022-10-02,Standard,773.61
1282,Ivy Dunn,ivy.dunn1282@example.com,United States,2025-06-28,Standard,603.14
1283,Mia Cruz,mia.cruz1283@example.com,Canada,2022-12-01,Standard,574.36
1284,Chloe Quinn,chloe.quinn1284@example.com,India,2025-11-23,Basic,46.93
1285,Theo Blair,theo.blair1285@example.com,India,2025-07-20,Premium,4153.25
1286,Piper Blair,piper.blair1286@example.com,France,2025-08-19,Basic,167.58
1287,Asher Reed,asher.reed1287@example.com,United States,2026-06-02,Standard,618.36
1288,Ella Hart,ella.hart1288@example.com,United States,2023-07-08,Basic,40.83
1289,Theo Walsh,theo.walsh1289@example.com,Canada,2023-11-06,Basic,29.15
1290,Leo Zane,leo.zane1290@example.com,United States,2026-06-23,Standard,345.91
1291,Ruby Hart,ruby.hart1291@example.com,Mexico,2023-04-01,Premium,2485.12
1292,Liam Snow,liam.snow1292@example.com,United States,2026-01-31,Basic,100.45
1293,Sadie Tate,sadie.tate1293@example.com,United States,2023-12-16,Basic,187.48
1294,Nico Frost,nico.frost1294@example.com,France,2022-04-09,Standard,273.80
1295,Nora Park,nora.park1295@example.com,United Kingdom,2026-02-27,Standard,746.88
1296,Theo Finn,theo.finn1296@example.com,Canada,2025-04-28,Basic,41.80
1297,Ruby Hart,ruby.hart1297@example.com,India,2025-09-08,Basic,41.40
1298,Zoe Pike,zoe.pike1298@example.com,United States,2026-01-25,Standard,535.16
1299,Iris Park,iris.park1299@example.com,France,2025-12-18,Standard,650.03
1300,Ethan Vale,ethan.vale1300@example.com,Japan,2024-10-25,Basic,93.98
1301,Ruby Shaw,ruby.shaw1301@example.com,India,2026-07-26,Standard,349.84
1302,Caleb Gray,caleb.gray1302@example.com,Spain,2024-04-12,Basic,102.47
1303,Nico Quinn,nico.quinn1303@example.com,United States,2023-05-07,Standard,172.72
1304,Ethan Dunn,ethan.dunn1304@example.com,India,2025-02-08,Premium,3083.95
1305,Silas West,silas.west1305@example.com,Spain,2025-10-18,Premium,3166.96
1306,Arlo Lang,arlo.lang1306@example.com,Germany,2025-11-04,Standard,747.83
1307,Iris Walsh,iris.walsh1307@example.com,Australia,2026-08-30,Standard,59.55
1308,Iris Shaw,iris.shaw1308@example.com,India,2023-05-16,Basic,173.05
1309,Felix Finn,felix.finn1309@example.com,Canada,2022-12-12,Premium,4036.43
1310,Arlo Young,arlo.young1310@example.com,Netherlands,2022-12-25,Basic,24.61
1311,Leo Tate,leo.tate1311@example.com,United Kingdom,2022-04-15,Standard,604.07
1312,Jonah Pike,jonah.pike1312@example.com,Spain,2023-11-24,Standard,377.37
1313,Wren Cruz,wren.cruz1313@example.com,Brazil,2023-08-18,Basic,98.03
1314,Jonah Frost,jonah.frost1314@example.com,United States,2025-07-16,Standard,795.59
1315,Ella Blair,ella.blair1315@example.com,Netherlands,2025-08-09,Basic,168.92
1316,Wren Young,wren.young1316@example.com,Germany,2025-06-19,Premium,4947.80
1317,Jonah Brooks,jonah.brooks1317@example.com,Australia,2023-11-04,Standard,441.05
1318,Leo Walsh,leo.walsh1318@example.com,Brazil,2026-09-09,Premium,2607.99
1319,Leo Hart,leo.hart1319@example.com,Germany,2022-06-23,Premium,3273.98
1320,Lila Young,lila.young1320@example.com,United States,2024-09-25,Standard,59.05
1321,Zoe Park,zoe.park1321@example.com,United States,2024-03-20,Basic,122.65
1322,Caleb Moss,caleb.moss1322@example.com,United States,2026-07-21,Standard,403.21
1323,Liam Vale,liam.vale1323@example.com,Canada,2022-10-14,Basic,115.91
1324,Hugo Shaw,hugo.shaw1324@example.com,Brazil,2025-12-23,Premium,1540.52
1325,Liam Blair,liam.blair1325@example.com,United States,2024-05-12,Standard,484.12
1326,Jade Brooks,jade.brooks1326@example.com,United States,2024-09-08,Standard,398.38
1327,Liam Shaw,liam.shaw1327@example.com,Germany,2025-10-28,Standard,217.03
1328,Nora Park,nora.park1328@example.com,Brazil,2024-10-24,Basic,127.41
1329,Zoe Walsh,zoe.walsh1329@example.com,Japan,2022-09-16,Basic,50.96
1330,Leo Bell,leo.bell1330@example.com,India,2022-04-17,Premium,4056.29
1331,Wren Lane,,France,2022-01-17,Standard,619.28
1332,Jonah Frost,jonah.frost1332@example.com,United States,2024-05-28,Standard,374.72
1333,Asher Nash,asher.nash1333@example.com,United States,2023-07-30,Basic,37.68
1334,Nico Drew,nico.drew1334@example.com,United States,2026-08-08,Basic,140.62
1335,Ivy York,ivy.york1335@example.com,Japan,2025-12-06,Basic,164.60
1336,Asher Reed,asher.reed1336@example.com,Brazil,2025-07-12,Standard,244.93
1337,Owen Walsh,owen.walsh1337@example.com,United States,2023-01-29,Standard,241.63
1338,Miles Hart,miles.hart1338@example.com,United States,2022-04-15,Standard,548.53
1339,Miles Bell,miles.bell1339@example.com,Australia,2023-04-19,Standard,340.68
1340,Nora Shaw,nora.shaw1340@example.com,Germany,2025-08-11,Standard,117.70
1341,Caleb Walsh,caleb.walsh1341@example.com,United Kingdom,2023-12-20,Standard,597.97
1342,Owen Lane,owen.lane1342@example.com,United States,2022-01-02,Basic,17.08
1343,Felix Lang,felix.lang1343@example.com,United Kingdom,2023-07-28,Standard,182.07
1344,Miles Reed,miles.reed1344@example.com,Germany,2023-11-16,Standard,448.92
1345,Liam Walsh,liam.walsh1345@example.com,India,2026-04-27,Basic,42.69
1346,Nora Moss,nora.moss1346@example.com,United Kingdom,2026-05-14,Basic,192.97
1347,Lila Finn,lila.finn1347@example.com,Australia,2023-03-07,Standard,553.38
1348,Mia Young,mia.young1348@example.com,Australia,2025-05-17,Premium,1131.00
1349,Noah Dunn,noah.dunn1349@example.com,Brazil,2026-08-02,Basic,62.40
1350,Ivy Kerr,ivy.kerr1350@example.com,United States,2025-01-24,Standard,499.44
1351,Caleb Lang,caleb.lang1351@example.com,India,2024-12-28,Standard,251.42
1352,Noah Nash,noah.nash1352@example.com,France,2023-06-02,Standard,784.45
1353,Leo Young,leo.young1353@example.com,Australia,2022-08-29,Standard,621.63
1354,Mia York,mia.york1354@example.com,Netherlands,2024-10-28,Standard,78.67
1355,Ethan Finn,ethan.finn1355@example.com,Spain,2023-08-17,Standard,109.56
1356,Sadie Brooks,sadie.brooks1356@example.com,India,2026-02-25,Basic,130.25
1357,Jonah Hale,jonah.hale1357@example.com,Germany,2022-06-03,Standard,266.94
1358,Chloe Park,chloe.park1358@example.com,France,2024-03-10,Standard,575.40
1359,Asher Drew,asher.drew1359@example.com,United States,2025-03-17,Standard,335.48
1360,Sadie Kerr,sadie.kerr1360@example.com,Netherlands,2024-11-16,Premium,2887.82
1361,Lila Kerr,lila.kerr1361@example.com,United States,2023-03-28,Basic,97.11
1362,Iris Drew,iris.drew1362@example.com,United States,2022-04-04,Standard,749.35
1363,Owen Frost,owen.frost1363@example.com,United States,2023-07-23,Premium,1197.15
1364,Ruby West,ruby.west1364@example.com,Australia,2023-05-25,Basic,68.80
1365,Theo Walsh,theo.walsh1365@example.com,United Kingdom,2025-05-24,Premium,2435.20
1366,Nora Quinn,nora.quinn1366@example.com,Brazil,2023-06-25,Basic,43.78
1367,Miles Young,miles.young1367@example.com,United Kingdom,2022-04-28,Standard,63.64
1368,Wren Moss,wren.moss1368@example.com,Spain,2026-09-15,Standard,385.52
1369,Ava Cruz,ava.cruz1369@example.com,Brazil,2026-05-18,Basic,191.12
1370,Liam Lang,liam.lang1370@example.com,Canada,2025-09-01,Basic,84.32
1371,Nico Gray,nico.gray1371@example.com,France,2026-07-31,Standard,629.58
1372,Owen Lane,owen.lane1372@example.com,France,2026-07-13,Standard,568.34
1373,Zoe Vale,zoe.vale1373@example.com,India,2024-01-25,Standard,244.42
1374,Jade York,jade.york1374@example.com,United States,2023-01-14,Premium,4776.08
1375,Nico Reed,nico.reed1375@example.com,Germany,2026-02-02,Standard,286.46
1376,Piper Frost,piper.frost1376@example.com,United States,2022-12-30,Premium,4786.05
1377,Ella Hale,ella.hale1377@example.com,United States,2022-05-28,Standard,608.88
1378,Owen Vale,owen.vale1378@example.com,Mexico,2022-07-25,Basic,172.61
1379,Zoe Lang,zoe.lang1379@example.com,United States,2022-07-24,Basic,123.82
1380,Ella Hart,ella.hart1380@example.com,United States,2026-08-28,Premium,3878.94
1381,Arlo Brooks,arlo.brooks1381@example.com,India,2023-07-03,Standard,236.95
1382,Piper Finn,piper.finn1382@example.com,Spain,2026-06-10,Premium,1057.52
1383,Theo Lang,theo.lang1383@example.com,Brazil,2022-06-24,Basic,66.29
1384,Zoe York,zoe.york1384@example.com,Brazil,2026-07-29,Basic,53.45
1385,Caleb Lane,caleb.lane1385@example.com,United States,2025-01-18,Standard,400.56
1386,Piper Cruz,piper.cruz1386@example.com,Japan,2022-07-30,Standard,763.87
1387,Caleb Walsh,caleb.walsh1387@example.com,Japan,2022-10-18,Standard,51.58
1388,Arlo Cole,arlo.cole1388@example.com,Canada,2022-10-29,Premium,2352.36
1389,Piper Frost,piper.frost1389@example.com,Brazil,2024-02-27,Standard,197.33
1390,Jonah Reed,jonah.reed1390@example.com,United States,2023-08-01,Basic,117.08
1391,Mia Finn,mia.finn1391@example.com,United Kingdom,2022-06-23,Standard,106.81
1392,Asher Nash,asher.nash1392@example.com,Germany,2025-05-13,Standard,287.71
1393,Felix Shaw,felix.shaw1393@example.com,Australia,2023-09-10,Standard,426.18
1394,Leo Young,leo.young1394@example.com,Netherlands,2025-09-17,Premium,2435.21
1395,Arlo Drew,arlo.drew1395@example.com,India,2022-06-06,Basic,0.71
1396,Nico Zane,nico.zane1396@example.com,India,2022-10-28,Basic,104.94
1397,Zoe Pike,zoe.pike1397@example.com,Japan,2024-09-06,Standard,138.22
1398,Liam Dunn,liam.dunn1398@example.com,India,2022-10-24,Standard,168.55
1399,Nora Nash,nora.nash1399@example.com,Canada,2023-10-16,Standard,697.76
1400,Miles York,miles.york1400@example.com,Canada,2026-06-14,Basic,109.26
1401,Zoe Snow,zoe.snow1401@example.com,Netherlands,2024-02-24,Basic,137.18
1402,Theo York,theo.york1402@example.com,Germany,2025-01-03,Standard,351.61
1403,Ella Quinn,ella.quinn1403@example.com,Canada,2025-03-29,Standard,337.48
1404,Iris Quinn,iris.quinn1404@example.com,United States,2022-02-05,Standard,525.00
1405,Theo York,theo.york1405@example.com,Netherlands,2022-05-03,Basic,114.47
1406,Leo West,leo.west1406@example.com,India,2022-10-13,Basic,96.56
1407,Chloe Nash,chloe.nash1407@example.com,France,2024-05-12,Basic,79.46
1408,Ivy Tate,ivy.tate1408@example.com,India,2022-08-29,Standard,237.53
1409,Ella Lang,ella.lang1409@example.com,Spain,2024-02-01,Premium,783.55
1410,Iris Walsh,iris.walsh1410@example.com,United States,2025-05-01,Basic,51.83
1411,Ava Nash,ava.nash1411@example.com,United States,2022-06-07,Standard,66.35
1412,Sadie Tate,sadie.tate1412@example.com,United States,2023-01-09,Basic,153.93
1413,Hugo Nash,hugo.nash1413@example.com,India,2023-09-06,Basic,154.07
1414,Miles Lang,miles.lang1414@example.com,India,2025-11-24,Standard,67.31
1415,Caleb Walsh,caleb.walsh1415@example.com,Brazil,2022-03-07,Standard,277.51
1416,Lila Reed,lila.reed1416@example.com,Japan,2025-10-24,Premium,2881.82
1417,Theo Kerr,theo.kerr1417@example.com,Netherlands,2024-10-24,Basic,100.28
1418,Iris Cole,iris.cole1418@example.com,United States,2022-07-08,Standard,733.54
1419,Ella Nash,ella.nash1419@example.com,Canada,2022-04-25,Basic,71.73
1420,Ella Reed,ella.reed1420@example.com,Mexico,2025-05-24,Basic,25.29
1421,Wren Kerr,wren.kerr1421@example.com,United Kingdom,2025-08-07,Standard,580.97
1422,Wren Pike,wren.pike1422@example.com,Japan,2025-08-17,Standard,606.03
1423,Ivy Drew,ivy.drew1423@example.com,United States,2025-05-20,Premium,4583.14
1424,Nico Lane,nico.lane1424@example.com,United Kingdom,2025-01-14,Premium,1058.18
1425,Mia Blair,mia.blair1425@example.com,India,2023-09-26,Standard,296.07
1426,Theo Blair,theo.blair1426@example.com,United States,2023-07-06,Standard,161.46
1427,Sadie Dunn,sadie.dunn1427@example.com,Mexico,2024-09-17,Premium,739.49
1428,Noah Lane,noah.lane1428@example.com,United Kingdom,2024-01-01,Premium,4440.96
1429,Caleb Pike,caleb.pike1429@example.com,United Kingdom,2024-03-11,Standard,516.40
1430,Zoe Kerr,zoe.kerr1430@example.com,United Kingdom,2026-02-27,Basic,165.01
1431,Liam Bell,liam.bell1431@example.com,United States,2025-04-17,Basic,125.21
1432,Jonah Dunn,jonah.dunn1432@example.com,United States,2022-11-27,Basic,49.65
1433,Felix Vale,felix.vale1433@example.com,Australia,2026-01-11,Premium,1714.09
1434,Jade Blair,jade.blair1434@example.com,Australia,2026-04-24,Basic,52.77
1435,Lila Bell,lila.bell1435@example.com,France,2024-12-07,Basic,111.87
1436,Chloe Snow,chloe.snow1436@example.com,United Kingdom,2025-06-30,Standard,614.79
1437,Noah Young,noah.young1437@example.com,India,2023-05-05,Basic,68.42
1438,Asher Finn,asher.finn1438@example.com,United States,2025-07-09,Premium,3108.45
1439,Liam Snow,liam.snow1439@example.com,India,2023-09-26,Premium,3368.56
1440,Nico Snow,nico.snow1440@example.com,United States,2022-07-12,Basic,149.03
1441,Nora Reed,nora.reed1441@example.com,United States,2023-07-28,Basic,188.91
1442,Leo Moss,leo.moss1442@example.com,United States,2026-04-30,Premium,2915.61
1443,Ruby York,ruby.york1443@example.com,India,2024-06-24,Basic,46.02
1444,Liam Dunn,liam.dunn1444@example.com,United Kingdom,2023-08-11,Standard,575.51
1445,Miles West,miles.west1445@example.com,India,2024-06-21,Standard,530.68
1446,Lila West,lila.west1446@example.com,United Kingdom,2022-06-20,Standard,591.58
1447,Lila Vale,lila.vale1447@example.com,Brazil,2025-10-29,Standard,105.93
1448,Asher Gray,asher.gray1448@example.com,Japan,2025-12-04,Premium,4805.63
1449,Theo Hart,theo.hart1449@example.com,United States,2024-02-09,Standard,257.36
1450,Sadie Pike,sadie.pike1450@example.com,United States,2024-08-04,Basic,30.63
1451,Leo Vale,leo.vale1451@example.com,Germany,2026-08-03,Standard,659.29
1452,Liam Quinn,liam.quinn1452@example.com,United States,2024-03-23,Standard,617.69
1453,Ivy Pike,ivy.pike1453@example.com,United Kingdom,2025-05-22,Standard,687.39
1454,Ivy Kerr,ivy.kerr1454@example.com,United States,2024-07-19,Basic,12.54
1455,Theo Nash,theo.nash1455@example.com,United States,2023-03-14,Basic,104.91
1456,Sadie Brooks,sadie.brooks1456@example.com,India,2022-05-08,Basic,118.45
1457,Silas Shaw,silas.shaw1457@example.com,United States,2023-03-10,Basic,7.51
1458,Mila Hale,mila.hale1458@example.com,United States,2022-12-27,Standard,159.56
1459,Zoe Quinn,zoe.quinn1459@example.com,United States,2025-12-29,Standard,641.68
1460,Nico Shaw,nico.shaw1460@example.com,Australia,2023-06-16,Standard,291.27
1461,Wren Brooks,wren.brooks1461@example.com,Netherlands,2023-12-02,Premium,4448.81
1462,Caleb Reed,caleb.reed1462@example.com,Spain,2024-09-13,Standard,673.24
1463,Theo Kerr,theo.kerr1463@example.com,Spain,2024-06-13,Basic,116.22
1464,Arlo Kerr,arlo.kerr1464@example.com,Japan,2025-02-22,Standard,310.25
1465,Mia Lang,mia.lang1465@example.com,Australia,2023-10-26,Basic,103.71
1466,Ava Nash,ava.nash1466@example.com,Netherlands,2024-10-19,Basic,103.68
1467,Liam Snow,liam.snow1467@example.com,Canada,2024-12-02,Basic,1.20
1468,Chloe Tate,chloe.tate1468@example.com,Australia,2025-08-01,Basic,189.52
1469,Liam Brooks,liam.brooks1469@example.com,Mexico,2024-05-10,Standard,765.76
1470,Mila Reed,mila.reed1470@example.com,United States,2023-03-06,Standard,300.55
1471,Felix Dunn,felix.dunn1471@example.com,United Kingdom,2024-01-16,Basic,5.30
1472,Caleb Young,caleb.young1472@example.com,Japan,2022-09-13,Standard,704.22
1473,Piper Vale,piper.vale1473@example.com,United Kingdom,2026-08-24,Standard,761.02
1474,Miles Bell,miles.bell1474@example.com,United Kingdom,2022-12-27,Basic,150.34
1475,Miles Moss,miles.moss1475@example.com,France,2025-01-16,Standard,621.31
1476,Ella Frost,ella.frost1476@example.com,India,2024-06-14,Basic,92.81
1477,Iris Finn,iris.finn1477@example.com,Netherlands,2022-07-23,Basic,28.71
1478,Silas Tate,silas.tate1478@example.com,Australia,2025-06-16,Premium,2656.28
1479,Liam York,liam.york1479@example.com,Australia,2025-01-20,Basic,32.67
1480,Piper Vale,piper.vale1480@example.com,Japan,2025-09-29,Standard,429.98
1481,Nico Shaw,nico.shaw1481@example.com,India,2025-02-03,Standard,549.48
1482,Liam Blair,liam.blair1482@example.com,Spain,2023-12-20,Basic,152.02
1483,Miles Zane,miles.zane1483@example.com,India,2026-02-26,Basic,129.69
1484,Ava Moss,ava.moss1484@example.com,Germany,2023-07-03,Basic,86.67
1485,Caleb Tate,caleb.tate1485@example.com,Netherlands,2025-10-10,Basic,79.15
1486,Ava Young,ava.young1486@example.com,United States,2022-02-23,Basic,50.25
1487,Silas Moss,silas.moss1487@example.com,Germany,2026-02-27,Basic,196.59
1488,Nora Lane,nora.lane1488@example.com,France,2024-05-30,Standard,366.97
1489,Theo Pike,theo.pike1489@example.com,Australia,2026-08-24,Standard,117.60
1490,Silas Zane,silas.zane1490@example.com,United States,2025-07-27,Standard,561.72
1491,Hugo Reed,hugo.reed1491@example.com,United Kingdom,2022-11-21,Standard,623.31
1492,Owen Walsh,owen.walsh1492@example.com,United States,2022-08-31,Basic,189.04
1493,Silas Pike,silas.pike1493@example.com,Australia,2023-06-17,Basic,181.17
1494,Ethan Lane,ethan.lane1494@example.com,United States,2024-06-14,Standard,65.12
1495,Piper Park,piper.park1495@example.com,United States,2025-12-20,Standard,762.60
1496,Arlo Quinn,arlo.quinn1496@example.com,United States,2026-02-12,Standard,221.11
1497,Chloe Gray,chloe.gray1497@example.com,United Kingdom,2023-05-06,Standard,340.65
1498,Caleb Blair,caleb.blair1498@example.com,United States,2026-05-17,Standard,545.59
1499,Mila Drew,mila.drew1499@example.com,United States,2022-10-22,Basic,7.58
1500,Piper Dunn,piper.dunn1500@example.com,United States,2025-05-05,Basic,40.20
1501,Liam Nash,liam.nash1501@example.com,Brazil,2022-07-10,Standard,151.42
1502,Jonah West,jonah.west1502@example.com,Japan,2024-03-11,Standard,181.95
1503,Jonah Snow,jonah.snow1503@example.com,United States,2025-07-05,Premium,900.09
1504,Ivy Hale,ivy.hale1504@example.com,Brazil,2025-07-21,Standard,640.97
1505,Silas Reed,silas.reed1505@example.com,United States,2023-01-01,Standard,793.56
1506,Piper Finn,piper.finn1506@example.com,United States,2023-12-04,Basic,113.63
1507,Jonah Finn,jonah.finn1507@example.com,United States,2024-12-04,Standard,383.57
1508,Arlo Walsh,arlo.walsh1508@example.com,United States,2022-02-17,Standard,728.94
1509,Lila Park,lila.park1509@example.com,Brazil,2022-08-24,Standard,334.37
1510,Ava Lane,ava.lane1510@example.com,United States,2025-11-17,Standard,215.91
1511,Ruby Drew,ruby.drew1511@example.com,Spain,2023-12-15,Standard,772.85
1512,Piper Frost,piper.frost1512@example.com,Japan,2024-06-12,Standard,721.94
1513,Ella Zane,ella.zane1513@example.com,United States,2025-11-08,Standard,418.42
1514,Ella Walsh,ella.walsh1514@example.com,India,2023-10-01,Standard,267.12
1515,Silas Blair,silas.blair1515@example.com,Germany,2024-07-02,Basic,138.85
1516,Asher Lang,asher.lang1516@example.com,United Kingdom,2022-08-09,Standard,552.06
1517,Miles Blair,miles.blair1517@example.com,United Kingdom,2025-07-19,Standard,134.23
1518,Chloe Reed,chloe.reed1518@example.com,Spain,2023-06-03,Basic,192.30
1519,Miles Frost,miles.frost1519@example.com,Brazil,2024-12-22,Standard,511.70
1520,Ella Hart,ella.hart1520@example.com,Japan,2024-05-29,Premium,4646.57
1521,Ethan Moss,ethan.moss1521@example.com,United States,2024-02-01,Standard,537.54
1522,Zoe Park,zoe.park1522@example.com,United States,2025-11-10,Standard,64.28
1523,Iris Lane,iris.lane1523@example.com,France,2023-10-21,Standard,354.93
1524,Theo Quinn,theo.quinn1524@example.com,France,2024-12-15,Standard,335.03
1525,Liam Cruz,liam.cruz1525@example.com,France,2026-07-12,Standard,148.07
1526,Sadie Young,sadie.young1526@example.com,India,2024-06-10,Standard,466.52
1527,Wren Lane,wren.lane1527@example.com,United States,2024-10-08,Standard,703.59
1528,Noah Drew,noah.drew1528@example.com,United States,2022-12-17,Standard,478.44
1529,Sadie Pike,sadie.pike1529@example.com,United States,2022-02-06,Standard,56.09
1530,Arlo Vale,arlo.vale1530@example.com,Japan,2024-04-04,Standard,98.50
1531,Jade Cruz,jade.cruz1531@example.com,United States,2025-08-13,Basic,5.33
1532,Mia York,mia.york1532@example.com,Japan,2026-01-21,Premium,2078.09
1533,Ruby Lane,ruby.lane1533@example.com,Canada,2025-02-13,Basic,102.62
1534,Jonah Finn,jonah.finn1534@example.com,United Kingdom,2024-07-19,Premium,3086.50
1535,Nico Gray,nico.gray1535@example.com,United States,2024-02-05,Basic,33.66
1536,Ava Cole,ava.cole1536@example.com,United States,2022-08-04,Premium,2192.71
1537,Nico Kerr,nico.kerr1537@example.com,United States,2022-06-30,Basic,62.63
1538,Hugo Young,hugo.young1538@example.com,Japan,2025-01-05,Basic,1.61
1539,Arlo Kerr,arlo.kerr1539@example.com,United States,2026-05-27,Basic,14.11
1540,Liam Brooks,liam.brooks1540@example.com,United States,2023-11-06,Basic,124.37
1541,Ruby Kerr,ruby.kerr1541@example.com,United States,2024-08-01,Standard,207.15
1542,Zoe Lane,zoe.lane1542@example.com,India,2024-04-26,Basic,146.40
1543,Felix Walsh,felix.walsh1543@example.com,United States,2024-09-05,Standard,692.38
1544,Ruby Lane,ruby.lane1544@example.com,Germany,2022-07-08,Basic,86.44
1545,Mila Frost,mila.frost1545@example.com,United Kingdom,2023-05-12,Basic,67.46
1546,Iris Quinn,iris.quinn1546@example.com,Germany,2023-03-12,Premium,568.82
1547,Felix Blair,felix.blair1547@example.com,Canada,2024-09-25,Standard,187.01
1548,Nora Blair,nora.blair1548@example.com,India,2024-11-18,Basic,102.68
1549,Mila Frost,mila.frost1549@example.com,Australia,2024-10-30,Basic,34.62
1550,Arlo Nash,arlo.nash1550@example.com,United Kingdom,2024-07-15,Standard,723.00
1551,Ivy Park,ivy.park1551@example.com,United States,2024-05-16,Standard,265.21
1552,Felix Frost,felix.frost1552@example.com,France,2022-07-29,Basic,48.26
1553,Chloe Young,chloe.young1553@example.com,United States,2022-02-03,Premium,2916.16
1554,Ethan Drew,ethan.drew1554@example.com,Australia,2024-07-16,Premium,2345.26
1555,Ruby Walsh,ruby.walsh1555@example.com,United States,2024-06-02,Basic,69.48
1556,Zoe Pike,zoe.pike1556@example.com,Germany,2022-04-19,Standard,628.47
1557,Ruby Moss,ruby.moss1557@example.com,Australia,2026-02-08,Premium,2715.58
1558,Ivy Frost,,United States,2023-07-20,Standard,744.10
1559,Asher York,asher.york1559@example.com,United States,2022-04-13,Standard,376.29
1560,Liam Cole,liam.cole1560@example.com,Brazil,2025-03-24,Premium,1895.54
1561,Owen Quinn,owen.quinn1561@example.com,United States,2025-06-24,Standard,580.26
1562,Ella Pike,ella.pike1562@example.com,India,2025-11-17,Premium,1906.49
1563,Jonah Blair,jonah.blair1563@example.com,United States,2025-07-28,Standard,427.47
1564,Iris Finn,iris.finn1564@example.com,United States,2023-01-15,Standard,709.60
1565,Arlo Kerr,arlo.kerr1565@example.com,India,2025-11-09,Standard,362.76
1566,Ethan Lane,ethan.lane1566@example.com,United States,2023-11-12,Basic,149.16
1567,Zoe Hart,zoe.hart1567@example.com,Canada,2022-02-12,Basic,58.16
1568,Ruby Young,ruby.young1568@example.com,India,2022-01-20,Premium,3614.29
1569,Leo York,leo.york1569@example.com,Germany,2023-05-22,Standard,669.40
1570,Liam Brooks,liam.brooks1570@example.com,France,2023-08-19,Basic,74.80
1571,Lila Bell,lila.bell1571@example.com,United States,2022-07-12,Standard,181.06
1572,Caleb Snow,caleb.snow1572@example.com,Canada,2026-02-13,Basic,114.94
1573,Theo Drew,theo.drew1573@example.com,United States,2024-07-28,Basic,4.44
1574,Wren Moss,wren.moss1574@example.com,United Kingdom,2024-11-26,Standard,684.85
1575,Liam Drew,liam.drew1575@example.com,India,2022-02-12,Basic,48.46
1576,Miles West,miles.west1576@example.com,Mexico,2024-01-02,Standard,702.51
1577,Ava Cole,ava.cole1577@example.com,India,2024-06-01,Standard,521.09
1578,Ivy Lang,ivy.lang1578@example.com,Netherlands,2024-02-13,Premium,3848.80
1579,Liam Drew,,India,2024-07-09,Basic,172.65
1580,Ethan Drew,ethan.drew1580@example.com,United Kingdom,2023-11-10,Basic,128.13
1581,Sadie Shaw,sadie.shaw1581@example.com,United States,2023-01-26,Basic,13.46
1582,Sadie Bell,sadie.bell1582@example.com,Japan,2022-09-09,Basic,142.03
1583,Silas Vale,silas.vale1583@example.com,Japan,2023-12-12,Standard,428.02
1584,Liam Hart,liam.hart1584@example.com,India,2024-08-13,Standard,246.90
1585,Lila Frost,lila.frost1585@example.com,Australia,2023-09-14,Standard,688.09
1586,Caleb Quinn,caleb.quinn1586@example.com,United States,2022-03-25,Basic,71.21
1587,Caleb Tate,caleb.tate1587@example.com,United States,2023-09-19,Standard,56.67
1588,Miles Moss,miles.moss1588@example.com,United States,2023-05-30,Basic,45.12
1589,Leo Young,leo.young1589@example.com,Brazil,2025-09-24,Standard,784.98
1590,Zoe Quinn,zoe.quinn1590@example.com,United States,2026-02-10,Basic,64.46
1591,Miles Dunn,miles.dunn1591@example.com,United Kingdom,2022-03-07,Basic,155.05
1592,Arlo Moss,arlo.moss1592@example.com,India,2024-03-02,Standard,603.86
1593,Ella Young,ella.young1593@example.com,United States,2023-09-11,Premium,3630.20
1594,Caleb Reed,caleb.reed1594@example.com,India,2023-10-23,Standard,232.42
1595,Felix Park,,United States,2025-02-09,Standard,311.51
1596,Caleb Frost,caleb.frost1596@example.com,France,2025-07-10,Premium,2917.77
1597,Theo Reed,theo.reed1597@example.com,Brazil,2024-06-13,Standard,175.88
1598,Zoe Bell,zoe.bell1598@example.com,United Kingdom,2025-11-04,Standard,518.65
1599,Chloe Moss,chloe.moss1599@example.com,Canada,2024-04-20,Standard,654.61
1600,Ava Zane,ava.zane1600@example.com,Spain,2024-05-12,Standard,165.90
1601,Mila Nash,mila.nash1601@example.com,United Kingdom,2023-05-12,Standard,721.35
1602,Leo Nash,leo.nash1602@example.com,Brazil,2023-08-24,Standard,120.17
1603,Mila West,mila.west1603@example.com,Canada,2022-01-13,Standard,656.61
1604,Silas Park,silas.park1604@example.com,Germany,2022-04-22,Basic,27.74
1605,Noah Drew,noah.drew1605@example.com,Australia,2023-11-14,Basic,194.75
1606,Liam Tate,liam.tate1606@example.com,Germany,2023-11-10,Standard,129.77
1607,Liam Lang,liam.lang1607@example.com,Germany,2026-01-08,Standard,119.49
1608,Iris Blair,iris.blair1608@example.com,France,2024-10-11,Standard,228.78
1609,Owen Young,owen.young1609@example.com,Brazil,2023-09-09,Basic,101.87
1610,Hugo Zane,hugo.zane1610@example.com,Germany,2025-11-09,Premium,1552.24
1611,Liam Quinn,liam.quinn1611@example.com,France,2022-09-05,Premium,3225.36
1612,Liam Cole,liam.cole1612@example.com,Germany,2024-11-01,Standard,631.71
1613,Ella Brooks,ella.brooks1613@example.com,United Kingdom,2024-09-17,Basic,60.30
1614,Wren Cole,wren.cole1614@example.com,France,2026-08-10,Basic,143.89
1615,Nico Hale,nico.hale1615@example.com,Canada,2025-07-26,Standard,78.38
1616,Ethan Nash,ethan.nash1616@example.com,Australia,2022-12-16,Basic,167.61
1617,Hugo Kerr,hugo.kerr1617@example.com,Germany,2023-08-17,Standard,429.38
1618,Felix Walsh,felix.walsh1618@example.com,Germany,2025-09-29,Basic,90.17
1619,Ella Pike,ella.pike1619@example.com,United States,2024-05-03,Basic,139.20
1620,Zoe Hart,zoe.hart1620@example.com,United States,2024-03-08,Standard,64.44
1621,Sadie Frost,sadie.frost1621@example.com,Australia,2025-09-07,Premium,3749.93
1622,Chloe Brooks,chloe.brooks1622@example.com,United Kingdom,2022-10-13,Basic,153.32
1623,Jade Lang,jade.lang1623@example.com,United States,2022-11-21,Standard,518.90
1624,Lila West,lila.west1624@example.com,United States,2025-12-17,Basic,172.05
1625,Ella Bell,ella.bell1625@example.com,Australia,2023-12-22,Premium,3938.98
1626,Hugo Dunn,hugo.dunn1626@example.com,India,2026-05-31,Standard,233.55
1627,Ruby Snow,ruby.snow1627@example.com,United Kingdom,2024-03-17,Basic,22.35
1628,Arlo Tate,arlo.tate1628@example.com,United Kingdom,2024-08-24,Standard,286.42
1629,Sadie Kerr,sadie.kerr1629@example.com,India,2024-12-12,Basic,84.94
1630,Zoe Kerr,zoe.kerr1630@example.com,Spain,2023-12-14,Standard,579.23
1631,Mia Brooks,mia.brooks1631@example.com,India,2023-04-20,Premium,1006.14
1632,Felix Walsh,felix.walsh1632@example.com,India,2023-10-25,Standard,353.47
1633,Mila Snow,mila.snow1633@example.com,Japan,2022-08-04,Basic,57.01
1634,Hugo Young,hugo.young1634@example.com,Mexico,2022-05-12,Standard,131.16
1635,Asher Drew,asher.drew1635@example.com,Japan,2022-05-30,Premium,2814.88
1636,Mila Moss,mila.moss1636@example.com,Japan,2022-12-23,Standard,470.94
1637,Liam Kerr,liam.kerr1637@example.com,United States,2025-07-29,Standard,779.37
1638,Ivy Blair,ivy.blair1638@example.com,Canada,2023-08-09,Standard,345.56
1639,Ivy Lang,ivy.lang1639@example.com,Japan,2026-07-15,Standard,302.04
1640,Mia Dunn,mia.dunn1640@example.com,Spain,2022-07-17,Premium,1567.13
1641,Noah Snow,noah.snow1641@example.com,United States,2026-05-05,Standard,584.80
1642,Sadie Cruz,sadie.cruz1642@example.com,United Kingdom,2025-10-29,Basic,173.06
1643,Jonah Blair,jonah.blair1643@example.com,France,2024-08-28,Basic,164.11
1644,Leo Moss,leo.moss1644@example.com,France,2022-10-10,Standard,138.02
1645,Chloe Shaw,chloe.shaw1645@example.com,Brazil,2025-03-11,Standard,152.42
1646,Zoe Snow,zoe.snow1646@example.com,United States,2024-10-18,Standard,352.21
1647,Noah Finn,noah.finn1647@example.com,United States,2026-08-10,Standard,429.97
1648,Arlo Tate,arlo.tate1648@example.com,India,2022-05-20,Standard,256.91
1649,Caleb Quinn,caleb.quinn1649@example.com,United States,2024-11-26,Standard,705.42
1650,Caleb Pike,caleb.pike1650@example.com,France,2022-08-16,Standard,667.32
1651,Arlo Zane,arlo.zane1651@example.com,Australia,2022-03-08,Basic,110.77
1652,Miles Drew,miles.drew1652@example.com,Brazil,2022-05-02,Standard,232.56
1653,Ivy Cruz,ivy.cruz1653@example.com,United Kingdom,2026-04-01,Basic,20.42
1654,Owen York,owen.york1654@example.com,Spain,2025-06-03,Premium,4186.22
1655,Wren Park,wren.park1655@example.com,United Kingdom,2022-05-25,Basic,136.39
1656,Asher Lang,asher.lang1656@example.com,United States,2025-02-03,Standard,677.53
1657,Zoe Drew,zoe.drew1657@example.com,United States,2024-10-14,Basic,166.33
1658,Owen Gray,owen.gray1658@example.com,Germany,2026-05-20,Standard,348.52
1659,Ava Zane,ava.zane1659@example.com,India,2026-07-20,Premium,1528.51
1660,Theo Finn,theo.finn1660@example.com,India,2026-02-20,Basic,5.92
1661,Theo York,theo.york1661@example.com,India,2025-11-25,Premium,1156.60
1662,Miles Kerr,miles.kerr1662@example.com,United States,2024-06-15,Standard,204.65
1663,Jade Finn,jade.finn1663@example.com,United Kingdom,2023-02-01,Basic,112.43
1664,Miles Zane,miles.zane1664@example.com,United States,2025-04-20,Premium,552.68
1665,Owen Shaw,owen.shaw1665@example.com,Brazil,2026-06-13,Basic,175.70
1666,Sadie Brooks,sadie.brooks1666@example.com,United States,2026-01-14,Basic,81.89
1667,Wren Brooks,wren.brooks1667@example.com,United States,2023-01-05,Premium,1981.61
1668,Noah Lane,noah.lane1668@example.com,Australia,2023-05-16,Standard,433.27
1669,Zoe Finn,zoe.finn1669@example.com,Australia,2025-09-06,Standard,150.66
1670,Mia Drew,mia.drew1670@example.com,United States,2025-12-15,Basic,116.96
1671,Jade Zane,jade.zane1671@example.com,Canada,2023-09-12,Basic,120.23
1672,Mila Cruz,mila.cruz1672@example.com,Australia,2024-12-14,Standard,400.66
1673,Nora Kerr,nora.kerr1673@example.com,United States,2023-12-11,Standard,588.48
1674,Iris Finn,iris.finn1674@example.com,United States,2022-10-08,Standard,732.87
1675,Owen Frost,owen.frost1675@example.com,United States,2024-02-02,Basic,46.51
1676,Noah Cole,noah.cole1676@example.com,Australia,2024-07-18,Basic,37.43
1677,Ava York,ava.york1677@example.com,United States,2025-04-19,Basic,125.88
1678,Caleb Tate,caleb.tate1678@example.com,United States,2025-06-02,Basic,125.80
1679,Jonah Hart,jonah.hart1679@example.com,Canada,2022-04-01,Basic,73.54
1680,Ivy Pike,ivy.pike1680@example.com,Canada,2022-04-18,Standard,449.96
1681,Noah Cruz,,Netherlands,2025-05-31,Basic,110.17
1682,Arlo Tate,arlo.tate1682@example.com,Japan,2025-04-25,Basic,70.95
1683,Mila Hart,mila.hart1683@example.com,Japan,2024-06-07,Standard,610.39
1684,Silas Lang,silas.lang1684@example.com,India,2026-07-12,Basic,35.78
1685,Theo Pike,theo.pike1685@example.com,Netherlands,2023-08-12,Basic,175.23
1686,Chloe Shaw,chloe.shaw1686@example.com,France,2024-11-28,Standard,390.91
1687,Ethan Pike,ethan.pike1687@example.com,Mexico,2023-05-03,Standard,222.84
1688,Arlo Hart,arlo.hart1688@example.com,India,2023-07-16,Standard,162.11
1689,Owen Park,owen.park1689@example.com,United Kingdom,2024-03-19,Standard,100.60
1690,Asher Drew,asher.drew1690@example.com,Australia,2026-05-22,Standard,66.17
1691,Liam Frost,liam.frost1691@example.com,United Kingdom,2023-06-26,Standard,284.33
1692,Chloe Vale,chloe.vale1692@example.com,United States,2022-03-17,Premium,2380.74
1693,Jonah Gray,jonah.gray1693@example.com,United States,2022-04-30,Basic,189.91
1694,Mia Drew,mia.drew1694@example.com,France,2022-05-12,Basic,144.32
1695,Ethan Drew,ethan.drew1695@example.com,United States,2024-10-10,Basic,41.68
1696,Owen Gray,owen.gray1696@example.com,Brazil,2025-09-05,Standard,114.98
1697,Owen Walsh,owen.walsh1697@example.com,United States,2024-11-03,Basic,144.28
1698,Sadie Lane,sadie.lane1698@example.com,India,2022-05-05,Premium,4246.29
1699,Ruby Drew,ruby.drew1699@example.com,Japan,2023-12-25,Premium,3333.46
1700,Iris Brooks,iris.brooks1700@example.com,United Kingdom,2022-06-08,Standard,714.45
1701,Chloe Walsh,chloe.walsh1701@example.com,United States,2023-10-30,Standard,797.58
1702,Leo Tate,leo.tate1702@example.com,Canada,2025-08-07,Basic,139.74
1703,Jade Frost,jade.frost1703@example.com,United Kingdom,2026-06-03,Standard,522.23
1704,Nora Shaw,nora.shaw1704@example.com,United Kingdom,2023-08-26,Basic,10.20
1705,Ethan Moss,ethan.moss1705@example.com,Netherlands,2025-04-25,Premium,633.87
1706,Liam Finn,liam.finn1706@example.com,United Kingdom,2026-01-05,Standard,716.08
1707,Silas Dunn,silas.dunn1707@example.com,Netherlands,2024-02-15,Basic,190.93
1708,Noah Hale,noah.hale1708@example.com,Canada,2025-08-22,Basic,25.70
1709,Mia Zane,mia.zane1709@example.com,France,2025-03-22,Basic,179.64
1710,Hugo Shaw,hugo.shaw1710@example.com,United States,2024-12-16,Standard,117.41
1711,Asher York,asher.york1711@example.com,Germany,2023-10-12,Basic,88.20
1712,Ivy Tate,ivy.tate1712@example.com,Netherlands,2023-11-05,Standard,368.60
1713,Silas Park,silas.park1713@example.com,United States,2023-10-07,Basic,37.81
1714,Iris Cole,iris.cole1714@example.com,Spain,2024-04-19,Standard,524.32
1715,Mia Moss,mia.moss1715@example.com,United States,2024-01-12,Standard,684.59
1716,Asher Cole,asher.cole1716@example.com,Canada,2025-03-12,Standard,214.20
1717,Arlo Cruz,arlo.cruz1717@example.com,Netherlands,2025-10-12,Standard,231.06
1718,Asher Drew,asher.drew1718@example.com,United Kingdom,2022-08-30,Basic,26.70
1719,Miles Shaw,miles.shaw1719@example.com,United States,2024-10-09,Standard,309.65
1720,Jade Reed,jade.reed1720@example.com,United States,2022-09-05,Basic,137.17
1721,Ruby Park,ruby.park1721@example.com,Netherlands,2026-03-02,Standard,182.37
1722,Zoe West,zoe.west1722@example.com,Canada,2025-11-14,Premium,1375.22
1723,Mia Nash,mia.nash1723@example.com,Germany,2024-03-05,Standard,603.59
1724,Leo Nash,leo.nash1724@example.com,France,2025-12-29,Standard,434.55
1725,Liam Lane,liam.lane1725@example.com,Brazil,2025-04-26,Basic,199.47
1726,Asher Walsh,asher.walsh1726@example.com,United States,2026-02-21,Basic,116.31
1727,Chloe Zane,chloe.zane1727@example.com,Canada,2024-06-11,Standard,429.17
1728,Mila York,mila.york1728@example.com,India,2026-01-22,Basic,193.18
1729,Arlo Tate,arlo.tate1729@example.com,United States,2022-01-16,Basic,194.49
1730,Sadie Moss,sadie.moss1730@example.com,Canada,2023-10-19,Basic,143.71
1731,Ethan Bell,ethan.bell1731@example.com,United States,2026-05-03,Basic,31.75
1732,Owen Frost,,United States,2024-11-26,Standard,738.38
1733,Sadie Bell,sadie.bell1733@example.com,Canada,2023-10-24,Basic,125.85
1734,Nora Park,,United States,2026-07-26,Standard,326.14
1735,Miles Bell,miles.bell1735@example.com,Brazil,2023-10-06,Standard,180.37
1736,Leo Frost,leo.frost1736@example.com,United Kingdom,2024-09-23,Standard,625.29
1737,Owen Young,owen.young1737@example.com,Netherlands,2023-06-16,Standard,189.09
1738,Arlo Cole,arlo.cole1738@example.com,United States,2023-02-28,Basic,180.93
1739,Wren Bell,wren.bell1739@example.com,United States,2022-03-23,Basic,176.89
1740,Theo Snow,theo.snow1740@example.com,Germany,2026-08-12,Standard,83.78
1741,Leo Blair,leo.blair1741@example.com,Spain,2024-05-23,Standard,633.04
1742,Lila Nash,lila.nash1742@example.com,United Kingdom,2022-08-13,Basic,39.30
1743,Chloe Young,chloe.young1743@example.com,United States,2022-10-08,Standard,414.97
1744,Hugo Hale,hugo.hale1744@example.com,United Kingdom,2022-06-11,Premium,4402.15
1745,Silas Cole,silas.cole1745@example.com,United Kingdom,2024-11-04,Basic,109.88
1746,Ruby Vale,ruby.vale1746@example.com,Germany,2026-05-11,Standard,147.10
1747,Iris Kerr,iris.kerr1747@example.com,Netherlands,2024-06-06,Standard,181.64
1748,Arlo Kerr,arlo.kerr1748@example.com,United Kingdom,2025-02-17,Basic,11.67
1749,Piper Gray,piper.gray1749@example.com,United States,2024-02-10,Premium,1654.53
1750,Felix Blair,felix.blair1750@example.com,United States,2026-07-25,Standard,295.24
1751,Hugo York,hugo.york1751@example.com,United States,2022-07-01,Standard,726.73
1752,Nico Lang,nico.lang1752@example.com,United States,2022-05-18,Basic,160.78
1753,Theo Finn,theo.finn1753@example.com,United States,2024-05-06,Standard,394.81
1754,Asher Pike,asher.pike1754@example.com,United States,2023-12-16,Standard,684.69
1755,Lila Hale,lila.hale1755@example.com,Brazil,2023-04-20,Basic,95.72
1756,Felix York,felix.york1756@example.com,Australia,2025-05-09,Standard,518.09
1757,Theo York,theo.york1757@example.com,United States,2026-03-27,Standard,426.53
1758,Miles Vale,miles.vale1758@example.com,Australia,2022-08-26,Standard,280.94
1759,Chloe Lane,chloe.lane1759@example.com,United Kingdom,2026-09-05,Basic,41.96
1760,Mila Young,mila.young1760@example.com,Japan,2024-09-28,Standard,590.02
1761,Felix Cole,felix.cole1761@example.com,United States,2023-03-17,Premium,4961.62
1762,Silas Shaw,silas.shaw1762@example.com,India,2023-06-20,Premium,4038.88
1763,Nora Shaw,nora.shaw1763@example.com,Canada,2024-03-27,Standard,391.70
1764,Arlo Brooks,arlo.brooks1764@example.com,India,2023-11-27,Standard,109.80
1765,Caleb Vale,caleb.vale1765@example.com,France,2022-12-08,Standard,752.56
1766,Ivy Park,ivy.park1766@example.com,Spain,2025-06-10,Standard,482.12
1767,Zoe Finn,zoe.finn1767@example.com,Spain,2022-02-13,Standard,547.00
1768,Mia Park,mia.park1768@example.com,Netherlands,2026-04-20,Basic,181.17
1769,Mia Gray,mia.gray1769@example.com,United States,2025-01-01,Premium,1540.39
1770,Ethan Tate,ethan.tate1770@example.com,Brazil,2023-04-15,Standard,430.35
1771,Silas Reed,silas.reed1771@example.com,United Kingdom,2023-03-18,Basic,181.19
1772,Hugo Cole,hugo.cole1772@example.com,United States,2022-02-11,Basic,172.54
1773,Liam Bell,liam.bell1773@example.com,Germany,2022-11-18,Standard,421.05
1774,Caleb Hart,caleb.hart1774@example.com,India,2023-05-22,Standard,94.27
1775,Ruby Lang,ruby.lang1775@example.com,India,2025-09-04,Standard,575.27
1776,Zoe Tate,zoe.tate1776@example.com,United States,2022-06-23,Basic,25.07
1777,Mia Bell,mia.bell1777@example.com,India,2024-04-30,Basic,6.60
1778,Ava Lang,ava.lang1778@example.com,France,2022-11-07,Basic,31.31
1779,Hugo Dunn,hugo.dunn1779@example.com,United States,2025-05-25,Basic,102.29
1780,Silas Lane,silas.lane1780@example.com,India,2023-09-11,Standard,409.20
1781,Chloe Blair,chloe.blair1781@example.com,Spain,2025-03-26,Premium,2971.49
1782,Ella Frost,ella.frost1782@example.com,United States,2024-04-12,Standard,785.30
1783,Ruby York,ruby.york1783@example.com,India,2024-11-03,Standard,370.62
1784,Ella Hart,ella.hart1784@example.com,India,2024-02-03,Basic,179.10
1785,Iris Walsh,iris.walsh1785@example.com,France,2022-02-20,Standard,570.81
1786,Mila Cole,mila.cole1786@example.com,Germany,2022-08-12,Standard,457.12
1787,Nora Nash,nora.nash1787@example.com,Mexico,2022-07-15,Basic,183.79
1788,Ethan Blair,ethan.blair1788@example.com,Germany,2023-05-27,Basic,27.48
1789,Zoe Pike,zoe.pike1789@example.com,Germany,2026-01-20,Standard,792.70
1790,Mila Cole,mila.cole1790@example.com,Germany,2024-04-23,Premium,2132.92
1791,Hugo Lane,hugo.lane1791@example.com,United States,2025-11-12,Basic,185.24
1792,Asher Shaw,asher.shaw1792@example.com,United States,2023-03-05,Basic,184.29
1793,Silas York,silas.york1793@example.com,United Kingdom,2025-08-28,Standard,358.98
1794,Nora Vale,nora.vale1794@example.com,Germany,2026-02-23,Basic,26.68
1795,Arlo Walsh,arlo.walsh1795@example.com,United States,2022-09-18,Standard,67.85
1796,Ethan Bell,ethan.bell1796@example.com,United States,2024-06-15,Basic,37.24
1797,Noah Young,noah.young1797@example.com,United States,2026-07-03,Standard,737.58
1798,Jonah Nash,jonah.nash1798@example.com,France,2024-03-28,Basic,3.03
1799,Caleb Walsh,caleb.walsh1799@example.com,United Kingdom,2025-10-17,Standard,405.34
1800,Lila Lane,lila.lane1800@example.com,United Kingdom,2025-08-24,Standard,267.50
1801,Zoe Frost,zoe.frost1801@example.com,United States,2025-06-11,Standard,536.60
1802,Lila Finn,lila.finn1802@example.com,Germany,2023-11-08,Standard,227.39
1803,Ethan Bell,ethan.bell1803@example.com,Germany,2023-10-13,Basic,136.41
1804,Ethan Nash,ethan.nash1804@example.com,Mexico,2022-01-12,Standard,458.73
1805,Iris Blair,iris.blair1805@example.com,United States,2024-07-28,Standard,483.89
1806,Liam Brooks,liam.brooks1806@example.com,France,2022-05-17,Standard,509.34
1807,Piper Cruz,piper.cruz1807@example.com,United Kingdom,2022-01-29,Basic,63.12
1808,Ruby Frost,ruby.frost1808@example.com,Brazil,2025-04-11,Basic,100.18
1809,Leo Finn,leo.finn1809@example.com,Netherlands,2025-02-23,Basic,177.28
1810,Piper Hale,piper.hale1810@example.com,France,2022-07-30,Standard,333.69
1811,Ruby Reed,ruby.reed1811@example.com,United States,2026-06-21,Standard,734.61
1812,Sadie Gray,sadie.gray1812@example.com,United Kingdom,2026-05-01,Basic,194.04
1813,Asher Drew,asher.drew1813@example.com,India,2025-06-15,Basic,155.12
1814,Ivy Reed,ivy.reed1814@example.com,United States,2023-03-20,Premium,978.87
1815,Arlo Snow,arlo.snow1815@example.com,United States,2024-08-31,Standard,50.32
1816,Nora Quinn,nora.quinn1816@example.com,United States,2024-11-13,Basic,144.07
1817,Miles Hale,miles.hale1817@example.com,United Kingdom,2026-04-06,Standard,203.74
1818,Owen Cruz,owen.cruz1818@example.com,India,2025-12-17,Standard,671.90
1819,Leo Frost,leo.frost1819@example.com,United Kingdom,2022-06-10,Basic,198.37
1820,Wren Blair,wren.blair1820@example.com,Spain,2023-07-23,Basic,46.82
1821,Wren Shaw,wren.shaw1821@example.com,Germany,2026-06-04,Standard,378.38
1822,Felix Walsh,felix.walsh1822@example.com,Canada,2023-12-15,Standard,283.32
1823,Ava West,ava.west1823@example.com,Germany,2025-10-04,Standard,503.49
1824,Hugo Shaw,hugo.shaw1824@example.com,France,2023-01-27,Standard,551.29
1825,Leo Reed,leo.reed1825@example.com,Mexico,2023-02-06,Basic,144.86
1826,Leo Bell,leo.bell1826@example.com,France,2023-11-04,Standard,173.34
1827,Arlo Moss,arlo.moss1827@example.com,Germany,2022-01-27,Basic,198.82
1828,Ruby Brooks,ruby.brooks1828@example.com,Australia,2024-03-26,Standard,107.56
1829,Iris Kerr,iris.kerr1829@example.com,Australia,2025-03-17,Standard,89.88
1830,Nico Kerr,nico.kerr1830@example.com,Mexico,2025-07-18,Basic,148.92
1831,Jonah Reed,jonah.reed1831@example.com,Brazil,2026-03-18,Standard,765.11
1832,Silas Walsh,silas.walsh1832@example.com,United States,2025-12-31,Premium,1303.16
1833,Iris Lang,iris.lang1833@example.com,Brazil,2022-06-19,Standard,599.94
1834,Wren West,wren.west1834@example.com,Canada,2025-12-26,Premium,826.76
1835,Nora Walsh,nora.walsh1835@example.com,United States,2023-02-02,Basic,5.46
1836,Nora Tate,nora.tate1836@example.com,Brazil,2025-12-23,Basic,55.44
1837,Jade Dunn,jade.dunn1837@example.com,United Kingdom,2022-01-30,Basic,132.11
1838,Miles Tate,miles.tate1838@example.com,United States,2023-01-31,Basic,164.33
1839,Zoe Lang,zoe.lang1839@example.com,United States,2022-04-02,Standard,411.13
1840,Asher Blair,asher.blair1840@example.com,Canada,2025-07-25,Basic,1.05
1841,Caleb Drew,caleb.drew1841@example.com,United States,2024-08-12,Standard,794.71
1842,Wren Kerr,wren.kerr1842@example.com,Netherlands,2022-06-30,Premium,1109.54
1843,Arlo Quinn,arlo.quinn1843@example.com,United States,2023-10-13,Standard,76.35
1844,Mila Reed,mila.reed1844@example.com,United States,2024-02-07,Basic,150.84
1845,Mia Young,mia.young1845@example.com,United States,2025-10-26,Basic,62.61
1846,Hugo Park,hugo.park1846@example.com,United Kingdom,2024-02-16,Basic,94.06
1847,Ethan Drew,ethan.drew1847@example.com,United Kingdom,2023-04-08,Standard,296.73
1848,Ruby Young,ruby.young1848@example.com,Mexico,2023-06-16,Standard,626.19
1849,Ruby Quinn,ruby.quinn1849@example.com,France,2023-12-16,Standard,735.56
1850,Chloe Tate,chloe.tate1850@example.com,Japan,2022-03-17,Standard,555.51
1851,Zoe Cruz,zoe.cruz1851@example.com,Mexico,2024-06-07,Standard,504.71
1852,Piper Snow,piper.snow1852@example.com,United Kingdom,2023-12-02,Basic,165.07
1853,Theo Tate,theo.tate1853@example.com,United States,2024-11-17,Basic,69.04
1854,Ruby Blair,ruby.blair1854@example.com,United States,2022-08-25,Standard,727.68
1855,Felix Gray,felix.gray1855@example.com,United States,2025-04-16,Standard,473.35
1856,Leo Dunn,leo.dunn1856@example.com,France,2022-03-11,Standard,472.53
1857,Iris Walsh,iris.walsh1857@example.com,Brazil,2022-01-17,Standard,258.07
1858,Miles York,miles.york1858@example.com,Australia,2022-07-25,Standard,295.25
1859,Arlo Moss,arlo.moss1859@example.com,Germany,2023-01-17,Standard,78.50
1860,Chloe Snow,chloe.snow1860@example.com,France,2025-11-23,Standard,620.12
1861,Hugo Pike,hugo.pike1861@example.com,United States,2026-01-21,Standard,539.18
1862,Asher Lane,asher.lane1862@example.com,Canada,2022-03-24,Standard,357.10
1863,Mila Zane,mila.zane1863@example.com,Germany,2024-05-12,Basic,139.55
1864,Mila Drew,mila.drew1864@example.com,Canada,2022-02-28,Basic,53.74
1865,Lila Reed,lila.reed1865@example.com,Brazil,2025-11-29,Basic,171.73
1866,Ivy Dunn,ivy.dunn1866@example.com,United States,2023-11-14,Basic,17.62
1867,Mia Frost,mia.frost1867@example.com,United States,2023-12-10,Basic,150.31
1868,Ella Reed,ella.reed1868@example.com,Australia,2023-02-15,Standard,275.53
1869,Caleb Frost,caleb.frost1869@example.com,United States,2023-02-21,Premium,2788.77
1870,Mia Lang,mia.lang1870@example.com,India,2026-05-08,Standard,540.54
1871,Ava York,ava.york1871@example.com,United States,2025-01-31,Standard,566.48
1872,Iris Blair,iris.blair1872@example.com,Australia,2026-08-30,Basic,151.87
1873,Iris Cole,iris.cole1873@example.com,United States,2022-09-21,Basic,104.31
1874,Mila Zane,mila.zane1874@example.com,India,2023-08-03,Standard,606.52
1875,Asher Pike,asher.pike1875@example.com,United Kingdom,2025-10-03,Standard,85.25
1876,Owen Young,owen.young1876@example.com,India,2024-01-26,Standard,524.84
1877,Nora Bell,nora.bell1877@example.com,Australia,2026-03-20,Basic,130.47
1878,Arlo Quinn,arlo.quinn1878@example.com,United States,2023-01-20,Standard,107.99
1879,Ivy Frost,ivy.frost1879@example.com,United Kingdom,2025-09-01,Standard,285.76
1880,Miles Nash,miles.nash1880@example.com,Canada,2026-08-09,Standard,680.00
1881,Noah Drew,noah.drew1881@example.com,Canada,2022-12-01,Basic,130.48
1882,Felix Bell,felix.bell1882@example.com,Germany,2022-06-19,Basic,113.47
1883,Felix Lang,felix.lang1883@example.com,Brazil,2026-07-04,Premium,4730.56
1884,Ava Reed,ava.reed1884@example.com,France,2024-02-26,Standard,645.97
1885,Ava York,ava.york1885@example.com,India,2024-05-15,Basic,17.86
1886,Caleb Shaw,caleb.shaw1886@example.com,Australia,2025-05-21,Standard,640.17
1887,Lila Moss,lila.moss1887@example.com,India,2024-12-31,Basic,119.55
1888,Liam Snow,liam.snow1888@example.com,Canada,2026-04-05,Standard,552.62
1889,Nico Hale,nico.hale1889@example.com,United States,2025-12-20,Premium,3594.10
1890,Ruby Blair,ruby.blair1890@example.com,Australia,2024-07-20,Standard,620.01
1891,Noah Vale,noah.vale1891@example.com,United States,2024-09-29,Standard,653.25
1892,Leo Brooks,leo.brooks1892@example.com,India,2023-06-01,Basic,139.49
1893,Nora Hale,nora.hale1893@example.com,Japan,2025-01-16,Standard,400.27
1894,Ethan Frost,ethan.frost1894@example.com,United States,2023-10-27,Standard,440.17
1895,Piper Brooks,piper.brooks1895@example.com,United Kingdom,2022-03-16,Standard,746.34
1896,Hugo Pike,hugo.pike1896@example.com,United States,2026-09-20,Standard,215.22
1897,Hugo Nash,hugo.nash1897@example.com,Canada,2023-07-17,Standard,502.70
1898,Chloe Kerr,chloe.kerr1898@example.com,Netherlands,2026-02-09,Standard,736.23
1899,Sadie Vale,sadie.vale1899@example.com,United Kingdom,2022-03-20,Premium,1269.39
1900,Asher Lang,asher.lang1900@example.com,Brazil,2024-02-22,Standard,721.91
1901,Hugo Quinn,hugo.quinn1901@example.com,Australia,2023-09-11,Standard,603.81
1902,Ella Hart,ella.hart1902@example.com,India,2026-01-17,Standard,153.91
1903,Wren Zane,wren.zane1903@example.com,United States,2023-01-28,Standard,798.28
1904,Ruby Frost,ruby.frost1904@example.com,Germany,2026-06-14,Standard,369.49
1905,Iris Snow,iris.snow1905@example.com,France,2023-03-17,Premium,4488.35
1906,Arlo Shaw,arlo.shaw1906@example.com,India,2023-01-16,Standard,412.87
1907,Lila Hale,lila.hale1907@example.com,Canada,2023-01-07,Premium,4055.76
1908,Caleb Drew,caleb.drew1908@example.com,United States,2026-05-21,Premium,2672.25
1909,Felix Nash,felix.nash1909@example.com,Germany,2026-06-07,Standard,467.01
1910,Liam Cole,liam.cole1910@example.com,India,2023-03-29,Standard,133.52
1911,Asher Frost,asher.frost1911@example.com,France,2024-08-01,Basic,192.64
1912,Miles Gray,miles.gray1912@example.com,France,2024-09-01,Standard,780.93
1913,Ava Lane,ava.lane1913@example.com,United Kingdom,2024-06-29,Standard,248.93
1914,Chloe West,chloe.west1914@example.com,United States,2025-11-29,Basic,55.70
1915,Felix Pike,felix.pike1915@example.com,United States,2025-03-16,Standard,153.03
1916,Piper York,piper.york1916@example.com,United Kingdom,2023-03-02,Standard,744.14
1917,Leo Frost,leo.frost1917@example.com,United Kingdom,2025-10-13,Standard,662.60
1918,Ava Nash,ava.nash1918@example.com,United States,2023-12-22,Standard,790.41
1919,Miles Shaw,miles.shaw1919@example.com,United States,2023-08-05,Basic,182.33
1920,Hugo York,hugo.york1920@example.com,United Kingdom,2025-01-05,Basic,43.15
1921,Ella Finn,ella.finn1921@example.com,United States,2024-03-21,Basic,71.53
1922,Ivy Walsh,ivy.walsh1922@example.com,United States,2022-11-22,Standard,575.75
1923,Theo Shaw,theo.shaw1923@example.com,United States,2025-05-12,Standard,415.53
1924,Nora Park,nora.park1924@example.com,United States,2025-11-07,Standard,466.51
1925,Lila Cruz,lila.cruz1925@example.com,United States,2024-04-07,Standard,698.58
1926,Mila Vale,mila.vale1926@example.com,Netherlands,2022-11-18,Standard,282.81
1927,Ella Frost,ella.frost1927@example.com,Japan,2026-04-12,Premium,2932.80
1928,Piper Reed,piper.reed1928@example.com,United States,2025-04-03,Basic,137.00
1929,Miles Shaw,miles.shaw1929@example.com,United States,2023-04-05,Standard,231.62
1930,Asher Finn,asher.finn1930@example.com,United States,2025-03-14,Standard,585.78
1931,Ava Lane,ava.lane1931@example.com,United States,2025-07-05,Standard,668.54
1932,Felix Quinn,felix.quinn1932@example.com,United States,2025-05-16,Basic,127.57
1933,Theo Bell,theo.bell1933@example.com,Brazil,2022-11-27,Basic,150.00
1934,Leo Lang,leo.lang1934@example.com,United States,2025-12-30,Basic,65.46
1935,Nora Nash,nora.nash1935@example.com,Brazil,2023-02-28,Standard,654.47
1936,Chloe Cole,chloe.cole1936@example.com,Canada,2023-05-11,Basic,57.95
1937,Chloe Bell,chloe.bell1937@example.com,Japan,2023-11-10,Standard,258.75
1938,Owen Vale,owen.vale1938@example.com,United States,2026-03-14,Basic,10.59
1939,Felix Hale,felix.hale1939@example.com,Germany,2024-08-20,Standard,555.04
1940,Mia Snow,mia.snow1940@example.com,United States,2026-01-06,Standard,754.30
1941,Liam Kerr,liam.kerr1941@example.com,Australia,2024-12-29,Basic,7.77
1942,Chloe York,chloe.york1942@example.com,United States,2026-07-21,Basic,130.54
1943,Wren Tate,wren.tate1943@example.com,United States,2024-03-29,Basic,167.62
1944,Piper Gray,piper.gray1944@example.com,India,2022-08-01,Standard,241.34
1945,Nico Drew,nico.drew1945@example.com,France,2026-06-10,Basic,36.62
1946,Hugo Reed,hugo.reed1946@example.com,Australia,2022-10-18,Standard,368.59
1947,Silas York,silas.york1947@example.com,United States,2025-08-07,Standard,147.08
1948,Chloe Young,chloe.young1948@example.com,India,2026-03-31,Basic,85.19
1949,Nora Frost,nora.frost1949@example.com,United Kingdom,2024-07-11,Basic,84.51
1950,Sadie Drew,sadie.drew1950@example.com,India,2022-10-31,Standard,733.90
1951,Caleb Hart,caleb.hart1951@example.com,United Kingdom,2024-01-13,Standard,431.70
1952,Caleb Kerr,caleb.kerr1952@example.com,Australia,2024-08-31,Standard,626.53
1953,Felix Frost,felix.frost1953@example.com,Japan,2022-09-21,Standard,242.05
1954,Asher Frost,asher.frost1954@example.com,United States,2023-04-12,Basic,9.17
1955,Nico Blair,nico.blair1955@example.com,United States,2022-01-25,Standard,390.02
1956,Leo Lang,leo.lang1956@example.com,Brazil,2024-11-24,Standard,581.94
1957,Jonah Finn,jonah.finn1957@example.com,Mexico,2025-08-11,Basic,51.07
1958,Sadie West,sadie.west1958@example.com,Germany,2024-02-14,Standard,686.02
1959,Piper Reed,piper.reed1959@example.com,Germany,2024-09-18,Basic,124.47
1960,Ava Hale,ava.hale1960@example.com,United Kingdom,2023-09-26,Basic,67.64
1961,Owen Nash,owen.nash1961@example.com,India,2026-06-05,Standard,206.75
1962,Piper Blair,piper.blair1962@example.com,Canada,2025-07-31,Standard,65.99
1963,Wren Lang,wren.lang1963@example.com,India,2024-12-09,Basic,74.83
1964,Hugo Blair,hugo.blair1964@example.com,United States,2025-07-06,Standard,179.55
1965,Nora Bell,nora.bell1965@example.com,France,2024-12-31,Premium,4938.65
1966,Hugo Cruz,hugo.cruz1966@example.com,Mexico,2022-04-25,Basic,146.35
1967,Sadie Bell,sadie.bell1967@example.com,United States,2026-02-23,Standard,289.44
1968,Iris Zane,iris.zane1968@example.com,United States,2025-11-13,Basic,149.44
1969,Ethan Brooks,ethan.brooks1969@example.com,United States,2023-07-23,Basic,29.93
1970,Hugo Blair,hugo.blair1970@example.com,Netherlands,2022-09-29,Basic,171.23
1971,Caleb Brooks,caleb.brooks1971@example.com,United States,2026-04-09,Standard,675.58
1972,Chloe Walsh,chloe.walsh1972@example.com,India,2023-10-16,Standard,145.75
1973,Ivy York,ivy.york1973@example.com,United States,2023-02-09,Premium,1023.63
1974,Theo Dunn,theo.dunn1974@example.com,Germany,2025-03-11,Standard,62.58
1975,Sadie Shaw,sadie.shaw1975@example.com,United States,2024-06-25,Basic,63.83
1976,Sadie Snow,sadie.snow1976@example.com,India,2022-01-02,Standard,379.97
1977,Mila Shaw,mila.shaw1977@example.com,Germany,2022-12-28,Standard,480.75
1978,Lila York,lila.york1978@example.com,Spain,2023-09-06,Standard,396.29
1979,Nico Cruz,nico.cruz1979@example.com,United States,2025-02-23,Standard,709.37
1980,Caleb Gray,caleb.gray1980@example.com,Mexico,2023-01-09,Standard,689.08
1981,Ava Lane,ava.lane1981@example.com,Germany,2024-10-12,Basic,53.45
1982,Ethan Quinn,ethan.quinn1982@example.com,India,2022-07-13,Basic,145.22
1983,Nora Gray,nora.gray1983@example.com,Japan,2023-02-01,Basic,35.62
1984,Mila Cole,mila.cole1984@example.com,Germany,2023-10-18,Standard,745.20
1985,Jonah Walsh,jonah.walsh1985@example.com,Netherlands,2023-03-07,Basic,187.10
1986,Felix Nash,felix.nash1986@example.com,United States,2024-03-22,Standard,275.15
1987,Nico Reed,nico.reed1987@example.com,United States,2024-11-23,Standard,670.98
1988,Piper Finn,piper.finn1988@example.com,India,2023-07-06,Basic,74.94
1989,Arlo Drew,arlo.drew1989@example.com,Brazil,2023-09-14,Standard,536.00
1990,Zoe Frost,zoe.frost1990@example.com,United Kingdom,2026-03-07,Standard,463.33
1991,Chloe Frost,chloe.frost1991@example.com,Canada,2024-05-04,Standard,57.43
1992,Mila Pike,mila.pike1992@example.com,Canada,2025-08-15,Premium,4722.46
1993,Zoe Vale,zoe.vale1993@example.com,United States,2025-12-13,Basic,66.26
1994,Ivy Hale,ivy.hale1994@example.com,United Kingdom,2024-02-04,Basic,7.75
1995,Nora Shaw,,United Kingdom,2025-02-20,Basic,65.35
1996,Silas Blair,silas.blair1996@example.com,Canada,2023-07-16,Standard,190.03
1997,Mia Cole,mia.cole1997@example.com,India,2026-01-17,Standard,665.87
1998,Noah Park,noah.park1998@example.com,India,2025-12-17,Basic,159.59
1999,Owen Drew,owen.drew1999@example.com,France,2022-05-02,Basic,33.23
2000,Noah Gray,noah.gray2000@example.com,Germany,2024-06-16,Standard,422.55
2001,Liam York,liam.york2001@example.com,India,2023-10-27,Standard,592.34
2002,Wren Nash,wren.nash2002@example.com,France,2025-03-21,Basic,65.53
2003,Theo Quinn,theo.quinn2003@example.com,United Kingdom,2025-01-24,Standard,391.72
2004,Theo Bell,theo.bell2004@example.com,India,2022-10-15,Basic,22.28
2005,Nico Snow,nico.snow2005@example.com,India,2024-01-10,Basic,146.09
2006,Hugo Young,hugo.young2006@example.com,United Kingdom,2023-04-12,Standard,653.98
2007,Leo Lane,leo.lane2007@example.com,Mexico,2023-06-15,Standard,384.70
2008,Asher Lang,asher.lang2008@example.com,United States,2025-08-08,Basic,134.60
2009,Miles Pike,miles.pike2009@example.com,Japan,2026-08-31,Basic,173.14
2010,Noah Zane,noah.zane2010@example.com,United Kingdom,2025-03-04,Basic,143.26
2011,Noah Bell,noah.bell2011@example.com,United Kingdom,2025-01-08,Basic,161.22
2012,Caleb Dunn,caleb.dunn2012@example.com,United States,2022-06-04,Standard,790.95
2013,Mia Cruz,mia.cruz2013@example.com,Germany,2026-06-24,Basic,168.26
2014,Nico West,nico.west2014@example.com,Netherlands,2025-06-03,Premium,3908.78
2015,Ivy Park,ivy.park2015@example.com,India,2026-08-02,Premium,1951.56
2016,Chloe Vale,chloe.vale2016@example.com,Mexico,2022-11-08,Basic,108.27
2017,Mia Reed,mia.reed2017@example.com,United Kingdom,2024-12-16,Standard,616.75
2018,Jade Hart,jade.hart2018@example.com,United Kingdom,2025-07-01,Standard,561.11
2019,Ava Hart,ava.hart2019@example.com,Canada,2023-06-15,Standard,342.14
2020,Sadie Hale,sadie.hale2020@example.com,Germany,2025-08-31,Basic,65.64
2021,Mila Tate,mila.tate2021@example.com,United Kingdom,2026-01-04,Standard,250.02
2022,Ivy Park,ivy.park2022@example.com,United Kingdom,2022-07-26,Standard,84.37
2023,Theo Finn,theo.finn2023@example.com,United States,2022-09-18,Basic,176.97
2024,Leo Quinn,leo.quinn2024@example.com,United Kingdom,2023-04-17,Standard,323.68
2025,Ivy Frost,ivy.frost2025@example.com,Mexico,2023-04-23,Standard,334.73
2026,Mila Moss,mila.moss2026@example.com,Brazil,2024-06-19,Premium,1145.45
2027,Wren Pike,wren.pike2027@example.com,Brazil,2026-02-24,Premium,1593.58
2028,Ella Brooks,ella.brooks2028@example.com,Canada,2023-02-26,Standard,548.73
2029,Sadie Tate,sadie.tate2029@example.com,Spain,2024-11-03,Standard,726.98
2030,Liam Reed,liam.reed2030@example.com,United States,2024-09-28,Basic,198.19
2031,Leo Lang,leo.lang2031@example.com,Canada,2023-03-07,Basic,29.75
2032,Silas Bell,silas.bell2032@example.com,United States,2022-08-18,Standard,648.93
2033,Ava Hart,ava.hart2033@example.com,Canada,2022-07-24,Standard,514.88
2034,Leo Frost,leo.frost2034@example.com,Canada,2025-08-28,Basic,98.53
2035,Owen Kerr,owen.kerr2035@example.com,Australia,2024-03-09,Premium,2971.29
2036,Ava Drew,ava.drew2036@example.com,Brazil,2022-04-03,Basic,46.11
2037,Nico Cole,nico.cole2037@example.com,United States,2024-11-28,Standard,254.15
2038,Zoe Kerr,zoe.kerr2038@example.com,United States,2025-05-06,Standard,325.02
2039,Nico Lang,nico.lang2039@example.com,United Kingdom,2024-04-29,Basic,51.60
2040,Miles Reed,miles.reed2040@example.com,Germany,2022-11-07,Standard,288.04
2041,Leo Young,leo.young2041@example.com,India,2022-03-03,Basic,163.03
2042,Ivy Frost,ivy.frost2042@example.com,United Kingdom,2023-06-28,Standard,470.83
2043,Ava Snow,ava.snow2043@example.com,United States,2024-08-21,Premium,679.42
2044,Hugo West,hugo.west2044@example.com,Canada,2025-01-09,Standard,544.18
2045,Mila Finn,mila.finn2045@example.com,United States,2022-07-25,Basic,4.89
2046,Leo Young,leo.young2046@example.com,Canada,2022-05-16,Standard,197.33
2047,Jonah Vale,jonah.vale2047@example.com,Brazil,2025-01-04,Basic,144.31
2048,Zoe West,zoe.west2048@example.com,Australia,2023-09-30,Standard,674.22
2049,Jonah Young,jonah.young2049@example.com,United States,2025-09-06,Basic,176.94
2050,Leo Finn,leo.finn2050@example.com,United States,2024-10-06,Basic,187.18
2051,Ivy Nash,ivy.nash2051@example.com,United States,2022-10-20,Standard,345.63
2052,Felix Quinn,felix.quinn2052@example.com,India,2023-08-02,Basic,34.48
2053,Owen Cole,owen.cole2053@example.com,India,2023-09-09,Standard,480.73
2054,Iris Vale,iris.vale2054@example.com,Germany,2025-03-28,Basic,87.40
2055,Mila Young,mila.young2055@example.com,Canada,2025-09-16,Standard,240.34
2056,Sadie Lang,sadie.lang2056@example.com,United States,2026-06-26,Basic,126.16
2057,Piper Brooks,piper.brooks2057@example.com,Mexico,2022-01-30,Basic,46.84
2058,Piper Brooks,piper.brooks2058@example.com,United States,2024-03-23,Basic,105.68
2059,Ava Dunn,ava.dunn2059@example.com,Brazil,2023-01-20,Standard,581.70
2060,Chloe Blair,chloe.blair2060@example.com,United States,2024-06-19,Standard,204.42
2061,Hugo Drew,hugo.drew2061@example.com,Germany,2023-11-22,Basic,110.51
2062,Jade Reed,jade.reed2062@example.com,Japan,2024-09-25,Standard,769.45
2063,Chloe Hale,chloe.hale2063@example.com,Brazil,2026-04-13,Premium,3221.43
2064,Ruby Quinn,ruby.quinn2064@example.com,Canada,2022-02-22,Basic,178.03
2065,Zoe Walsh,zoe.walsh2065@example.com,Canada,2022-08-16,Standard,207.65
2066,Theo Kerr,theo.kerr2066@example.com,Brazil,2023-09-21,Standard,643.18
2067,Miles Cruz,miles.cruz2067@example.com,United States,2024-10-30,Basic,59.83
2068,Ella Tate,ella.tate2068@example.com,Mexico,2023-02-04,Basic,46.43
2069,Wren Hale,wren.hale2069@example.com,United States,2026-02-11,Standard,513.91
2070,Lila Finn,lila.finn2070@example.com,France,2024-12-22,Basic,172.04
2071,Noah Snow,noah.snow2071@example.com,Germany,2025-11-21,Standard,745.82
2072,Ethan Moss,ethan.moss2072@example.com,India,2025-07-24,Standard,346.56
2073,Wren Zane,wren.zane2073@example.com,United States,2025-06-02,Basic,138.94
2074,Nico Blair,nico.blair2074@example.com,Spain,2024-03-31,Standard,438.62
2075,Ella Young,ella.young2075@example.com,Canada,2024-09-02,Standard,663.42
2076,Nora Nash,nora.nash2076@example.com,United Kingdom,2022-06-03,Basic,82.35
2077,Iris Cruz,iris.cruz2077@example.com,United States,2026-02-11,Basic,194.63
2078,Mia Brooks,mia.brooks2078@example.com,United States,2024-09-11,Basic,52.51
2079,Mila Snow,mila.snow2079@example.com,Mexico,2024-03-12,Basic,52.24
2080,Piper Shaw,piper.shaw2080@example.com,United States,2023-12-19,Standard,142.44
2081,Owen Drew,owen.drew2081@example.com,Canada,2026-01-26,Standard,249.02
2082,Ivy Vale,ivy.vale2082@example.com,United States,2023-11-02,Standard,64.11
2083,Piper Walsh,piper.walsh2083@example.com,Germany,2026-04-30,Standard,667.49
2084,Owen Hale,owen.hale2084@example.com,Japan,2025-01-13,Standard,645.54
2085,Zoe Quinn,zoe.quinn2085@example.com,India,2026-01-14,Basic,111.86
2086,Jade Drew,jade.drew2086@example.com,United States,2023-06-08,Basic,36.97
2087,Piper Vale,piper.vale2087@example.com,United States,2025-12-24,Standard,688.71
2088,Mila Frost,mila.frost2088@example.com,United States,2026-02-07,Standard,525.20
2089,Owen West,owen.west2089@example.com,Germany,2025-12-07,Basic,141.71
2090,Miles Brooks,miles.brooks2090@example.com,Brazil,2023-07-28,Standard,411.58
2091,Jade Drew,jade.drew2091@example.com,United Kingdom,2025-09-27,Standard,379.31
2092,Leo Quinn,leo.quinn2092@example.com,India,2024-09-21,Premium,1772.67
2093,Sadie York,sadie.york2093@example.com,Canada,2023-06-29,Standard,186.26
2094,Mila Tate,mila.tate2094@example.com,France,2025-03-04,Basic,123.14
2095,Asher Bell,asher.bell2095@example.com,Australia,2022-03-28,Basic,197.15
2096,Liam Dunn,liam.dunn2096@example.com,Australia,2022-07-21,Basic,188.62
2097,Liam Walsh,liam.walsh2097@example.com,United States,2025-04-03,Basic,197.85
2098,Miles Tate,miles.tate2098@example.com,India,2023-12-13,Standard,627.03
2099,Nico Vale,nico.vale2099@example.com,Germany,2024-03-27,Standard,615.96
2100,Felix Zane,felix.zane2100@example.com,France,2022-02-19,Premium,3805.74
2101,Nora Walsh,nora.walsh2101@example.com,Canada,2022-02-28,Standard,648.50
2102,Nico Young,nico.young2102@example.com,Japan,2023-12-06,Standard,511.86
2103,Owen Drew,owen.drew2103@example.com,United States,2024-07-27,Standard,394.94
2104,Mila Snow,mila.snow2104@example.com,France,2025-01-25,Standard,471.89
2105,Hugo Pike,hugo.pike2105@example.com,India,2022-12-19,Basic,163.78
2106,Nico Quinn,nico.quinn2106@example.com,Australia,2026-02-24,Standard,348.28
2107,Nora Tate,,Netherlands,2022-07-05,Standard,582.23
2108,Nora Finn,nora.finn2108@example.com,United States,2024-02-23,Standard,314.96
2109,Ruby West,ruby.west2109@example.com,United Kingdom,2026-07-09,Basic,143.44
2110,Jade Moss,jade.moss2110@example.com,Spain,2023-10-24,Basic,5.21
2111,Liam Blair,liam.blair2111@example.com,Netherlands,2025-12-05,Standard,784.63
2112,Caleb Park,caleb.park2112@example.com,United States,2025-06-20,Standard,149.52
2113,Ivy Quinn,ivy.quinn2113@example.com,France,2025-09-20,Premium,2621.46
2114,Nico Drew,nico.drew2114@example.com,United Kingdom,2023-12-26,Standard,570.03
2115,Zoe Zane,zoe.zane2115@example.com,Japan,2026-02-16,Standard,435.23
2116,Asher Dunn,asher.dunn2116@example.com,United Kingdom,2023-04-06,Basic,145.01
2117,Wren Brooks,wren.brooks2117@example.com,United States,2023-07-15,Standard,84.54
2118,Jonah Cole,jonah.cole2118@example.com,Mexico,2023-05-18,Basic,74.00
2119,Chloe Gray,chloe.gray2119@example.com,United States,2023-08-31,Basic,79.84
2120,Ava West,ava.west2120@example.com,Japan,2024-04-28,Standard,779.18
2121,Theo Dunn,theo.dunn2121@example.com,United States,2024-11-28,Standard,573.78
2122,Piper Dunn,piper.dunn2122@example.com,Mexico,2026-03-10,Basic,85.68
2123,Iris Snow,iris.snow2123@example.com,Japan,2023-06-24,Basic,141.33
2124,Leo Moss,leo.moss2124@example.com,Netherlands,2023-10-18,Basic,177.06
2125,Leo Quinn,leo.quinn2125@example.com,United States,2026-08-22,Basic,80.90
2126,Silas Cruz,silas.cruz2126@example.com,United States,2026-05-26,Standard,715.12
2127,Iris York,iris.york2127@example.com,United States,2026-08-20,Standard,348.61
2128,Hugo Moss,hugo.moss2128@example.com,Australia,2025-02-08,Basic,73.38
2129,Chloe Drew,chloe.drew2129@example.com,United States,2025-06-21,Standard,623.92
2130,Jonah Dunn,jonah.dunn2130@example.com,Spain,2022-12-17,Standard,78.98
2131,Theo Vale,theo.vale2131@example.com,United States,2023-12-13,Standard,674.72
2132,Nico Kerr,nico.kerr2132@example.com,India,2022-05-14,Standard,411.87
2133,Sadie Drew,sadie.drew2133@example.com,India,2026-01-01,Basic,195.86
2134,Jonah Shaw,jonah.shaw2134@example.com,Spain,2024-03-22,Basic,70.51
2135,Felix Vale,felix.vale2135@example.com,India,2023-09-16,Standard,483.23
2136,Owen Dunn,owen.dunn2136@example.com,Germany,2024-04-13,Basic,47.26
2137,Mila Cruz,mila.cruz2137@example.com,France,2022-01-14,Basic,199.75
2138,Noah Kerr,noah.kerr2138@example.com,France,2026-05-06,Basic,23.26
2139,Asher Quinn,asher.quinn2139@example.com,India,2026-02-09,Standard,305.09
2140,Owen Finn,owen.finn2140@example.com,Mexico,2023-01-07,Basic,9.66
2141,Piper Zane,piper.zane2141@example.com,United States,2022-07-02,Standard,173.41
2142,Ella Dunn,ella.dunn2142@example.com,India,2026-07-07,Basic,133.55
2143,Ella Kerr,ella.kerr2143@example.com,Japan,2023-01-10,Standard,175.64
2144,Caleb Moss,caleb.moss2144@example.com,Canada,2023-06-01,Standard,704.94
2145,Mia Reed,mia.reed2145@example.com,United States,2023-12-21,Standard,156.91
2146,Nora Vale,nora.vale2146@example.com,Germany,2022-02-11,Basic,198.62
2147,Noah Cruz,noah.cruz2147@example.com,United Kingdom,2022-12-12,Premium,509.06
2148,Lila Hart,lila.hart2148@example.com,Canada,2022-02-26,Premium,4694.50
2149,Jade Dunn,jade.dunn2149@example.com,Brazil,2022-12-20,Standard,297.04
2150,Piper Finn,piper.finn2150@example.com,Germany,2023-12-09,Standard,177.09
2151,Nico Hale,nico.hale2151@example.com,France,2025-03-21,Basic,57.97
2152,Jade Vale,jade.vale2152@example.com,Brazil,2022-12-30,Basic,166.24
2153,Zoe Tate,zoe.tate2153@example.com,United States,2022-03-21,Basic,176.15
2154,Jade Snow,jade.snow2154@example.com,Japan,2023-10-01,Basic,95.49
2155,Liam Moss,liam.moss2155@example.com,France,2022-12-09,Basic,32.67
2156,Jonah Blair,jonah.blair2156@example.com,Mexico,2023-11-22,Standard,645.94
2157,Arlo Hale,arlo.hale2157@example.com,Canada,2024-07-06,Standard,202.54
2158,Felix Cruz,felix.cruz2158@example.com,United States,2022-10-17,Premium,1755.41
2159,Wren York,wren.york2159@example.com,Canada,2024-01-04,Standard,126.83
2160,Arlo Zane,arlo.zane2160@example.com,Japan,2025-09-12,Standard,179.47
2161,Nico Bell,nico.bell2161@example.com,Australia,2024-12-15,Premium,3451.72
2162,Sadie Kerr,sadie.kerr2162@example.com,Canada,2025-01-23,Standard,313.36
2163,Caleb Lane,caleb.lane2163@example.com,India,2023-08-23,Standard,608.78
2164,Ella Shaw,ella.shaw2164@example.com,Germany,2024-10-03,Standard,186.73
2165,Nora Cruz,nora.cruz2165@example.com,Canada,2024-10-16,Standard,426.43
2166,Mila Hale,mila.hale2166@example.com,Germany,2022-03-27,Basic,61.62
2167,Mia Frost,mia.frost2167@example.com,India,2025-03-15,Basic,177.86
2168,Ethan Gray,ethan.gray2168@example.com,United States,2022-02-27,Standard,111.87
2169,Caleb Pike,caleb.pike2169@example.com,Spain,2022-04-18,Standard,618.59
2170,Hugo Bell,hugo.bell2170@example.com,United States,2024-01-30,Standard,108.61
2171,Arlo Blair,arlo.blair2171@example.com,Spain,2023-03-30,Premium,4235.08
2172,Nora Quinn,nora.quinn2172@example.com,Germany,2025-03-15,Basic,5.10
2173,Noah Zane,noah.zane2173@example.com,Netherlands,2022-08-27,Standard,430.68
2174,Ava Young,ava.young2174@example.com,Japan,2026-08-30,Standard,483.52
2175,Ethan Pike,ethan.pike2175@example.com,United Kingdom,2024-04-03,Basic,14.66
2176,Zoe Nash,zoe.nash2176@example.com,Australia,2023-06-13,Standard,604.22
2177,Felix Dunn,felix.dunn2177@example.com,Netherlands,2023-09-27,Basic,67.13
2178,Jade Gray,jade.gray2178@example.com,United States,2025-11-14,Basic,3.35
2179,Miles Tate,miles.tate2179@example.com,United States,2023-01-24,Standard,689.91
2180,Ruby Finn,ruby.finn2180@example.com,India,2022-03-27,Premium,4149.05
2181,Mila Vale,mila.vale2181@example.com,India,2022-05-25,Standard,199.92
2182,Liam Reed,liam.reed2182@example.com,Germany,2023-01-11,Basic,175.94
2183,Nora Reed,nora.reed2183@example.com,United States,2025-10-26,Basic,130.48
2184,Caleb Cruz,caleb.cruz2184@example.com,Brazil,2023-06-20,Standard,192.20
2185,Mila Walsh,mila.walsh2185@example.com,Brazil,2023-02-18,Standard,163.38
2186,Theo West,theo.west2186@example.com,United States,2022-03-15,Standard,664.67
2187,Jonah Walsh,jonah.walsh2187@example.com,United States,2024-03-05,Premium,1467.19
2188,Mia Park,mia.park2188@example.com,United States,2024-06-11,Basic,121.53
2189,Chloe Lang,chloe.lang2189@example.com,France,2022-03-26,Standard,710.10
2190,Mila Blair,mila.blair2190@example.com,India,2022-03-31,Basic,186.38
2191,Ava Nash,ava.nash2191@example.com,Spain,2022-12-26,Standard,508.90
2192,Chloe Blair,chloe.blair2192@example.com,United States,2024-02-18,Basic,50.16
2193,Caleb Bell,caleb.bell2193@example.com,United States,2023-02-03,Premium,2261.02
2194,Felix Lang,felix.lang2194@example.com,Brazil,2022-05-23,Standard,372.14
2195,Asher Bell,asher.bell2195@example.com,United States,2025-01-25,Standard,466.22
2196,Noah Walsh,noah.walsh2196@example.com,Canada,2024-12-30,Basic,5.72
2197,Asher Lang,asher.lang2197@example.com,Netherlands,2024-01-29,Standard,100.37
2198,Zoe Young,zoe.young2198@example.com,United States,2024-02-20,Premium,517.93
2199,Sadie Brooks,sadie.brooks2199@example.com,India,2022-09-03,Basic,73.57
2200,Mila Gray,mila.gray2200@example.com,France,2022-02-10,Premium,3901.90
2201,Wren Zane,wren.zane2201@example.com,France,2024-03-01,Standard,420.23
2202,Felix Finn,felix.finn2202@example.com,Netherlands,2023-05-02,Standard,692.98
2203,Asher Drew,asher.drew2203@example.com,Mexico,2024-07-20,Standard,678.00
2204,Arlo Young,arlo.young2204@example.com,Germany,2024-01-08,Standard,343.39
2205,Zoe Frost,zoe.frost2205@example.com,United States,2024-03-06,Standard,387.13
2206,Jade Reed,jade.reed2206@example.com,United States,2026-07-08,Standard,443.02
2207,Zoe Brooks,zoe.brooks2207@example.com,India,2025-01-13,Standard,347.51
2208,Ella Nash,ella.nash2208@example.com,United Kingdom,2024-04-11,Basic,137.99
2209,Jade Shaw,jade.shaw2209@example.com,Canada,2024-03-06,Standard,657.54
2210,Leo Lane,leo.lane2210@example.com,Canada,2026-01-21,Standard,744.59
2211,Ivy Cole,ivy.cole2211@example.com,United States,2023-02-03,Standard,526.33
2212,Jade Vale,jade.vale2212@example.com,India,2024-04-16,Standard,541.27
2213,Piper Frost,piper.frost2213@example.com,United States,2022-08-11,Standard,761.49
2214,Piper Vale,piper.vale2214@example.com,Japan,2026-05-06,Standard,590.17
2215,Noah Blair,noah.blair2215@example.com,France,2022-11-17,Standard,553.69
2216,Arlo Bell,arlo.bell2216@example.com,Spain,2022-02-18,Standard,320.60
2217,Ella Dunn,ella.dunn2217@example.com,United States,2026-03-08,Basic,184.60
2218,Mila Nash,mila.nash2218@example.com,France,2026-06-29,Standard,309.27
2219,Zoe Shaw,zoe.shaw2219@example.com,United States,2026-02-21,Standard,221.12
2220,Mila Zane,mila.zane2220@example.com,Australia,2026-04-13,Standard,745.45
2221,Hugo Gray,hugo.gray2221@example.com,India,2026-05-31,Basic,21.41
2222,Mia Hart,mia.hart2222@example.com,Brazil,2022-04-19,Premium,2238.05
2223,Nico Quinn,nico.quinn2223@example.com,Netherlands,2023-02-20,Standard,247.39
2224,Ivy Frost,ivy.frost2224@example.com,United Kingdom,2023-10-09,Basic,191.18
2225,Jade Tate,jade.tate2225@example.com,United Kingdom,2022-12-25,Standard,429.76
2226,Caleb Walsh,caleb.walsh2226@example.com,United States,2022-11-08,Basic,53.49
2227,Miles Walsh,miles.walsh2227@example.com,Australia,2022-11-21,Standard,786.18
2228,Theo Gray,theo.gray2228@example.com,Mexico,2025-11-14,Standard,376.88
2229,Liam Hale,liam.hale2229@example.com,Netherlands,2022-07-18,Basic,12.90
2230,Zoe Young,zoe.young2230@example.com,United Kingdom,2022-12-16,Standard,76.15
2231,Sadie Kerr,sadie.kerr2231@example.com,United Kingdom,2024-06-22,Basic,191.65
2232,Sadie Reed,sadie.reed2232@example.com,United States,2024-10-04,Standard,792.89
2233,Leo Young,leo.young2233@example.com,United States,2024-01-28,Standard,140.29
2234,Ethan Nash,ethan.nash2234@example.com,India,2022-11-03,Standard,195.45
2235,Arlo Snow,arlo.snow2235@example.com,United States,2025-07-22,Basic,105.08
2236,Caleb Kerr,caleb.kerr2236@example.com,India,2023-12-28,Basic,197.52
2237,Silas York,silas.york2237@example.com,Brazil,2024-05-05,Premium,1386.36
2238,Leo West,leo.west2238@example.com,Germany,2024-12-01,Standard,80.72
2239,Jonah Lane,jonah.lane2239@example.com,United States,2023-05-05,Basic,100.47
2240,Ruby Vale,ruby.vale2240@example.com,United Kingdom,2023-07-13,Basic,150.10
2241,Felix Quinn,felix.quinn2241@example.com,United States,2025-07-02,Standard,63.99
2242,Hugo Dunn,hugo.dunn2242@example.com,Canada,2024-08-20,Premium,2492.38
2243,Ella Brooks,ella.brooks2243@example.com,United States,2024-02-08,Basic,109.98
2244,Leo Snow,leo.snow2244@example.com,Mexico,2024-05-19,Standard,583.71
2245,Iris Lane,iris.lane2245@example.com,United Kingdom,2023-06-20,Standard,774.01
2246,Ivy York,ivy.york2246@example.com,United States,2024-07-10,Standard,161.14
2247,Silas Hale,silas.hale2247@example.com,Brazil,2022-08-21,Basic,7.53
2248,Silas Nash,silas.nash2248@example.com,United States,2022-06-02,Basic,58.03
2249,Leo Quinn,leo.quinn2249@example.com,Japan,2026-05-15,Standard,164.53
2250,Nico Quinn,nico.quinn2250@example.com,United States,2026-07-11,Premium,2288.52
2251,Nico Zane,nico.zane2251@example.com,United States,2025-07-06,Standard,653.93
2252,Piper West,piper.west2252@example.com,Australia,2025-06-08,Standard,209.87
2253,Noah Kerr,noah.kerr2253@example.com,Netherlands,2022-06-16,Standard,293.23
2254,Mia Kerr,mia.kerr2254@example.com,United States,2026-06-10,Basic,76.37
2255,Ivy Brooks,ivy.brooks2255@example.com,Canada,2026-09-23,Basic,173.45
2256,Ivy York,ivy.york2256@example.com,India,2024-10-11,Basic,198.39
2257,Iris Reed,iris.reed2257@example.com,India,2025-04-27,Standard,130.30
2258,Chloe Reed,chloe.reed2258@example.com,United States,2023-02-09,Standard,395.06
2259,Zoe Young,zoe.young2259@example.com,Mexico,2025-12-04,Standard,212.54
2260,Iris Park,iris.park2260@example.com,United States,2023-10-21,Premium,4465.11
2261,Owen Reed,owen.reed2261@example.com,Japan,2023-08-31,Standard,590.38
2262,Lila Gray,lila.gray2262@example.com,Canada,2026-08-16,Standard,501.88
2263,Hugo Cole,hugo.cole2263@example.com,Australia,2025-10-31,Standard,379.86
2264,Caleb Park,caleb.park2264@example.com,United States,2024-10-08,Standard,501.18
2265,Jade Lang,jade.lang2265@example.com,India,2024-05-30,Premium,919.17
2266,Felix Park,felix.park2266@example.com,Canada,2026-03-05,Basic,28.91
2267,Nora Dunn,nora.dunn2267@example.com,Netherlands,2025-11-30,Basic,198.41
2268,Felix Quinn,felix.quinn2268@example.com,India,2023-10-16,Standard,640.85
2269,Leo Lang,leo.lang2269@example.com,United Kingdom,2023-09-07,Basic,160.26
2270,Nora Cruz,nora.cruz2270@example.com,United States,2025-04-17,Basic,55.88
2271,Noah Kerr,noah.kerr2271@example.com,Germany,2024-08-03,Standard,475.15
2272,Arlo Snow,arlo.snow2272@example.com,Mexico,2024-08-07,Basic,152.17
2273,Chloe Nash,chloe.nash2273@example.com,India,2024-05-09,Standard,82.08
2274,Nico Nash,nico.nash2274@example.com,Canada,2025-07-18,Basic,48.95
2275,Ella Moss,ella.moss2275@example.com,Japan,2025-09-17,Premium,1405.86
2276,Zoe Dunn,zoe.dunn2276@example.com,United States,2022-02-03,Basic,128.21
2277,Jonah Nash,jonah.nash2277@example.com,United States,2024-10-15,Standard,564.10
2278,Ethan Frost,ethan.frost2278@example.com,Brazil,2023-07-23,Basic,74.62
2279,Ivy York,ivy.york2279@example.com,Germany,2024-06-10,Standard,259.48
2280,Jonah Hale,jonah.hale2280@example.com,Spain,2022-05-18,Premium,2194.93
2281,Iris York,iris.york2281@example.com,United States,2024-11-28,Standard,697.79
2282,Silas Blair,silas.blair2282@example.com,United States,2023-09-23,Standard,257.88
2283,Nora Gray,nora.gray2283@example.com,Australia,2025-06-06,Standard,209.70
2284,Asher Nash,asher.nash2284@example.com,United Kingdom,2024-02-04,Standard,217.94
2285,Leo Dunn,leo.dunn2285@example.com,United States,2024-07-04,Basic,121.24
2286,Miles Cole,miles.cole2286@example.com,United Kingdom,2023-04-24,Standard,459.64
2287,Piper Zane,piper.zane2287@example.com,Germany,2023-07-29,Basic,181.86
2288,Nora Dunn,nora.dunn2288@example.com,India,2022-09-18,Basic,105.45
2289,Silas Gray,silas.gray2289@example.com,Netherlands,2025-12-21,Standard,360.66
2290,Wren Tate,wren.tate2290@example.com,France,2022-02-09,Standard,460.85
2291,Lila Young,lila.young2291@example.com,India,2025-07-01,Premium,2186.39
2292,Mia Bell,mia.bell2292@example.com,France,2026-01-30,Standard,398.66
2293,Mia Vale,mia.vale2293@example.com,United States,2026-04-26,Standard,412.03
2294,Iris Nash,iris.nash2294@example.com,India,2024-08-28,Standard,373.20
2295,Owen Gray,owen.gray2295@example.com,United Kingdom,2025-06-25,Premium,3029.96
2296,Theo Nash,theo.nash2296@example.com,Spain,2024-09-19,Basic,102.94
2297,Asher Young,asher.young2297@example.com,Japan,2025-08-15,Standard,296.67
2298,Arlo Finn,arlo.finn2298@example.com,United Kingdom,2022-05-05,Standard,305.51
2299,Lila Snow,lila.snow2299@example.com,United States,2024-02-10,Standard,604.42
2300,Iris Tate,iris.tate2300@example.com,United Kingdom,2023-02-23,Basic,47.20
2301,Caleb Hart,caleb.hart2301@example.com,Australia,2024-05-13,Premium,912.66
2302,Leo Vale,leo.vale2302@example.com,Mexico,2024-07-03,Basic,125.18
2303,Theo Reed,theo.reed2303@example.com,India,2022-08-09,Standard,408.55
2304,Chloe Drew,chloe.drew2304@example.com,France,2023-08-07,Standard,263.51
2305,Sadie Nash,sadie.nash2305@example.com,United States,2022-04-18,Standard,477.99
2306,Theo York,theo.york2306@example.com,United Kingdom,2026-01-15,Standard,541.55
2307,Theo Hart,theo.hart2307@example.com,Australia,2024-03-21,Standard,283.30
2308,Nora Finn,nora.finn2308@example.com,United States,2023-08-03,Basic,106.17
2309,Sadie Park,sadie.park2309@example.com,Brazil,2022-04-25,Standard,222.84
2310,Jonah Quinn,jonah.quinn2310@example.com,United States,2022-07-29,Basic,171.30
2311,Ethan Kerr,ethan.kerr2311@example.com,India,2024-01-02,Standard,493.23
2312,Mia Shaw,mia.shaw2312@example.com,United States,2024-03-31,Standard,764.48
2313,Noah Bell,noah.bell2313@example.com,India,2025-11-23,Standard,253.14
2314,Theo Tate,theo.tate2314@example.com,United States,2022-11-22,Premium,1104.23
2315,Mila Zane,mila.zane2315@example.com,United States,2022-04-26,Basic,182.74
2316,Ava Brooks,ava.brooks2316@example.com,India,2024-09-07,Standard,105.56
2317,Noah Cole,noah.cole2317@example.com,Spain,2022-10-09,Basic,164.03
2318,Nora Lane,nora.lane2318@example.com,Australia,2024-03-21,Standard,75.23
2319,Lila Park,lila.park2319@example.com,United States,2026-01-03,Standard,593.86
2320,Theo Quinn,theo.quinn2320@example.com,France,2023-03-04,Premium,1703.27
2321,Sadie York,sadie.york2321@example.com,India,2025-04-06,Premium,2429.99
2322,Lila Young,lila.young2322@example.com,Canada,2022-11-08,Basic,175.71
2323,Ava Zane,ava.zane2323@example.com,Australia,2023-06-29,Standard,779.10
2324,Leo Bell,leo.bell2324@example.com,Japan,2026-03-25,Standard,385.90
2325,Nora Blair,nora.blair2325@example.com,United States,2022-09-02,Standard,424.05
2326,Chloe Hart,chloe.hart2326@example.com,Spain,2025-10-07,Standard,720.83
2327,Mila Pike,mila.pike2327@example.com,United States,2024-03-04,Standard,189.89
2328,Hugo Zane,hugo.zane2328@example.com,United States,2025-03-13,Basic,97.84
2329,Wren Kerr,wren.kerr2329@example.com,Brazil,2026-08-02,Basic,99.40
2330,Leo Vale,leo.vale2330@example.com,Australia,2025-03-06,Premium,4922.69
2331,Ruby Blair,ruby.blair2331@example.com,United Kingdom,2023-03-20,Standard,287.13
2332,Nico Lane,nico.lane2332@example.com,Spain,2024-03-06,Standard,479.07
2333,Chloe Pike,chloe.pike2333@example.com,United States,2024-10-03,Standard,679.37
2334,Theo Finn,theo.finn2334@example.com,Mexico,2023-05-24,Standard,151.80
2335,Asher Walsh,asher.walsh2335@example.com,Brazil,2025-06-22,Basic,16.39
2336,Nico Hart,nico.hart2336@example.com,Netherlands,2023-09-14,Basic,145.83
2337,Ella Lang,ella.lang2337@example.com,United States,2022-04-20,Standard,532.41
2338,Ivy Gray,ivy.gray2338@example.com,Canada,2024-02-03,Standard,149.74
2339,Ruby Shaw,ruby.shaw2339@example.com,United Kingdom,2022-03-13,Basic,39.34
2340,Caleb Nash,caleb.nash2340@example.com,Netherlands,2026-06-28,Standard,318.25
2341,Liam Zane,liam.zane2341@example.com,Spain,2026-06-12,Standard,89.80
2342,Jade Zane,jade.zane2342@example.com,United States,2022-08-19,Basic,28.21
2343,Hugo Cole,hugo.cole2343@example.com,Brazil,2025-11-24,Standard,780.65
2344,Ruby Drew,ruby.drew2344@example.com,France,2022-05-10,Premium,4334.82
2345,Iris Nash,iris.nash2345@example.com,Canada,2024-02-12,Standard,89.18
2346,Noah York,noah.york2346@example.com,Germany,2022-12-25,Standard,67.39
2347,Sadie Young,sadie.young2347@example.com,United States,2026-04-26,Premium,1972.32
2348,Iris Frost,iris.frost2348@example.com,United States,2023-07-02,Basic,7.99
2349,Felix Drew,felix.drew2349@example.com,United States,2025-11-13,Basic,146.79
2350,Silas Hart,silas.hart2350@example.com,United States,2025-02-27,Basic,142.65
2351,Theo Kerr,theo.kerr2351@example.com,United States,2026-03-01,Standard,111.98
2352,Caleb Moss,caleb.moss2352@example.com,United Kingdom,2026-08-08,Premium,2977.13
2353,Theo Reed,theo.reed2353@example.com,Netherlands,2026-01-27,Standard,772.23
2354,Theo Nash,theo.nash2354@example.com,Australia,2024-04-13,Standard,278.01
2355,Sadie Pike,sadie.pike2355@example.com,Mexico,2026-04-21,Standard,433.31
2356,Zoe Tate,zoe.tate2356@example.com,Brazil,2025-10-15,Basic,177.69
2357,Miles Moss,miles.moss2357@example.com,United States,2023-06-03,Basic,45.10
2358,Nora Zane,nora.zane2358@example.com,Germany,2026-03-24,Standard,756.75
2359,Nico Hale,nico.hale2359@example.com,United States,2024-11-03,Standard,240.12
2360,Asher Lane,asher.lane2360@example.com,Japan,2022-11-23,Standard,232.87
2361,Wren Snow,wren.snow2361@example.com,India,2022-06-17,Standard,599.16
2362,Jade Walsh,jade.walsh2362@example.com,France,2024-11-30,Basic,34.01
2363,Sadie Hart,sadie.hart2363@example.com,France,2022-12-04,Standard,347.24
2364,Felix Kerr,felix.kerr2364@example.com,Germany,2023-10-29,Basic,122.33
2365,Theo Zane,theo.zane2365@example.com,Australia,2024-03-15,Standard,337.14
2366,Sadie Moss,sadie.moss2366@example.com,India,2022-08-06,Basic,73.99
2367,Piper Gray,piper.gray2367@example.com,Japan,2026-03-23,Standard,296.84
2368,Iris Hart,iris.hart2368@example.com,Spain,2026-06-27,Basic,35.32
2369,Jonah Nash,jonah.nash2369@example.com,India,2023-09-20,Basic,79.24
2370,Mila Pike,mila.pike2370@example.com,United States,2025-07-31,Standard,176.59
2371,Wren Blair,wren.blair2371@example.com,United States,2022-09-05,Premium,1585.73
2372,Ethan Tate,ethan.tate2372@example.com,United States,2023-06-04,Basic,148.30
2373,Liam Shaw,liam.shaw2373@example.com,Australia,2022-01-22,Basic,195.80
2374,Caleb Lane,caleb.lane2374@example.com,United States,2024-05-27,Standard,677.10
2375,Piper Finn,piper.finn2375@example.com,India,2022-03-06,Standard,705.35
2376,Nora Moss,nora.moss2376@example.com,India,2026-06-22,Premium,2511.98
2377,Mila Cruz,mila.cruz2377@example.com,Canada,2025-04-17,Basic,115.03
2378,Felix York,,United Kingdom,2024-09-25,Basic,28.45
2379,Jonah Drew,jonah.drew2379@example.com,United States,2026-01-23,Standard,173.21
2380,Chloe Pike,chloe.pike2380@example.com,United States,2024-08-19,Basic,11.25
2381,Nora Frost,nora.frost2381@example.com,India,2024-07-13,Standard,333.84
2382,Asher Shaw,asher.shaw2382@example.com,India,2025-04-30,Premium,4040.21
2383,Mila Hart,mila.hart2383@example.com,Canada,2024-10-25,Basic,59.38
2384,Chloe Drew,chloe.drew2384@example.com,Canada,2025-01-02,Basic,15.96
2385,Ruby Dunn,ruby.dunn2385@example.com,Germany,2022-12-23,Premium,2868.34
2386,Caleb West,caleb.west2386@example.com,United Kingdom,2023-11-10,Standard,609.32
2387,Liam Hale,liam.hale2387@example.com,Japan,2023-02-12,Standard,681.95
2388,Jonah Cole,jonah.cole2388@example.com,India,2026-07-11,Premium,3928.16
2389,Jade Reed,jade.reed2389@example.com,United States,2023-01-10,Basic,73.21
2390,Nora West,nora.west2390@example.com,Japan,2023-04-14,Basic,145.70
2391,Silas Kerr,silas.kerr2391@example.com,United States,2022-12-03,Basic,45.61
2392,Zoe Lang,zoe.lang2392@example.com,France,2022-02-18,Basic,143.55
2393,Jonah Moss,jonah.moss2393@example.com,Canada,2025-12-21,Basic,172.08
2394,Jade Kerr,jade.kerr2394@example.com,France,2024-05-07,Standard,670.83
2395,Noah Drew,noah.drew2395@example.com,India,2022-05-18,Standard,135.42
2396,Mia Drew,mia.drew2396@example.com,Australia,2024-08-30,Basic,131.50
2397,Lila Zane,lila.zane2397@example.com,Netherlands,2022-10-09,Standard,208.61
2398,Ava Reed,ava.reed2398@example.com,United States,2023-02-07,Premium,2838.85
2399,Felix Cruz,felix.cruz2399@example.com,United States,2022-05-17,Standard,293.15
2400,Sadie Shaw,sadie.shaw2400@example.com,United States,2023-02-19,Premium,1272.73
2401,Caleb Nash,caleb.nash2401@example.com,Canada,2024-02-01,Basic,19.65
2402,Lila Snow,lila.snow2402@example.com,Germany,2023-06-29,Premium,3570.08
2403,Lila Hart,lila.hart2403@example.com,Japan,2023-10-17,Standard,369.39
2404,Nico York,nico.york2404@example.com,United States,2024-08-30,Basic,156.72
2405,Jonah Blair,jonah.blair2405@example.com,Canada,2025-07-21,Premium,3787.44
2406,Theo West,theo.west2406@example.com,United States,2022-09-18,Basic,167.07
2407,Zoe West,zoe.west2407@example.com,Germany,2022-05-29,Basic,185.51
2408,Ethan Cole,ethan.cole2408@example.com,Canada,2025-07-05,Standard,524.11
2409,Owen Tate,owen.tate2409@example.com,United States,2024-06-03,Standard,106.24
2410,Nico Lane,nico.lane2410@example.com,United States,2025-10-07,Basic,122.44
2411,Ella Vale,ella.vale2411@example.com,Brazil,2026-03-14,Standard,216.88
2412,Jonah Finn,jonah.finn2412@example.com,Germany,2024-04-12,Basic,51.53
2413,Owen Finn,owen.finn2413@example.com,Germany,2022-06-03,Standard,617.20
2414,Asher Hart,asher.hart2414@example.com,France,2025-12-13,Standard,240.79
2415,Mila Gray,mila.gray2415@example.com,United States,2023-07-30,Premium,2935.35
2416,Piper Snow,piper.snow2416@example.com,United Kingdom,2025-01-01,Basic,198.34
2417,Nora Zane,nora.zane2417@example.com,Spain,2024-11-13,Standard,689.35
2418,Ella Park,ella.park2418@example.com,India,2025-11-24,Basic,183.56
2419,Arlo Hale,arlo.hale2419@example.com,Australia,2025-03-21,Standard,229.91
2420,Jonah Lane,jonah.lane2420@example.com,Germany,2023-12-03,Premium,3293.08
2421,Lila Finn,lila.finn2421@example.com,United States,2023-07-04,Standard,405.53
2422,Nico Frost,nico.frost2422@example.com,United States,2023-10-26,Standard,363.80
2423,Sadie Blair,sadie.blair2423@example.com,United Kingdom,2026-08-19,Standard,489.08
2424,Lila Hale,lila.hale2424@example.com,United States,2024-05-18,Standard,296.87
2425,Mila Finn,mila.finn2425@example.com,United States,2026-04-26,Basic,96.67
2426,Ivy Hale,ivy.hale2426@example.com,India,2025-02-06,Basic,105.23
2427,Ivy Snow,ivy.snow2427@example.com,Germany,2022-08-29,Standard,432.02
2428,Piper Cole,piper.cole2428@example.com,India,2026-08-28,Standard,492.20
2429,Ethan Young,ethan.young2429@example.com,Germany,2023-05-19,Standard,563.31
2430,Jonah Kerr,jonah.kerr2430@example.com,France,2025-01-05,Standard,497.47
2431,Zoe Drew,zoe.drew2431@example.com,United States,2024-02-11,Standard,771.79
2432,Ella Hart,ella.hart2432@example.com,Japan,2023-06-06,Premium,3095.51
2433,Chloe Zane,chloe.zane2433@example.com,France,2023-07-22,Basic,167.48
2434,Sadie Shaw,sadie.shaw2434@example.com,United States,2024-05-25,Standard,691.67
2435,Asher Walsh,asher.walsh2435@example.com,Canada,2022-09-02,Standard,233.14
2436,Ethan Walsh,ethan.walsh2436@example.com,Japan,2022-04-22,Standard,103.78
2437,Nico Quinn,nico.quinn2437@example.com,France,2023-07-04,Standard,217.01
2438,Silas Walsh,silas.walsh2438@example.com,India,2023-02-24,Basic,13.08
2439,Jade Hale,jade.hale2439@example.com,United States,2023-11-23,Standard,413.29
2440,Caleb Shaw,caleb.shaw2440@example.com,United States,2025-05-21,Standard,797.91
2441,Mila Drew,mila.drew2441@example.com,United Kingdom,2023-04-30,Basic,49.71
2442,Ava Cruz,ava.cruz2442@example.com,India,2022-12-18,Standard,552.36
2443,Ivy Cruz,ivy.cruz2443@example.com,Spain,2022-07-06,Standard,798.73
2444,Hugo Finn,hugo.finn2444@example.com,United States,2024-09-22,Basic,40.81
2445,Liam Cole,liam.cole2445@example.com,United States,2024-07-30,Basic,199.75
2446,Ethan Young,ethan.young2446@example.com,United States,2022-08-08,Standard,54.15
2447,Owen Hale,owen.hale2447@example.com,France,2025-05-13,Standard,556.85
2448,Chloe Blair,chloe.blair2448@example.com,Japan,2024-04-16,Standard,632.13
2449,Chloe Nash,chloe.nash2449@example.com,Canada,2025-06-13,Basic,124.57
2450,Ava Cruz,ava.cruz2450@example.com,United States,2025-10-10,Basic,161.06
2451,Miles Snow,miles.snow2451@example.com,United Kingdom,2022-02-12,Basic,163.52
2452,Lila Finn,lila.finn2452@example.com,Canada,2023-02-25,Standard,538.84
2453,Zoe Kerr,zoe.kerr2453@example.com,Japan,2025-10-31,Premium,2480.04
2454,Ethan Snow,ethan.snow2454@example.com,United States,2023-12-25,Standard,580.97
2455,Ruby Cole,ruby.cole2455@example.com,Brazil,2024-02-17,Basic,196.75
2456,Jade York,jade.york2456@example.com,India,2025-02-27,Basic,79.97
2457,Piper Kerr,piper.kerr2457@example.com,India,2022-02-14,Premium,2538.79
2458,Sadie Moss,sadie.moss2458@example.com,United States,2024-06-12,Standard,633.69
2459,Arlo Shaw,arlo.shaw2459@example.com,United States,2023-04-14,Premium,1910.97
2460,Leo Zane,leo.zane2460@example.com,Germany,2022-12-12,Basic,71.80
2461,Nico Dunn,nico.dunn2461@example.com,France,2026-07-18,Standard,306.52
2462,Nico Brooks,nico.brooks2462@example.com,United Kingdom,2026-04-07,Basic,74.90
2463,Mia Kerr,mia.kerr2463@example.com,United States,2025-11-25,Basic,181.14
2464,Noah Drew,noah.drew2464@example.com,Netherlands,2024-07-16,Premium,1281.34
2465,Caleb Nash,caleb.nash2465@example.com,United States,2023-01-16,Basic,75.06
2466,Miles Frost,miles.frost2466@example.com,United States,2022-07-08,Standard,118.34
2467,Sadie Gray,sadie.gray2467@example.com,Brazil,2026-02-26,Basic,57.65
2468,Caleb Cruz,caleb.cruz2468@example.com,Canada,2022-12-10,Standard,359.65
2469,Ava Snow,ava.snow2469@example.com,France,2022-06-07,Basic,22.07
2470,Mila Walsh,mila.walsh2470@example.com,India,2024-12-29,Standard,212.70
2471,Mila Vale,mila.vale2471@example.com,United Kingdom,2023-01-02,Standard,250.17
2472,Theo Zane,theo.zane2472@example.com,India,2023-10-29,Standard,275.17
2473,Mila Drew,mila.drew2473@example.com,United States,2024-10-30,Standard,124.51
2474,Ella Nash,ella.nash2474@example.com,Germany,2022-09-28,Standard,367.09
2475,Nico Finn,nico.finn2475@example.com,France,2023-07-26,Basic,151.52
2476,Owen Vale,owen.vale2476@example.com,United States,2023-05-24,Standard,262.45
2477,Piper Finn,piper.finn2477@example.com,United States,2024-02-12,Basic,44.53
2478,Ava Frost,ava.frost2478@example.com,Japan,2025-10-19,Standard,567.75
2479,Theo Cruz,theo.cruz2479@example.com,Brazil,2024-08-13,Basic,170.28
2480,Leo Snow,leo.snow2480@example.com,India,2026-03-15,Standard,581.10
2481,Mila Drew,mila.drew2481@example.com,Canada,2024-10-27,Standard,705.00
2482,Zoe Snow,zoe.snow2482@example.com,United States,2024-01-23,Premium,4914.22
2483,Caleb Walsh,caleb.walsh2483@example.com,Canada,2024-02-09,Standard,442.58
2484,Leo Hart,leo.hart2484@example.com,United States,2022-02-02,Standard,332.55
2485,Miles Park,miles.park2485@example.com,United States,2025-04-24,Standard,233.29
2486,Piper Snow,piper.snow2486@example.com,United States,2022-02-03,Standard,347.62
2487,Jade Vale,jade.vale2487@example.com,Canada,2025-12-30,Standard,659.75
2488,Leo Young,leo.young2488@example.com,United States,2022-04-16,Standard,371.60
2489,Zoe Young,zoe.young2489@example.com,United States,2024-02-06,Standard,119.62
2490,Leo Vale,leo.vale2490@example.com,Brazil,2024-06-06,Basic,25.59
2491,Asher Frost,asher.frost2491@example.com,Germany,2024-09-04,Standard,103.11
2492,Arlo West,arlo.west2492@example.com,United States,2023-11-10,Basic,63.39
2493,Caleb Zane,caleb.zane2493@example.com,United States,2022-07-27,Standard,241.28
2494,Hugo Kerr,hugo.kerr2494@example.com,United States,2024-11-09,Standard,336.64
2495,Piper Bell,piper.bell2495@example.com,Canada,2023-11-16,Standard,653.31
2496,Leo Finn,leo.finn2496@example.com,United Kingdom,2026-06-29,Standard,727.63
2497,Sadie Walsh,sadie.walsh2497@example.com,India,2024-06-06,Basic,168.41
2498,Noah Hale,noah.hale2498@example.com,India,2025-03-05,Basic,165.78
2499,Mia Nash,mia.nash2499@example.com,United Kingdom,2025-09-14,Basic,144.13
2500,Hugo Lang,hugo.lang2500@example.com,United States,2026-04-10,Standard,307.33
2501,Mia Finn,mia.finn2501@example.com,Canada,2022-03-27,Standard,107.68
2502,Caleb Hart,caleb.hart2502@example.com,United States,2025-03-11,Basic,63.45
2503,Miles Snow,miles.snow2503@example.com,United States,2025-01-25,Basic,186.18
2504,Ruby Zane,ruby.zane2504@example.com,Mexico,2022-12-01,Standard,99.10
2505,Ruby Lang,ruby.lang2505@example.com,United States,2024-08-17,Standard,267.06
2506,Arlo Hale,arlo.hale2506@example.com,United States,2024-07-30,Standard,499.23
2507,Asher Lang,asher.lang2507@example.com,Brazil,2023-06-13,Basic,189.08
2508,Theo Cruz,theo.cruz2508@example.com,Japan,2023-11-09,Basic,106.99
2509,Lila Nash,lila.nash2509@example.com,Japan,2025-04-22,Basic,170.40
2510,Felix Drew,felix.drew2510@example.com,India,2023-05-18,Basic,74.12
2511,Wren Hart,wren.hart2511@example.com,United States,2024-11-08,Standard,443.96
2512,Jonah Lang,jonah.lang2512@example.com,United States,2025-04-26,Basic,98.41
2513,Silas West,silas.west2513@example.com,Japan,2025-02-10,Standard,343.11
2514,Nico Snow,nico.snow2514@example.com,Spain,2024-08-08,Standard,250.87
2515,Arlo Walsh,arlo.walsh2515@example.com,Germany,2024-04-25,Basic,131.02
2516,Miles Dunn,miles.dunn2516@example.com,United States,2022-11-29,Standard,680.68
2517,Arlo Hale,arlo.hale2517@example.com,United Kingdom,2022-04-27,Premium,2783.92
2518,Ella Tate,ella.tate2518@example.com,Canada,2022-03-04,Standard,487.49
2519,Leo Walsh,leo.walsh2519@example.com,Germany,2024-10-04,Standard,569.49
2520,Sadie Blair,sadie.blair2520@example.com,Japan,2023-08-10,Standard,368.81
2521,Asher Snow,asher.snow2521@example.com,United States,2023-11-01,Standard,543.94
2522,Nico Quinn,nico.quinn2522@example.com,United States,2026-02-19,Premium,544.51
2523,Zoe Cruz,zoe.cruz2523@example.com,Brazil,2026-06-14,Standard,249.08
2524,Noah Hart,noah.hart2524@example.com,United States,2023-08-20,Standard,530.72
2525,Felix Hale,felix.hale2525@example.com,India,2025-09-26,Basic,187.43
2526,Mia Brooks,mia.brooks2526@example.com,United Kingdom,2022-07-24,Standard,101.04
2527,Sadie Quinn,sadie.quinn2527@example.com,Australia,2026-08-10,Basic,62.99
2528,Silas Reed,silas.reed2528@example.com,Japan,2024-10-01,Basic,35.23
2529,Ruby Dunn,ruby.dunn2529@example.com,Japan,2022-05-27,Standard,422.82
2530,Zoe Quinn,zoe.quinn2530@example.com,Brazil,2022-11-19,Standard,724.87
2531,Liam York,liam.york2531@example.com,India,2022-03-07,Standard,565.62
2532,Nico Lane,nico.lane2532@example.com,India,2026-07-18,Basic,148.27
2533,Leo Bell,leo.bell2533@example.com,Australia,2026-07-27,Standard,575.72
2534,Miles Snow,miles.snow2534@example.com,Japan,2023-09-26,Basic,107.02
2535,Ivy Cole,ivy.cole2535@example.com,India,2022-03-17,Standard,154.14
2536,Noah Dunn,noah.dunn2536@example.com,United States,2024-07-08,Basic,41.32
2537,Zoe Lang,zoe.lang2537@example.com,India,2025-11-09,Premium,2177.46
2538,Sadie Cole,sadie.cole2538@example.com,Canada,2022-09-09,Basic,180.91
2539,Hugo Dunn,hugo.dunn2539@example.com,India,2024-08-27,Standard,94.34
2540,Leo Reed,leo.reed2540@example.com,United Kingdom,2022-04-11,Standard,91.12
2541,Wren West,wren.west2541@example.com,Canada,2026-07-23,Basic,163.05
2542,Chloe Hale,chloe.hale2542@example.com,India,2023-10-25,Basic,147.32
2543,Zoe Tate,zoe.tate2543@example.com,Spain,2024-05-14,Standard,462.59
2544,Arlo Park,arlo.park2544@example.com,India,2022-01-16,Standard,265.19
2545,Ruby Shaw,ruby.shaw2545@example.com,Brazil,2023-11-17,Premium,1276.82
2546,Noah Young,,Germany,2024-10-11,Standard,414.19
2547,Arlo Blair,arlo.blair2547@example.com,Canada,2026-04-28,Basic,3.02
2548,Piper Moss,piper.moss2548@example.com,Japan,2024-02-03,Basic,110.48
2549,Ava Walsh,ava.walsh2549@example.com,Japan,2024-10-23,Standard,314.38
2550,Ivy Nash,ivy.nash2550@example.com,Australia,2026-02-17,Standard,711.88
2551,Ruby Bell,ruby.bell2551@example.com,Germany,2025-04-24,Standard,307.76
2552,Miles Park,miles.park2552@example.com,Japan,2024-07-20,Basic,193.65
2553,Theo Frost,theo.frost2553@example.com,India,2022-04-02,Standard,422.88
2554,Nora Hart,nora.hart2554@example.com,Australia,2026-06-10,Standard,132.31
2555,Jonah Tate,jonah.tate2555@example.com,Netherlands,2025-05-31,Basic,187.39
2556,Owen Zane,owen.zane2556@example.com,France,2024-07-09,Standard,396.94
2557,Caleb Young,caleb.young2557@example.com,United States,2023-04-15,Basic,189.91
2558,Ruby Pike,ruby.pike2558@example.com,Germany,2022-03-25,Standard,340.71
2559,Wren Vale,wren.vale2559@example.com,United States,2022-04-08,Standard,149.75
2560,Silas Snow,silas.snow2560@example.com,Japan,2025-01-24,Standard,596.24
2561,Ava Bell,ava.bell2561@example.com,India,2026-04-20,Basic,100.33
2562,Mila Finn,mila.finn2562@example.com,Germany,2025-04-03,Basic,69.93
2563,Theo Hale,theo.hale2563@example.com,India,2023-04-26,Standard,559.90
2564,Theo Lang,theo.lang2564@example.com,France,2023-02-15,Standard,68.62
2565,Felix Shaw,felix.shaw2565@example.com,Australia,2024-09-09,Premium,608.47
2566,Liam Nash,liam.nash2566@example.com,India,2022-12-13,Basic,95.78
2567,Felix Drew,felix.drew2567@example.com,Netherlands,2023-02-22,Standard,264.83
2568,Leo Walsh,leo.walsh2568@example.com,United Kingdom,2025-01-15,Basic,179.79
2569,Piper Quinn,piper.quinn2569@example.com,United States,2022-09-06,Premium,4972.33
2570,Arlo Hart,arlo.hart2570@example.com,United States,2026-04-27,Basic,88.49
2571,Ethan Walsh,ethan.walsh2571@example.com,United Kingdom,2024-10-21,Basic,175.17
2572,Chloe Bell,chloe.bell2572@example.com,Australia,2023-07-24,Standard,159.14
2573,Leo Snow,leo.snow2573@example.com,United States,2026-07-10,Premium,1492.47
2574,Theo Drew,theo.drew2574@example.com,Netherlands,2025-06-24,Basic,28.31
2575,Mia Reed,mia.reed2575@example.com,United States,2026-07-28,Standard,750.98
2576,Ivy York,ivy.york2576@example.com,India,2023-12-21,Basic,9.76
2577,Nora West,nora.west2577@example.com,India,2022-08-01,Standard,721.63
2578,Mila Snow,mila.snow2578@example.com,United States,2025-06-25,Standard,683.63
2579,Mila Dunn,mila.dunn2579@example.com,United States,2026-03-06,Basic,74.30
2580,Wren Hale,wren.hale2580@example.com,India,2025-02-15,Basic,150.02
2581,Ella Lane,ella.lane2581@example.com,United States,2022-03-27,Standard,97.68
2582,Chloe Blair,chloe.blair2582@example.com,United Kingdom,2025-09-23,Premium,2453.16
2583,Piper Lane,piper.lane2583@example.com,Japan,2023-10-08,Standard,657.49
2584,Mia Nash,mia.nash2584@example.com,France,2025-02-23,Basic,38.17
2585,Sadie Nash,sadie.nash2585@example.com,France,2025-02-03,Standard,496.56
2586,Liam Finn,liam.finn2586@example.com,India,2025-07-30,Basic,103.89
2587,Owen Frost,owen.frost2587@example.com,Canada,2022-03-21,Standard,189.68
2588,Noah Frost,noah.frost2588@example.com,Mexico,2025-11-26,Basic,84.63
2589,Wren Pike,wren.pike2589@example.com,United Kingdom,2024-04-23,Basic,24.37
2590,Lila Moss,lila.moss2590@example.com,United Kingdom,2023-09-07,Premium,2633.17
2591,Ava Hart,ava.hart2591@example.com,United Kingdom,2025-12-28,Basic,30.49
2592,Nico Nash,nico.nash2592@example.com,France,2022-07-25,Basic,118.79
2593,Liam Walsh,liam.walsh2593@example.com,India,2023-10-14,Basic,40.54
2594,Ethan Dunn,ethan.dunn2594@example.com,Japan,2023-04-20,Standard,114.32
2595,Ruby Frost,ruby.frost2595@example.com,France,2025-01-13,Basic,26.10
2596,Silas Kerr,silas.kerr2596@example.com,France,2025-11-15,Standard,765.73
2597,Caleb Zane,caleb.zane2597@example.com,United Kingdom,2024-04-06,Standard,103.39
2598,Caleb Zane,caleb.zane2598@example.com,United States,2023-11-14,Basic,88.16
2599,Hugo Brooks,hugo.brooks2599@example.com,United States,2025-04-19,Standard,55.25
2600,Liam Young,liam.young2600@example.com,Germany,2024-01-10,Standard,582.13
2601,Theo Walsh,theo.walsh2601@example.com,France,2025-02-23,Standard,374.50
2602,Mia Lane,mia.lane2602@example.com,Australia,2025-03-11,Standard,186.14
2603,Piper Snow,piper.snow2603@example.com,United States,2025-12-21,Premium,1164.07
2604,Ethan Lang,ethan.lang2604@example.com,Brazil,2024-11-09,Basic,78.18
2605,Miles Hart,miles.hart2605@example.com,Brazil,2025-03-27,Basic,61.45
2606,Jonah Cruz,jonah.cruz2606@example.com,Canada,2025-06-09,Standard,559.13
2607,Ivy Tate,ivy.tate2607@example.com,United Kingdom,2024-04-08,Standard,589.41
2608,Arlo Dunn,arlo.dunn2608@example.com,United States,2022-09-13,Standard,600.79
2609,Ruby Gray,ruby.gray2609@example.com,United States,2022-08-23,Standard,581.55
2610,Sadie Blair,sadie.blair2610@example.com,India,2025-03-26,Basic,60.41
2611,Wren Gray,wren.gray2611@example.com,Spain,2023-05-25,Standard,223.60
2612,Iris Brooks,iris.brooks2612@example.com,United States,2022-04-06,Standard,144.63
2613,Felix Pike,felix.pike2613@example.com,United States,2022-08-19,Standard,53.69
2614,Piper Blair,piper.blair2614@example.com,Japan,2022-01-29,Basic,135.44
2615,Liam Lane,liam.lane2615@example.com,United States,2026-01-23,Standard,211.53
2616,Nico Moss,nico.moss2616@example.com,Canada,2025-09-12,Standard,730.08
2617,Felix Drew,felix.drew2617@example.com,United States,2025-07-24,Standard,241.25
2618,Ivy Pike,ivy.pike2618@example.com,Brazil,2025-09-18,Standard,368.20
2619,Jonah York,jonah.york2619@example.com,Canada,2023-06-01,Basic,1.00
2620,Miles Vale,miles.vale2620@example.com,India,2022-05-03,Standard,651.28
2621,Lila Frost,lila.frost2621@example.com,United States,2023-08-12,Standard,234.41
2622,Caleb Drew,caleb.drew2622@example.com,India,2024-08-27,Standard,744.14
2623,Mia Dunn,mia.dunn2623@example.com,United Kingdom,2023-04-05,Standard,638.96
2624,Ivy Kerr,ivy.kerr2624@example.com,Japan,2024-03-10,Basic,88.35
2625,Ethan York,ethan.york2625@example.com,Netherlands,2022-02-05,Standard,357.26
2626,Piper York,piper.york2626@example.com,Mexico,2025-02-03,Standard,718.07
2627,Piper Zane,piper.zane2627@example.com,United States,2024-01-30,Standard,734.23
2628,Ruby Kerr,ruby.kerr2628@example.com,Brazil,2024-11-23,Premium,4691.47
2629,Caleb Lang,caleb.lang2629@example.com,United States,2022-08-08,Standard,366.17
2630,Jade Frost,jade.frost2630@example.com,United States,2025-09-30,Standard,778.70
2631,Nico Finn,nico.finn2631@example.com,Netherlands,2023-01-10,Standard,701.47
2632,Lila Hart,lila.hart2632@example.com,United States,2026-04-23,Standard,775.97
2633,Miles Dunn,miles.dunn2633@example.com,Germany,2023-01-19,Standard,192.16
2634,Hugo Frost,hugo.frost2634@example.com,Canada,2025-11-26,Basic,89.10
2635,Sadie Blair,sadie.blair2635@example.com,Australia,2025-05-17,Standard,790.83
2636,Sadie Moss,sadie.moss2636@example.com,Germany,2023-02-06,Premium,1783.89
2637,Nora Brooks,nora.brooks2637@example.com,United Kingdom,2026-04-04,Basic,79.02
2638,Theo Lane,theo.lane2638@example.com,Canada,2025-02-25,Standard,71.53
2639,Iris Quinn,iris.quinn2639@example.com,Brazil,2023-04-19,Premium,2653.43
2640,Nico Brooks,nico.brooks2640@example.com,Canada,2026-02-21,Standard,145.16
2641,Liam Hale,liam.hale2641@example.com,France,2026-01-11,Basic,44.47
2642,Owen Lang,owen.lang2642@example.com,United Kingdom,2022-03-16,Standard,386.14
2643,Ava Zane,ava.zane2643@example.com,United States,2023-07-29,Standard,639.61
2644,Jade Blair,jade.blair2644@example.com,Netherlands,2025-06-06,Premium,1122.74
2645,Mia Snow,mia.snow2645@example.com,France,2026-03-09,Standard,366.15
2646,Noah York,noah.york2646@example.com,France,2025-09-08,Basic,2.08
2647,Arlo Tate,arlo.tate2647@example.com,Mexico,2026-06-18,Standard,589.76
2648,Jade Lane,jade.lane2648@example.com,Germany,2023-04-15,Premium,3518.19
2649,Ruby Hart,ruby.hart2649@example.com,United Kingdom,2024-01-01,Standard,642.91
2650,Theo Kerr,theo.kerr2650@example.com,India,2025-07-08,Standard,799.34
2651,Ava Hale,ava.hale2651@example.com,United States,2022-11-18,Standard,356.99
2652,Hugo Brooks,hugo.brooks2652@example.com,United States,2023-03-05,Basic,64.76
2653,Zoe Frost,zoe.frost2653@example.com,Australia,2023-04-08,Standard,226.31
2654,Noah Walsh,noah.walsh2654@example.com,India,2024-01-21,Basic,98.17
2655,Wren Hale,wren.hale2655@example.com,India,2022-11-22,Standard,670.92
2656,Ella Hart,ella.hart2656@example.com,United States,2022-12-25,Standard,600.96
2657,Liam Quinn,liam.quinn2657@example.com,United States,2022-11-11,Basic,136.00
2658,Liam Shaw,liam.shaw2658@example.com,Japan,2023-06-30,Standard,731.91
2659,Iris Cruz,iris.cruz2659@example.com,Germany,2025-04-26,Basic,191.89
2660,Nora Young,nora.young2660@example.com,Japan,2025-05-02,Standard,748.41
2661,Felix Dunn,felix.dunn2661@example.com,Canada,2022-12-19,Standard,633.36
2662,Ruby Lane,ruby.lane2662@example.com,United States,2026-02-11,Standard,76.25
2663,Ivy Pike,ivy.pike2663@example.com,India,2024-08-10,Standard,169.30
2664,Nico Dunn,nico.dunn2664@example.com,India,2022-04-21,Premium,1704.48
2665,Hugo Kerr,hugo.kerr2665@example.com,Brazil,2025-02-21,Standard,678.25
2666,Ella Zane,ella.zane2666@example.com,India,2026-07-31,Standard,227.23
2667,Noah Bell,noah.bell2667@example.com,Brazil,2026-06-25,Standard,215.71
2668,Owen Zane,owen.zane2668@example.com,Brazil,2025-01-18,Premium,888.87
2669,Owen Cruz,owen.cruz2669@example.com,United Kingdom,2025-01-05,Standard,172.60
2670,Ruby Drew,ruby.drew2670@example.com,United States,2023-01-01,Standard,107.69
2671,Miles York,miles.york2671@example.com,United States,2026-07-03,Basic,72.25
2672,Iris Gray,iris.gray2672@example.com,United States,2024-06-24,Premium,874.52
2673,Miles Lang,miles.lang2673@example.com,United States,2026-04-06,Standard,471.84
2674,Chloe Reed,chloe.reed2674@example.com,Mexico,2023-11-23,Basic,9.81
2675,Noah Park,noah.park2675@example.com,United States,2025-09-23,Premium,4122.21
2676,Ava West,ava.west2676@example.com,United States,2023-10-23,Basic,54.04
2677,Mila Lang,mila.lang2677@example.com,France,2022-06-19,Basic,62.39
2678,Jonah Snow,jonah.snow2678@example.com,India,2025-01-08,Premium,3895.01
2679,Leo Brooks,leo.brooks2679@example.com,India,2025-05-23,Basic,8.46
2680,Hugo Nash,hugo.nash2680@example.com,United Kingdom,2025-10-08,Basic,37.73
2681,Silas Zane,silas.zane2681@example.com,United Kingdom,2023-08-22,Standard,391.84
2682,Ethan Quinn,ethan.quinn2682@example.com,United States,2025-09-30,Standard,757.80
2683,Jonah Frost,jonah.frost2683@example.com,Netherlands,2022-06-06,Standard,247.36
2684,Ethan Tate,ethan.tate2684@example.com,Germany,2026-06-03,Basic,13.91
2685,Nora Pike,nora.pike2685@example.com,Germany,2024-08-15,Standard,84.40
2686,Noah Finn,noah.finn2686@example.com,Australia,2023-05-19,Premium,2481.26
2687,Leo Gray,leo.gray2687@example.com,United Kingdom,2024-11-22,Standard,410.55
2688,Lila Nash,lila.nash2688@example.com,France,2023-04-28,Standard,591.29
2689,Zoe Snow,zoe.snow2689@example.com,United States,2023-10-21,Standard,534.39
2690,Felix Brooks,felix.brooks2690@example.com,Japan,2026-05-27,Standard,541.94
2691,Hugo Brooks,hugo.brooks2691@example.com,United States,2024-08-20,Standard,119.51
2692,Miles Blair,miles.blair2692@example.com,France,2025-06-11,Standard,781.72
2693,Chloe Finn,chloe.finn2693@example.com,Mexico,2026-05-01,Standard,739.20
2694,Ethan Nash,ethan.nash2694@example.com,United States,2022-04-07,Premium,1141.78
2695,Nico Pike,nico.pike2695@example.com,Germany,2025-02-12,Standard,743.75
2696,Hugo Hart,hugo.hart2696@example.com,India,2025-08-11,Standard,282.58
2697,Theo York,theo.york2697@example.com,Netherlands,2024-11-22,Standard,304.09
2698,Ella Kerr,ella.kerr2698@example.com,Germany,2022-05-12,Basic,130.97
2699,Ruby Cole,ruby.cole2699@example.com,United States,2025-11-27,Standard,574.39
2700,Asher Hale,asher.hale2700@example.com,United States,2025-03-16,Standard,453.04
2701,Miles Frost,miles.frost2701@example.com,United States,2024-05-09,Standard,221.06
2702,Leo Lang,leo.lang2702@example.com,Germany,2023-03-15,Basic,34.10
2703,Caleb Park,caleb.park2703@example.com,Germany,2022-03-25,Standard,561.42
2704,Caleb Gray,caleb.gray2704@example.com,United Kingdom,2026-03-17,Standard,539.77
2705,Mila Frost,mila.frost2705@example.com,United States,2024-04-05,Basic,75.06
2706,Hugo Hale,hugo.hale2706@example.com,France,2023-01-18,Standard,435.13
2707,Ivy West,ivy.west2707@example.com,United States,2022-06-23,Basic,153.95
2708,Ella Frost,ella.frost2708@example.com,United States,2023-08-19,Standard,722.37
2709,Sadie Tate,sadie.tate2709@example.com,Netherlands,2022-02-16,Standard,346.04
2710,Hugo Walsh,hugo.walsh2710@example.com,France,2024-10-22,Standard,729.93
2711,Ethan Tate,ethan.tate2711@example.com,United Kingdom,2022-10-02,Basic,152.59
2712,Asher Tate,asher.tate2712@example.com,India,2023-11-28,Basic,12.30
2713,Caleb Hale,caleb.hale2713@example.com,Mexico,2023-08-20,Standard,363.02
2714,Ivy Zane,ivy.zane2714@example.com,Spain,2026-08-15,Standard,515.38
2715,Ivy Tate,ivy.tate2715@example.com,France,2025-12-22,Standard,210.14
2716,Ella Lang,ella.lang2716@example.com,United States,2022-07-29,Standard,168.04
2717,Liam Kerr,liam.kerr2717@example.com,Germany,2026-01-17,Standard,212.23
2718,Theo Brooks,theo.brooks2718@example.com,United States,2025-04-30,Standard,169.82
2719,Piper Hale,piper.hale2719@example.com,United States,2024-04-09,Standard,473.38
2720,Owen Brooks,owen.brooks2720@example.com,Brazil,2026-01-21,Basic,25.17
2721,Mia Zane,mia.zane2721@example.com,India,2024-10-14,Basic,107.29
2722,Ella Walsh,ella.walsh2722@example.com,Germany,2024-04-13,Standard,774.23
2723,Hugo West,hugo.west2723@example.com,United States,2023-01-14,Standard,323.55
2724,Wren Hart,wren.hart2724@example.com,United States,2022-08-07,Basic,109.63
2725,Mila Shaw,mila.shaw2725@example.com,United States,2025-05-08,Premium,3246.58
2726,Arlo Hart,arlo.hart2726@example.com,United Kingdom,2024-08-25,Standard,701.88
2727,Ruby Lang,ruby.lang2727@example.com,Mexico,2022-09-03,Standard,594.61
2728,Arlo Hart,arlo.hart2728@example.com,India,2024-03-13,Basic,120.55
2729,Asher Snow,asher.snow2729@example.com,Brazil,2022-06-06,Standard,457.93
2730,Asher Quinn,asher.quinn2730@example.com,Brazil,2025-08-02,Basic,188.42
2731,Caleb Walsh,caleb.walsh2731@example.com,United States,2024-03-24,Standard,744.53
2732,Jonah Lane,jonah.lane2732@example.com,France,2026-03-30,Basic,133.45
2733,Ivy Reed,ivy.reed2733@example.com,United States,2023-03-18,Basic,198.76
2734,Asher Bell,asher.bell2734@example.com,United States,2023-07-18,Standard,489.34
2735,Nora Shaw,nora.shaw2735@example.com,United States,2022-03-16,Premium,4145.98
2736,Hugo West,hugo.west2736@example.com,United States,2025-01-02,Basic,133.44
2737,Hugo Brooks,hugo.brooks2737@example.com,Australia,2026-05-13,Basic,110.58
2738,Owen York,owen.york2738@example.com,Canada,2026-06-08,Basic,15.19
2739,Lila Kerr,lila.kerr2739@example.com,India,2024-05-23,Premium,4591.05
2740,Nico Hart,nico.hart2740@example.com,Spain,2022-04-24,Basic,170.47
2741,Jade Blair,jade.blair2741@example.com,Canada,2025-05-29,Standard,165.84
2742,Wren West,wren.west2742@example.com,Canada,2025-11-03,Basic,149.30
2743,Mia Lane,mia.lane2743@example.com,United States,2022-12-26,Basic,71.63
2744,Ruby Young,ruby.young2744@example.com,United States,2024-05-30,Standard,717.25
2745,Theo Reed,theo.reed2745@example.com,United States,2025-07-06,Standard,686.05
2746,Miles Park,miles.park2746@example.com,Netherlands,2025-06-26,Standard,326.37
2747,Lila Tate,lila.tate2747@example.com,India,2022-03-24,Standard,201.81
2748,Owen Frost,owen.frost2748@example.com,United States,2024-12-16,Basic,146.61
2749,Mila Blair,mila.blair2749@example.com,United States,2025-09-28,Standard,771.27
2750,Hugo Young,hugo.young2750@example.com,Canada,2023-03-11,Standard,356.37
2751,Piper Moss,piper.moss2751@example.com,United States,2022-07-29,Standard,535.70
2752,Chloe Kerr,chloe.kerr2752@example.com,France,2022-04-08,Basic,166.26
2753,Leo Dunn,leo.dunn2753@example.com,United States,2023-08-16,Standard,424.55
2754,Sadie Reed,sadie.reed2754@example.com,India,2026-09-03,Basic,83.63
2755,Sadie Snow,sadie.snow2755@example.com,India,2025-12-17,Standard,601.46
2756,Mila Finn,mila.finn2756@example.com,United Kingdom,2026-05-18,Standard,438.51
2757,Wren Cruz,wren.cruz2757@example.com,India,2026-03-08,Standard,647.95
2758,Mia Young,mia.young2758@example.com,United States,2026-05-24,Standard,529.96
2759,Sadie Pike,sadie.pike2759@example.com,France,2022-10-28,Standard,483.00
2760,Sadie Walsh,sadie.walsh2760@example.com,India,2023-09-27,Standard,796.43
2761,Asher Snow,asher.snow2761@example.com,United States,2022-12-25,Basic,62.38
2762,Liam Reed,liam.reed2762@example.com,Japan,2023-04-02,Basic,96.47
2763,Mila Nash,mila.nash2763@example.com,Canada,2025-02-28,Basic,183.45
2764,Noah Shaw,noah.shaw2764@example.com,United States,2025-02-16,Standard,669.94
2765,Zoe Pike,zoe.pike2765@example.com,Canada,2024-05-05,Standard,90.00
2766,Piper Vale,piper.vale2766@example.com,United States,2025-02-24,Standard,348.98
2767,Lila Finn,lila.finn2767@example.com,India,2025-05-18,Standard,524.22
2768,Piper Cole,piper.cole2768@example.com,Germany,2025-09-08,Basic,183.87
2769,Mila Hart,mila.hart2769@example.com,Mexico,2026-08-23,Basic,1.00
2770,Jade Moss,jade.moss2770@example.com,Brazil,2022-08-30,Basic,46.68
2771,Jade Kerr,jade.kerr2771@example.com,Canada,2022-03-03,Standard,769.91
2772,Silas West,silas.west2772@example.com,Canada,2026-04-12,Basic,117.54
2773,Theo Hale,theo.hale2773@example.com,Australia,2022-07-11,Standard,771.70
2774,Ella Dunn,ella.dunn2774@example.com,Canada,2022-05-30,Standard,333.94
2775,Ava Cruz,ava.cruz2775@example.com,Canada,2025-10-08,Standard,240.99
2776,Mila Blair,mila.blair2776@example.com,United Kingdom,2023-11-21,Basic,39.38
2777,Ruby Tate,ruby.tate2777@example.com,United States,2025-01-13,Standard,245.23
2778,Owen Dunn,owen.dunn2778@example.com,United Kingdom,2024-11-08,Basic,89.09
2779,Piper Young,piper.young2779@example.com,United States,2022-12-03,Premium,3008.28
2780,Mila Cole,mila.cole2780@example.com,Australia,2024-11-18,Premium,2776.71
2781,Asher Pike,asher.pike2781@example.com,Canada,2022-04-23,Basic,38.26
2782,Wren Park,wren.park2782@example.com,United States,2022-06-16,Standard,303.40
2783,Wren Finn,wren.finn2783@example.com,Spain,2022-02-22,Standard,112.80
2784,Mia Pike,mia.pike2784@example.com,Australia,2023-07-26,Standard,154.99
2785,Caleb Gray,caleb.gray2785@example.com,Brazil,2023-10-21,Standard,121.20
2786,Chloe Shaw,chloe.shaw2786@example.com,Brazil,2024-12-04,Basic,64.19
2787,Nico Dunn,nico.dunn2787@example.com,Australia,2025-07-08,Basic,47.07
2788,Noah Lang,noah.lang2788@example.com,Australia,2023-07-08,Standard,72.04
2789,Jade York,jade.york2789@example.com,France,2024-03-11,Standard,262.74
2790,Noah Kerr,noah.kerr2790@example.com,Brazil,2026-01-26,Basic,132.12
2791,Mila West,mila.west2791@example.com,United States,2022-10-08,Standard,501.60
2792,Ava Cruz,ava.cruz2792@example.com,India,2024-10-04,Basic,155.36
2793,Arlo Pike,arlo.pike2793@example.com,Mexico,2025-03-03,Basic,197.19
2794,Mia Park,mia.park2794@example.com,United States,2024-12-09,Basic,174.82
2795,Ruby Quinn,ruby.quinn2795@example.com,United States,2024-07-18,Basic,76.05
2796,Mia Zane,mia.zane2796@example.com,Netherlands,2024-01-03,Standard,274.45
2797,Ivy Moss,ivy.moss2797@example.com,Canada,2024-08-14,Basic,178.48
2798,Arlo Quinn,arlo.quinn2798@example.com,United States,2022-12-03,Standard,183.24
2799,Mia Finn,mia.finn2799@example.com,United Kingdom,2023-03-25,Standard,602.99
2800,Owen Tate,owen.tate2800@example.com,Australia,2022-09-29,Standard,663.06
2801,Jonah Cruz,jonah.cruz2801@example.com,United Kingdom,2022-09-06,Standard,299.54
2802,Ivy Vale,ivy.vale2802@example.com,Australia,2023-08-31,Premium,2110.07
2803,Ruby Dunn,ruby.dunn2803@example.com,Spain,2025-03-31,Premium,2193.56
2804,Noah Nash,noah.nash2804@example.com,United Kingdom,2022-03-30,Basic,30.97
2805,Miles Drew,miles.drew2805@example.com,United States,2024-07-14,Standard,318.55
2806,Felix Drew,felix.drew2806@example.com,Canada,2024-12-30,Basic,35.48
2807,Arlo Nash,arlo.nash2807@example.com,India,2024-10-20,Basic,168.22
2808,Ethan Zane,ethan.zane2808@example.com,United States,2022-11-27,Standard,170.93
2809,Jade York,jade.york2809@example.com,France,2026-08-22,Basic,59.76
2810,Liam Gray,liam.gray2810@example.com,Germany,2024-05-09,Standard,274.94
2811,Sadie Cruz,sadie.cruz2811@example.com,Japan,2026-05-26,Standard,624.00
2812,Owen Park,owen.park2812@example.com,Japan,2026-08-12,Standard,756.94
2813,Owen Young,owen.young2813@example.com,Germany,2025-01-18,Premium,4073.18
2814,Nora Shaw,nora.shaw2814@example.com,United States,2026-03-17,Premium,2857.42
2815,Hugo Hart,hugo.hart2815@example.com,India,2025-01-20,Standard,611.89
2816,Ella Hale,ella.hale2816@example.com,United States,2024-09-06,Basic,20.01
2817,Ella West,ella.west2817@example.com,United States,2024-04-09,Basic,169.82
2818,Mila Snow,mila.snow2818@example.com,Japan,2024-01-18,Standard,52.95
2819,Ella Cruz,ella.cruz2819@example.com,Australia,2022-12-17,Standard,286.51
2820,Owen Gray,owen.gray2820@example.com,India,2022-06-26,Standard,565.58
2821,Felix West,felix.west2821@example.com,United States,2023-11-18,Basic,176.64
2822,Chloe Zane,chloe.zane2822@example.com,United States,2025-03-12,Premium,1288.21
2823,Hugo Quinn,hugo.quinn2823@example.com,India,2022-12-23,Standard,145.35
2824,Sadie Nash,sadie.nash2824@example.com,Canada,2024-07-24,Standard,101.68
2825,Theo Dunn,theo.dunn2825@example.com,India,2023-04-27,Standard,613.55
2826,Asher Finn,asher.finn2826@example.com,India,2022-02-03,Standard,257.53
2827,Zoe Young,zoe.young2827@example.com,Brazil,2026-06-24,Basic,11.11
2828,Asher Kerr,asher.kerr2828@example.com,Australia,2025-01-15,Basic,141.93
2829,Hugo Finn,hugo.finn2829@example.com,United States,2023-08-21,Basic,42.59
2830,Caleb Young,caleb.young2830@example.com,Japan,2025-06-02,Standard,721.35
2831,Theo Gray,theo.gray2831@example.com,United States,2023-12-12,Premium,2869.06
2832,Piper Cruz,piper.cruz2832@example.com,Spain,2026-03-19,Standard,96.92
2833,Iris Gray,iris.gray2833@example.com,United Kingdom,2023-01-02,Standard,358.38
2834,Jade Cruz,jade.cruz2834@example.com,Canada,2023-02-06,Standard,756.83
2835,Mila Hale,mila.hale2835@example.com,Netherlands,2024-07-14,Standard,410.31
2836,Ella Park,ella.park2836@example.com,Australia,2026-01-13,Premium,3791.57
2837,Felix Vale,felix.vale2837@example.com,Germany,2024-02-27,Standard,760.37
2838,Zoe West,zoe.west2838@example.com,Netherlands,2024-11-01,Standard,701.72
2839,Iris West,iris.west2839@example.com,Japan,2023-10-18,Standard,726.48
2840,Sadie Blair,sadie.blair2840@example.com,India,2026-06-08,Standard,747.48
2841,Nora Hale,nora.hale2841@example.com,Canada,2023-01-17,Standard,361.27
2842,Leo Brooks,leo.brooks2842@example.com,Brazil,2025-09-20,Basic,118.08
2843,Mila Pike,mila.pike2843@example.com,Australia,2025-11-05,Standard,648.52
2844,Sadie Brooks,sadie.brooks2844@example.com,United States,2023-07-27,Premium,3340.43
2845,Ethan Park,ethan.park2845@example.com,Brazil,2023-07-04,Basic,82.31
2846,Ethan Zane,ethan.zane2846@example.com,Germany,2024-03-18,Standard,307.04
2847,Zoe Moss,zoe.moss2847@example.com,Australia,2023-01-16,Basic,80.81
2848,Piper Nash,piper.nash2848@example.com,India,2023-07-06,Basic,128.24
2849,Wren West,wren.west2849@example.com,Spain,2025-01-23,Standard,185.13
2850,Nora Pike,nora.pike2850@example.com,United States,2025-10-25,Standard,479.75
2851,Ethan Cruz,ethan.cruz2851@example.com,India,2024-09-16,Basic,58.29
2852,Arlo Lane,arlo.lane2852@example.com,Spain,2022-12-18,Standard,579.07
2853,Sadie Cole,sadie.cole2853@example.com,United States,2024-12-20,Basic,199.20
2854,Silas Hale,silas.hale2854@example.com,United States,2024-10-30,Standard,189.21
2855,Theo Kerr,theo.kerr2855@example.com,United Kingdom,2025-08-15,Standard,691.77
2856,Lila Drew,lila.drew2856@example.com,Spain,2025-02-18,Basic,106.29
2857,Ava Finn,ava.finn2857@example.com,Germany,2025-10-24,Standard,426.57
2858,Wren Drew,wren.drew2858@example.com,United States,2025-07-10,Standard,207.25
2859,Jade Hale,jade.hale2859@example.com,Japan,2022-06-02,Basic,37.09
2860,Arlo York,arlo.york2860@example.com,United States,2023-02-12,Standard,733.59
2861,Wren Kerr,wren.kerr2861@example.com,United States,2026-06-13,Standard,99.40
2862,Mia Tate,mia.tate2862@example.com,Canada,2022-06-30,Standard,476.30
2863,Caleb Vale,caleb.vale2863@example.com,Japan,2023-02-19,Premium,1062.15
2864,Ivy Lang,ivy.lang2864@example.com,Australia,2023-03-16,Standard,599.82
2865,Jonah Lang,jonah.lang2865@example.com,Germany,2023-05-03,Basic,139.67
2866,Chloe West,chloe.west2866@example.com,United States,2025-06-25,Standard,398.32
2867,Nico Nash,nico.nash2867@example.com,Australia,2022-08-12,Basic,92.89
2868,Mila Snow,mila.snow2868@example.com,India,2022-12-30,Premium,2894.07
2869,Ella Finn,ella.finn2869@example.com,Mexico,2025-11-26,Standard,736.45
2870,Jonah Cruz,jonah.cruz2870@example.com,India,2022-09-27,Premium,4472.86
2871,Jonah Hart,jonah.hart2871@example.com,United States,2024-11-19,Standard,740.46
2872,Theo West,theo.west2872@example.com,Canada,2022-10-08,Basic,108.42
2873,Theo Snow,theo.snow2873@example.com,India,2024-05-02,Basic,19.12
2874,Nora West,nora.west2874@example.com,Germany,2026-06-11,Basic,147.38
2875,Theo Vale,theo.vale2875@example.com,Brazil,2022-10-11,Standard,695.80
2876,Iris Lane,iris.lane2876@example.com,Mexico,2025-10-02,Standard,416.49
2877,Theo Gray,theo.gray2877@example.com,France,2024-01-15,Standard,465.92
2878,Silas Kerr,silas.kerr2878@example.com,United Kingdom,2024-10-25,Basic,42.23
2879,Caleb Finn,caleb.finn2879@example.com,Spain,2026-07-22,Basic,140.28
2880,Nora Hart,nora.hart2880@example.com,Brazil,2022-03-22,Standard,106.19
2881,Zoe Snow,zoe.snow2881@example.com,Australia,2025-04-15,Standard,354.20
2882,Mia Cole,mia.cole2882@example.com,Brazil,2026-08-21,Standard,201.69
2883,Silas Lane,silas.lane2883@example.com,United States,2022-01-12,Basic,106.16
2884,Nora York,nora.york2884@example.com,United States,2025-07-20,Premium,2731.80
2885,Theo Lang,theo.lang2885@example.com,United States,2023-09-14,Standard,422.72
2886,Nico Bell,nico.bell2886@example.com,Canada,2025-04-16,Standard,693.07
2887,Zoe York,zoe.york2887@example.com,India,2023-03-31,Basic,138.63
2888,Chloe Young,chloe.young2888@example.com,Canada,2023-08-23,Standard,591.69
2889,Zoe Lang,zoe.lang2889@example.com,United Kingdom,2024-11-21,Premium,4373.16
2890,Iris Reed,iris.reed2890@example.com,United Kingdom,2022-05-23,Basic,172.30
2891,Ivy Snow,ivy.snow2891@example.com,India,2026-07-13,Basic,34.68
2892,Hugo Nash,hugo.nash2892@example.com,United States,2023-02-14,Standard,237.71
2893,Jade Tate,jade.tate2893@example.com,Australia,2025-07-02,Standard,171.37
2894,Noah Pike,noah.pike2894@example.com,Brazil,2024-11-30,Basic,80.19
2895,Miles Drew,miles.drew2895@example.com,United States,2025-02-06,Standard,657.10
2896,Leo Hart,leo.hart2896@example.com,India,2024-04-07,Standard,729.84
2897,Iris Quinn,iris.quinn2897@example.com,United States,2023-01-06,Basic,114.71
2898,Jonah Vale,jonah.vale2898@example.com,India,2024-01-14,Standard,786.67
2899,Piper Drew,piper.drew2899@example.com,United Kingdom,2025-03-15,Standard,92.85
2900,Nora Nash,nora.nash2900@example.com,Germany,2026-05-08,Standard,644.50
2901,Ella Young,ella.young2901@example.com,United States,2022-07-29,Basic,128.61
2902,Noah Cruz,noah.cruz2902@example.com,India,2022-09-05,Basic,153.60
2903,Ethan Quinn,ethan.quinn2903@example.com,United States,2024-06-26,Standard,334.78
2904,Arlo Dunn,arlo.dunn2904@example.com,Spain,2022-03-01,Basic,106.76
2905,Ethan Reed,ethan.reed2905@example.com,Spain,2025-06-13,Standard,330.62
2906,Hugo Shaw,hugo.shaw2906@example.com,Spain,2026-02-09,Basic,139.95
2907,Silas Lane,silas.lane2907@example.com,France,2025-08-04,Basic,99.35
2908,Owen Cruz,owen.cruz2908@example.com,United States,2022-12-08,Standard,476.11
2909,Piper Moss,piper.moss2909@example.com,United States,2025-03-28,Basic,177.00
2910,Ivy Lane,ivy.lane2910@example.com,United Kingdom,2024-05-05,Standard,210.11
2911,Jonah Lang,jonah.lang2911@example.com,India,2024-10-06,Standard,336.87
2912,Ethan Snow,ethan.snow2912@example.com,United States,2022-02-10,Standard,798.47
2913,Nora Drew,nora.drew2913@example.com,France,2026-05-07,Basic,163.22
2914,Asher Kerr,asher.kerr2914@example.com,United States,2024-07-04,Basic,197.79
2915,Wren West,wren.west2915@example.com,Canada,2023-01-18,Basic,187.11
2916,Ethan Vale,ethan.vale2916@example.com,United States,2023-05-20,Premium,3995.53
2917,Jade Finn,jade.finn2917@example.com,Germany,2024-10-16,Standard,197.47
2918,Ivy York,ivy.york2918@example.com,Japan,2022-10-11,Basic,189.91
2919,Theo Zane,theo.zane2919@example.com,United States,2022-02-27,Standard,179.17
2920,Zoe Snow,zoe.snow2920@example.com,India,2026-01-27,Standard,121.15
2921,Theo Blair,theo.blair2921@example.com,Brazil,2023-06-28,Standard,776.41
2922,Jonah Finn,jonah.finn2922@example.com,India,2024-08-11,Basic,169.94
2923,Lila Bell,lila.bell2923@example.com,Canada,2025-11-01,Basic,69.00
2924,Iris Lang,iris.lang2924@example.com,Brazil,2025-09-28,Basic,168.53
2925,Leo Reed,leo.reed2925@example.com,Germany,2022-05-05,Standard,103.00
2926,Ivy Hart,ivy.hart2926@example.com,United Kingdom,2024-03-05,Standard,157.49
2927,Wren Dunn,wren.dunn2927@example.com,France,2022-08-13,Basic,150.80
2928,Mia Moss,mia.moss2928@example.com,United States,2023-03-07,Basic,186.94
2929,Jade Zane,jade.zane2929@example.com,United States,2022-11-02,Basic,189.13
2930,Ethan Park,ethan.park2930@example.com,Spain,2026-03-15,Basic,114.11
2931,Felix Hart,felix.hart2931@example.com,United States,2023-07-22,Premium,3927.55
2932,Nico Lang,nico.lang2932@example.com,United States,2026-08-14,Standard,307.33
2933,Arlo Hart,arlo.hart2933@example.com,Mexico,2022-06-19,Standard,325.79
2934,Felix Dunn,felix.dunn2934@example.com,France,2022-08-24,Standard,240.29
2935,Ella Brooks,ella.brooks2935@example.com,India,2022-08-25,Standard,321.64
2936,Ethan Walsh,ethan.walsh2936@example.com,Netherlands,2024-07-31,Basic,134.38
2937,Chloe Park,chloe.park2937@example.com,United States,2025-05-25,Basic,29.24
2938,Liam Walsh,liam.walsh2938@example.com,United States,2023-01-06,Standard,104.85
2939,Liam Finn,liam.finn2939@example.com,Canada,2026-01-20,Basic,112.37
2940,Felix Lang,felix.lang2940@example.com,India,2023-05-25,Basic,64.86
2941,Arlo Finn,arlo.finn2941@example.com,United States,2023-08-25,Basic,187.39
2942,Ivy Shaw,ivy.shaw2942@example.com,United States,2022-01-28,Standard,284.40
2943,Chloe Gray,chloe.gray2943@example.com,Japan,2026-05-10,Basic,170.71
2944,Liam Nash,liam.nash2944@example.com,United Kingdom,2022-07-25,Basic,29.52
2945,Caleb Hart,caleb.hart2945@example.com,India,2025-07-04,Basic,171.97
2946,Zoe Zane,zoe.zane2946@example.com,United States,2025-09-23,Standard,478.13
2947,Zoe Nash,zoe.nash2947@example.com,United Kingdom,2022-02-05,Standard,303.82
2948,Iris West,iris.west2948@example.com,Spain,2026-01-17,Standard,548.72
2949,Wren Snow,wren.snow2949@example.com,India,2025-09-03,Premium,506.48
2950,Silas Zane,silas.zane2950@example.com,Australia,2025-05-06,Standard,502.51
2951,Zoe Park,zoe.park2951@example.com,Germany,2022-02-04,Basic,31.84
2952,Owen Vale,owen.vale2952@example.com,United States,2024-05-18,Premium,2382.27
2953,Theo Lane,theo.lane2953@example.com,Canada,2026-04-11,Standard,220.83
2954,Ivy West,ivy.west2954@example.com,Spain,2026-03-01,Premium,4581.69
2955,Zoe Hart,zoe.hart2955@example.com,Germany,2022-04-21,Standard,603.72
2956,Liam Moss,liam.moss2956@example.com,Germany,2025-02-15,Standard,698.61
2957,Ruby Brooks,ruby.brooks2957@example.com,Australia,2024-06-26,Standard,161.90
2958,Miles Shaw,miles.shaw2958@example.com,United States,2023-04-13,Basic,42.59
2959,Zoe West,zoe.west2959@example.com,Australia,2022-08-08,Standard,498.77
2960,Nora Drew,nora.drew2960@example.com,United States,2025-11-02,Basic,2.48
2961,Owen Kerr,owen.kerr2961@example.com,United Kingdom,2023-05-27,Basic,19.21
2962,Liam Hart,liam.hart2962@example.com,Netherlands,2024-04-10,Standard,700.62
2963,Sadie Zane,sadie.zane2963@example.com,Canada,2024-05-16,Basic,101.01
2964,Asher Quinn,asher.quinn2964@example.com,France,2026-05-14,Standard,506.17
2965,Leo Frost,leo.frost2965@example.com,United States,2023-05-20,Standard,379.35
2966,Jonah Tate,jonah.tate2966@example.com,Japan,2023-05-30,Premium,2920.87
2967,Miles Hart,miles.hart2967@example.com,France,2026-04-25,Premium,1121.33
2968,Silas Snow,silas.snow2968@example.com,United States,2022-02-24,Standard,590.76
2969,Theo Cole,theo.cole2969@example.com,Canada,2026-04-13,Premium,971.75
2970,Jonah Reed,jonah.reed2970@example.com,United States,2022-01-27,Standard,727.44
2971,Liam Snow,liam.snow2971@example.com,United Kingdom,2022-08-08,Basic,48.53
2972,Sadie Hart,sadie.hart2972@example.com,United States,2023-12-03,Basic,19.92
2973,Chloe Quinn,chloe.quinn2973@example.com,United States,2024-07-16,Standard,183.25
2974,Owen Brooks,owen.brooks2974@example.com,United States,2022-06-13,Standard,112.65
2975,Wren West,wren.west2975@example.com,Spain,2023-07-19,Standard,694.91
2976,Caleb Blair,caleb.blair2976@example.com,United States,2025-12-12,Basic,64.40
2977,Ava Hart,ava.hart2977@example.com,United States,2024-12-24,Standard,742.22
2978,Felix Moss,felix.moss2978@example.com,India,2025-05-05,Standard,382.60
2979,Jonah Hart,jonah.hart2979@example.com,France,2023-11-15,Standard,310.78
2980,Felix Snow,felix.snow2980@example.com,United States,2024-04-04,Basic,51.30
2981,Wren Snow,wren.snow2981@example.com,Canada,2023-06-05,Basic,143.35
2982,Jade Pike,jade.pike2982@example.com,United States,2023-12-25,Standard,133.98
2983,Lila Cole,lila.cole2983@example.com,India,2024-08-30,Basic,6.21
2984,Noah Brooks,noah.brooks2984@example.com,Canada,2024-05-21,Basic,32.82
2985,Caleb Lane,caleb.lane2985@example.com,United States,2022-05-19,Standard,202.67
2986,Noah Vale,noah.vale2986@example.com,Australia,2022-09-12,Standard,380.71
2987,Noah Hart,noah.hart2987@example.com,United States,2023-04-29,Basic,178.21
2988,Mila Cruz,mila.cruz2988@example.com,India,2026-09-26,Premium,4169.66
2989,Nico Kerr,nico.kerr2989@example.com,United States,2022-01-07,Standard,462.93
2990,Owen Hale,owen.hale2990@example.com,United States,2026-05-26,Basic,56.40
2991,Noah Drew,noah.drew2991@example.com,Germany,2026-07-13,Standard,440.10
2992,Piper Tate,piper.tate2992@example.com,Germany,2024-03-19,Standard,743.61
2993,Jonah Gray,jonah.gray2993@example.com,United States,2024-08-06,Standard,625.42
2994,Felix Walsh,felix.walsh2994@example.com,Canada,2025-02-13,Basic,95.88
2995,Liam Shaw,liam.shaw2995@example.com,Spain,2022-11-01,Basic,70.87
2996,Jonah Frost,jonah.frost2996@example.com,Germany,2025-03-15,Basic,87.21
2997,Owen Cole,owen.cole2997@example.com,India,2024-06-13,Basic,59.97
2998,Ivy Lang,ivy.lang2998@example.com,Germany,2025-04-25,Basic,195.00
2999,Caleb Dunn,caleb.dunn2999@example.com,United States,2025-06-04,Standard,634.67
3000,Silas Hart,silas.hart3000@example.com,Japan,2023-06-25,Premium,1365.82
3001,Jade Shaw,jade.shaw3001@example.com,Spain,2022-10-13,Basic,8.62
3002,Ivy Vale,ivy.vale3002@example.com,Germany,2025-01-12,Premium,4926.30
3003,Ethan Walsh,ethan.walsh3003@example.com,United States,2022-11-21,Premium,3964.26
3004,Felix Hale,felix.hale3004@example.com,Japan,2025-07-09,Premium,1860.48
3005,Liam West,liam.west3005@example.com,Netherlands,2026-06-25,Basic,27.42
3006,Owen Moss,owen.moss3006@example.com,India,2025-03-16,Basic,168.08
3007,Asher Bell,asher.bell3007@example.com,India,2024-07-07,Basic,48.03
3008,Jade Walsh,jade.walsh3008@example.com,Canada,2022-02-15,Premium,4332.31
3009,Wren Cruz,wren.cruz3009@example.com,France,2023-08-17,Standard,716.13
3010,Ava Tate,ava.tate3010@example.com,United States,2025-01-24,Basic,130.74
3011,Jade Drew,jade.drew3011@example.com,United States,2026-04-02,Standard,207.60
3012,Chloe Young,chloe.young3012@example.com,Germany,2026-02-19,Basic,76.39
3013,Sadie Vale,sadie.vale3013@example.com,United Kingdom,2022-01-24,Basic,176.65
3014,Ethan Brooks,ethan.brooks3014@example.com,United States,2022-04-06,Basic,137.22
3015,Jonah Lane,jonah.lane3015@example.com,United States,2023-01-04,Standard,297.61
3016,Ella Dunn,ella.dunn3016@example.com,France,2022-07-07,Premium,4508.75
3017,Piper Hale,piper.hale3017@example.com,United States,2024-10-20,Premium,4035.48
3018,Wren Dunn,wren.dunn3018@example.com,United States,2025-10-05,Standard,605.05
3019,Theo Young,theo.young3019@example.com,Germany,2026-03-21,Standard,563.93
3020,Sadie Hale,sadie.hale3020@example.com,Germany,2025-07-25,Basic,16.39
3021,Ruby Brooks,ruby.brooks3021@example.com,United States,2022-08-30,Standard,389.01
3022,Jade Snow,jade.snow3022@example.com,France,2022-08-19,Premium,2359.17
3023,Miles Brooks,miles.brooks3023@example.com,France,2023-05-24,Standard,282.03
3024,Jonah Frost,jonah.frost3024@example.com,Japan,2025-02-06,Basic,182.90
3025,Owen Lane,owen.lane3025@example.com,United Kingdom,2026-05-15,Basic,150.81
3026,Sadie Snow,sadie.snow3026@example.com,Australia,2025-08-06,Basic,130.46
3027,Ethan Frost,ethan.frost3027@example.com,Brazil,2024-05-13,Standard,420.98
3028,Wren Finn,wren.finn3028@example.com,France,2026-01-15,Standard,397.11
3029,Arlo Finn,arlo.finn3029@example.com,United States,2024-11-13,Standard,459.46
3030,Zoe Quinn,zoe.quinn3030@example.com,United States,2023-11-24,Standard,183.96
3031,Ella Nash,ella.nash3031@example.com,Netherlands,2025-04-02,Standard,368.71
3032,Wren Gray,wren.gray3032@example.com,France,2022-09-14,Standard,50.44
3033,Lila Dunn,lila.dunn3033@example.com,India,2023-06-29,Basic,175.18
3034,Ella Cruz,ella.cruz3034@example.com,United States,2022-03-26,Basic,142.83
3035,Zoe Drew,zoe.drew3035@example.com,United States,2026-03-22,Standard,741.02
3036,Chloe Finn,chloe.finn3036@example.com,Canada,2025-06-30,Standard,133.11
3037,Mia Frost,mia.frost3037@example.com,Mexico,2022-08-20,Premium,3574.93
3038,Jade Park,jade.park3038@example.com,United States,2025-09-16,Basic,196.50
3039,Piper Tate,piper.tate3039@example.com,Japan,2023-02-23,Standard,583.96
3040,Liam Cole,liam.cole3040@example.com,India,2022-01-01,Standard,497.91
3041,Ethan Cole,ethan.cole3041@example.com,United States,2025-02-13,Premium,3179.34
3042,Liam Pike,liam.pike3042@example.com,Japan,2022-02-14,Standard,267.02
3043,Leo Zane,leo.zane3043@example.com,India,2024-10-11,Basic,47.39
3044,Ruby Walsh,ruby.walsh3044@example.com,Canada,2025-08-24,Standard,91.37
3045,Nico Blair,nico.blair3045@example.com,United States,2026-06-02,Basic,185.86
3046,Miles Pike,miles.pike3046@example.com,Germany,2026-02-25,Basic,158.67
3047,Jade Zane,jade.zane3047@example.com,United States,2024-11-22,Basic,41.54
3048,Iris Drew,iris.drew3048@example.com,France,2025-01-24,Standard,104.82
3049,Theo Cruz,theo.cruz3049@example.com,India,2024-03-31,Basic,151.29
3050,Wren Cruz,wren.cruz3050@example.com,United States,2024-06-25,Standard,405.03
3051,Miles Bell,miles.bell3051@example.com,United States,2023-04-09,Basic,106.97
3052,Asher Reed,asher.reed3052@example.com,Australia,2023-06-27,Basic,178.88
3053,Miles Finn,miles.finn3053@example.com,Australia,2023-05-25,Basic,190.63
3054,Ella Kerr,ella.kerr3054@example.com,Canada,2024-11-03,Standard,549.59
3055,Sadie Frost,sadie.frost3055@example.com,Brazil,2023-11-02,Basic,111.50
3056,Sadie Drew,sadie.drew3056@example.com,Japan,2022-04-11,Basic,36.25
3057,Liam Finn,liam.finn3057@example.com,France,2023-01-05,Standard,126.79
3058,Nico Hale,nico.hale3058@example.com,Mexico,2023-05-20,Basic,125.00
3059,Jade Kerr,jade.kerr3059@example.com,United States,2024-08-29,Premium,912.12
3060,Miles Hale,miles.hale3060@example.com,United States,2025-05-05,Basic,176.23
3061,Mila Park,mila.park3061@example.com,Canada,2024-05-12,Standard,462.07
3062,Owen Shaw,owen.shaw3062@example.com,Australia,2022-07-24,Basic,168.64
3063,Sadie Drew,sadie.drew3063@example.com,France,2024-02-16,Standard,686.36
3064,Ava Brooks,ava.brooks3064@example.com,Australia,2025-03-18,Premium,2078.80
3065,Silas Nash,silas.nash3065@example.com,Mexico,2023-05-28,Standard,284.52
3066,Noah Frost,noah.frost3066@example.com,Mexico,2025-10-29,Basic,89.77
3067,Silas Young,silas.young3067@example.com,France,2024-06-09,Basic,141.34
3068,Jonah Shaw,jonah.shaw3068@example.com,India,2023-06-21,Premium,1348.45
3069,Ava Tate,ava.tate3069@example.com,United Kingdom,2024-05-17,Basic,119.33
3070,Jonah Park,jonah.park3070@example.com,Germany,2022-03-01,Standard,798.69
3071,Chloe Snow,chloe.snow3071@example.com,India,2023-03-29,Basic,63.00
3072,Silas Bell,silas.bell3072@example.com,United States,2022-09-25,Basic,79.46
3073,Nico Snow,nico.snow3073@example.com,Japan,2024-02-20,Standard,221.45
3074,Nico Gray,nico.gray3074@example.com,Canada,2025-12-05,Standard,429.04
3075,Noah Walsh,noah.walsh3075@example.com,United Kingdom,2025-05-30,Standard,504.85
3076,Owen Zane,owen.zane3076@example.com,India,2025-10-14,Premium,2730.82
3077,Ethan West,ethan.west3077@example.com,United States,2023-08-26,Standard,287.29
3078,Mila Snow,mila.snow3078@example.com,Spain,2024-09-06,Standard,671.21
3079,Caleb Pike,caleb.pike3079@example.com,United Kingdom,2022-05-18,Standard,561.36
3080,Ava Walsh,ava.walsh3080@example.com,United Kingdom,2022-07-24,Premium,983.91
3081,Leo Zane,leo.zane3081@example.com,Germany,2023-05-30,Basic,174.78
3082,Silas Bell,silas.bell3082@example.com,Mexico,2022-01-13,Standard,753.66
3083,Ava Walsh,ava.walsh3083@example.com,Germany,2024-03-22,Standard,680.71
3084,Iris York,iris.york3084@example.com,United States,2022-06-12,Basic,56.65
3085,Sadie Finn,sadie.finn3085@example.com,United Kingdom,2026-05-28,Basic,4.46
3086,Arlo Snow,arlo.snow3086@example.com,United States,2026-01-11,Standard,585.49
3087,Silas Drew,silas.drew3087@example.com,Australia,2024-05-20,Basic,24.94
3088,Zoe Lang,zoe.lang3088@example.com,United States,2023-02-22,Premium,3272.23
3089,Ruby Cole,ruby.cole3089@example.com,Brazil,2023-12-02,Basic,74.70
3090,Miles Moss,miles.moss3090@example.com,India,2026-03-22,Basic,174.42
3091,Noah Vale,noah.vale3091@example.com,Mexico,2025-07-25,Standard,271.25
3092,Leo Drew,leo.drew3092@example.com,United States,2022-09-19,Basic,40.43
3093,Felix Cruz,felix.cruz3093@example.com,United States,2023-10-27,Basic,82.97
3094,Leo Snow,leo.snow3094@example.com,Spain,2022-04-07,Basic,10.30
3095,Felix Shaw,felix.shaw3095@example.com,Australia,2023-08-08,Standard,662.39
3096,Nora Lang,nora.lang3096@example.com,United States,2022-06-07,Standard,196.01
3097,Zoe Blair,zoe.blair3097@example.com,India,2024-07-05,Standard,424.16
3098,Mila Cruz,mila.cruz3098@example.com,India,2024-10-03,Standard,161.23
3099,Chloe Vale,chloe.vale3099@example.com,Canada,2023-02-27,Basic,79.59
3100,Felix Frost,felix.frost3100@example.com,India,2022-12-07,Standard,691.31
3101,Ethan Hart,ethan.hart3101@example.com,Japan,2025-01-08,Standard,547.42
3102,Felix Reed,felix.reed3102@example.com,Brazil,2023-12-26,Basic,4.13
3103,Piper Cruz,piper.cruz3103@example.com,Japan,2025-05-27,Premium,4610.61
3104,Ella Cole,ella.cole3104@example.com,United States,2026-01-03,Basic,63.68
3105,Noah Pike,noah.pike3105@example.com,Japan,2023-04-16,Standard,475.98
3106,Hugo Cruz,hugo.cruz3106@example.com,United States,2025-07-02,Standard,350.72
3107,Nora West,nora.west3107@example.com,United Kingdom,2022-03-15,Standard,186.10
3108,Lila Quinn,lila.quinn3108@example.com,Canada,2024-08-29,Basic,165.52
3109,Caleb Bell,caleb.bell3109@example.com,Japan,2023-12-09,Basic,56.44
3110,Ruby Drew,ruby.drew3110@example.com,India,2024-01-07,Standard,392.95
3111,Ruby Shaw,ruby.shaw3111@example.com,Germany,2026-08-06,Premium,3305.36
3112,Jade Moss,jade.moss3112@example.com,Germany,2025-06-22,Basic,71.25
3113,Chloe Kerr,chloe.kerr3113@example.com,United States,2025-08-07,Basic,105.02
3114,Owen Gray,owen.gray3114@example.com,United States,2024-07-23,Standard,708.42
3115,Lila Hale,lila.hale3115@example.com,Germany,2024-03-01,Standard,794.35
3116,Sadie Shaw,sadie.shaw3116@example.com,Germany,2026-05-10,Basic,50.79
3117,Jade Young,jade.young3117@example.com,France,2023-09-19,Basic,103.05
3118,Jonah Dunn,jonah.dunn3118@example.com,Japan,2022-08-03,Basic,89.86
3119,Wren Vale,wren.vale3119@example.com,United States,2023-04-22,Basic,11.93
3120,Silas Quinn,silas.quinn3120@example.com,Mexico,2025-01-11,Basic,124.95
3121,Iris Drew,iris.drew3121@example.com,United States,2023-02-22,Standard,779.73
3122,Piper Cole,piper.cole3122@example.com,United States,2023-04-28,Standard,362.30
3123,Sadie Snow,sadie.snow3123@example.com,Mexico,2025-08-16,Premium,3957.84
3124,Theo York,theo.york3124@example.com,Netherlands,2022-11-18,Premium,3470.51
3125,Ivy Reed,ivy.reed3125@example.com,Germany,2022-04-12,Standard,780.13
3126,Arlo Blair,arlo.blair3126@example.com,United States,2026-07-30,Standard,203.31
3127,Ava Reed,ava.reed3127@example.com,Brazil,2022-02-03,Standard,132.61
3128,Iris Bell,iris.bell3128@example.com,Canada,2022-08-23,Standard,109.38
3129,Arlo Hart,arlo.hart3129@example.com,Australia,2025-10-07,Standard,781.52
3130,Arlo Snow,arlo.snow3130@example.com,India,2022-09-07,Basic,3.67
3131,Theo Quinn,theo.quinn3131@example.com,United States,2024-02-25,Basic,30.45
3132,Caleb Brooks,caleb.brooks3132@example.com,United States,2025-02-06,Basic,94.81
3133,Arlo Lane,arlo.lane3133@example.com,Australia,2022-06-24,Standard,718.90
3134,Mila Brooks,mila.brooks3134@example.com,United States,2026-05-23,Basic,180.33
3135,Piper Nash,piper.nash3135@example.com,United Kingdom,2025-04-20,Standard,464.70
3136,Wren Hale,wren.hale3136@example.com,United States,2023-02-11,Basic,5.53
3137,Chloe Tate,chloe.tate3137@example.com,Netherlands,2022-01-08,Basic,121.26
3138,Wren Tate,wren.tate3138@example.com,United Kingdom,2026-03-01,Standard,547.01
3139,Chloe Tate,chloe.tate3139@example.com,United States,2025-11-12,Premium,741.57
3140,Miles Shaw,miles.shaw3140@example.com,Australia,2024-05-14,Basic,88.03
3141,Mia Quinn,mia.quinn3141@example.com,Australia,2024-01-30,Premium,2068.09
3142,Nico Quinn,nico.quinn3142@example.com,India,2023-04-06,Basic,92.46
3143,Ava Snow,ava.snow3143@example.com,United Kingdom,2024-03-27,Standard,402.40
3144,Mila Finn,mila.finn3144@example.com,Germany,2022-01-31,Standard,531.40
3145,Mila Cruz,mila.cruz3145@example.com,Canada,2025-01-27,Basic,66.29
3146,Caleb Cruz,caleb.cruz3146@example.com,Germany,2025-03-08,Standard,790.03
3147,Asher Pike,asher.pike3147@example.com,France,2026-05-27,Standard,70.21
3148,Lila Cole,lila.cole3148@example.com,France,2024-12-01,Standard,791.54
3149,Liam York,liam.york3149@example.com,India,2025-08-05,Standard,686.08
3150,Silas Finn,silas.finn3150@example.com,United States,2026-07-03,Premium,3600.43
3151,Miles Reed,miles.reed3151@example.com,Japan,2025-03-12,Standard,645.68
3152,Jade Pike,jade.pike3152@example.com,France,2022-09-17,Premium,616.79
3153,Mia Nash,mia.nash3153@example.com,India,2024-01-05,Standard,645.79
3154,Nico Gray,nico.gray3154@example.com,France,2023-01-18,Standard,548.25
3155,Ava Frost,ava.frost3155@example.com,France,2022-01-12,Basic,187.31
3156,Leo Zane,leo.zane3156@example.com,United States,2024-08-02,Standard,523.44
3157,Nora Bell,nora.bell3157@example.com,Spain,2024-08-01,Standard,687.87
3158,Chloe Frost,chloe.frost3158@example.com,India,2022-10-10,Basic,159.99
3159,Caleb Pike,caleb.pike3159@example.com,India,2022-07-17,Standard,760.16
3160,Felix Snow,felix.snow3160@example.com,France,2023-07-29,Basic,30.11
3161,Asher Kerr,asher.kerr3161@example.com,Netherlands,2024-06-11,Standard,399.00
3162,Ethan Reed,ethan.reed3162@example.com,Spain,2023-11-16,Standard,721.38
3163,Sadie Quinn,sadie.quinn3163@example.com,Japan,2023-06-26,Standard,530.30
3164,Ruby Zane,ruby.zane3164@example.com,Japan,2023-12-11,Standard,434.89
3165,Leo York,leo.york3165@example.com,United States,2024-06-10,Basic,165.73
3166,Zoe Hart,zoe.hart3166@example.com,United States,2024-01-22,Basic,162.83
3167,Wren Hart,wren.hart3167@example.com,United States,2026-02-12,Basic,16.31
3168,Mia Gray,mia.gray3168@example.com,Netherlands,2023-12-02,Standard,587.40
3169,Ruby Brooks,ruby.brooks3169@example.com,United States,2022-10-06,Standard,414.96
3170,Nico West,nico.west3170@example.com,United States,2022-11-30,Standard,783.99
3171,Asher Lane,asher.lane3171@example.com,Brazil,2023-07-28,Basic,1.65
3172,Noah Quinn,noah.quinn3172@example.com,Australia,2026-07-31,Standard,727.26
3173,Ethan Reed,ethan.reed3173@example.com,India,2023-05-08,Basic,29.52
3174,Zoe Shaw,zoe.shaw3174@example.com,Spain,2025-01-15,Premium,4667.25
3175,Mila Moss,mila.moss3175@example.com,United States,2026-05-30,Premium,2342.51
3176,Theo Gray,theo.gray3176@example.com,Spain,2022-07-07,Basic,38.06
3177,Sadie Moss,sadie.moss3177@example.com,Australia,2024-08-07,Basic,35.78
3178,Wren Hale,wren.hale3178@example.com,United States,2022-06-15,Premium,4419.21
3179,Jade Brooks,jade.brooks3179@example.com,United States,2026-08-01,Basic,144.37
3180,Noah Tate,noah.tate3180@example.com,United States,2022-03-09,Standard,656.04
3181,Mia Snow,mia.snow3181@example.com,United Kingdom,2022-01-31,Standard,56.03
3182,Jonah Drew,jonah.drew3182@example.com,Japan,2025-08-31,Basic,28.38
3183,Jade Bell,jade.bell3183@example.com,United Kingdom,2025-12-27,Standard,478.90
3184,Iris Frost,iris.frost3184@example.com,Australia,2026-06-22,Standard,793.81
3185,Lila Vale,lila.vale3185@example.com,France,2023-03-13,Standard,590.18
3186,Leo Nash,leo.nash3186@example.com,United States,2024-08-25,Standard,201.47
3187,Miles Tate,miles.tate3187@example.com,Spain,2026-06-13,Basic,168.64
3188,Arlo Nash,arlo.nash3188@example.com,United States,2023-09-29,Basic,176.42
3189,Mia Blair,mia.blair3189@example.com,India,2022-05-25,Basic,11.63
3190,Ruby Lane,ruby.lane3190@example.com,United Kingdom,2025-02-23,Premium,3981.20
3191,Asher Pike,asher.pike3191@example.com,United States,2024-08-17,Standard,438.98
3192,Ivy Young,ivy.young3192@example.com,India,2024-06-15,Basic,83.89
3193,Lila Park,lila.park3193@example.com,United States,2022-11-07,Basic,137.84
3194,Lila Brooks,lila.brooks3194@example.com,United States,2025-01-22,Standard,620.71
3195,Noah Lang,noah.lang3195@example.com,United States,2025-01-27,Standard,337.08
3196,Iris Drew,iris.drew3196@example.com,Netherlands,2024-10-27,Basic,63.97
3197,Theo Frost,theo.frost3197@example.com,United Kingdom,2023-04-12,Basic,125.37
3198,Arlo Snow,arlo.snow3198@example.com,Spain,2023-09-03,Basic,133.00
3199,Arlo Nash,arlo.nash3199@example.com,United Kingdom,2022-04-19,Standard,633.94
3200,Wren Vale,wren.vale3200@example.com,India,2024-03-16,Basic,117.99
3201,Chloe Finn,chloe.finn3201@example.com,United States,2024-03-24,Standard,259.00
3202,Ivy Dunn,ivy.dunn3202@example.com,Japan,2025-05-01,Standard,94.58
3203,Theo Zane,theo.zane3203@example.com,India,2022-08-08,Standard,105.71
3204,Jonah Gray,jonah.gray3204@example.com,India,2025-09-26,Basic,196.63
3205,Liam Young,liam.young3205@example.com,Spain,2022-07-25,Standard,656.46
3206,Mila Bell,mila.bell3206@example.com,United States,2025-11-07,Basic,6.25
3207,Zoe Lane,zoe.lane3207@example.com,India,2024-06-30,Basic,127.48
3208,Noah Hale,noah.hale3208@example.com,United States,2022-02-18,Basic,133.07
3209,Iris Finn,iris.finn3209@example.com,United States,2026-08-02,Standard,401.33
3210,Iris Quinn,iris.quinn3210@example.com,Mexico,2022-06-19,Basic,44.31
3211,Ethan Vale,ethan.vale3211@example.com,India,2025-03-04,Basic,117.09
3212,Nico Brooks,nico.brooks3212@example.com,Brazil,2026-04-05,Premium,4759.60
3213,Iris Zane,iris.zane3213@example.com,United Kingdom,2023-11-22,Premium,1625.11
3214,Nico Lang,nico.lang3214@example.com,Netherlands,2023-12-12,Basic,192.74
3215,Ruby Vale,ruby.vale3215@example.com,Australia,2022-03-07,Standard,624.17
3216,Caleb Brooks,caleb.brooks3216@example.com,Germany,2026-04-16,Basic,145.14
3217,Iris Blair,iris.blair3217@example.com,Germany,2025-02-01,Basic,16.22
3218,Arlo Moss,arlo.moss3218@example.com,France,2024-01-20,Basic,9.19
3219,Arlo Cole,arlo.cole3219@example.com,Japan,2022-04-09,Basic,3.18
3220,Ella Frost,ella.frost3220@example.com,Australia,2023-09-15,Basic,3.99
3221,Ivy Kerr,ivy.kerr3221@example.com,United States,2023-07-23,Basic,114.10
3222,Zoe Brooks,zoe.brooks3222@example.com,Canada,2024-11-03,Basic,93.13
3223,Mia Quinn,mia.quinn3223@example.com,Australia,2022-07-12,Standard,340.16
3224,Piper Lane,piper.lane3224@example.com,Australia,2022-12-23,Basic,178.73
3225,Leo Moss,leo.moss3225@example.com,United States,2024-02-05,Basic,185.82
3226,Nora Nash,nora.nash3226@example.com,Canada,2022-03-10,Premium,811.03
3227,Miles York,miles.york3227@example.com,France,2025-08-12,Standard,75.19
3228,Ella Dunn,ella.dunn3228@example.com,Netherlands,2026-08-16,Standard,767.61
3229,Noah Quinn,noah.quinn3229@example.com,India,2024-09-04,Standard,394.41
3230,Noah Park,noah.park3230@example.com,United States,2024-09-07,Basic,164.15
3231,Ruby Kerr,ruby.kerr3231@example.com,India,2023-03-23,Basic,63.51
3232,Sadie West,sadie.west3232@example.com,France,2024-02-07,Standard,344.94
3233,Ava Hart,ava.hart3233@example.com,Canada,2026-04-03,Standard,256.01
3234,Nora Lane,nora.lane3234@example.com,United States,2023-12-14,Premium,4843.42
3235,Ava Quinn,ava.quinn3235@example.com,Mexico,2023-10-04,Standard,384.36
3236,Zoe Young,zoe.young3236@example.com,United Kingdom,2024-07-29,Standard,754.16
3237,Ruby Reed,ruby.reed3237@example.com,Australia,2025-09-16,Standard,245.88
3238,Owen Snow,owen.snow3238@example.com,United Kingdom,2022-07-15,Standard,141.41
3239,Ava Lang,ava.lang3239@example.com,France,2025-08-10,Basic,138.20
3240,Wren Hale,wren.hale3240@example.com,United States,2025-07-28,Premium,4507.16
3241,Theo Cruz,theo.cruz3241@example.com,Germany,2023-05-13,Basic,4.56
3242,Zoe Young,zoe.young3242@example.com,United States,2024-03-15,Basic,145.51
3243,Owen Snow,owen.snow3243@example.com,Netherlands,2023-07-31,Standard,488.45
3244,Arlo Zane,arlo.zane3244@example.com,India,2025-02-26,Standard,779.39
3245,Silas Cruz,silas.cruz3245@example.com,Brazil,2023-01-17,Standard,164.98
3246,Ethan Dunn,ethan.dunn3246@example.com,India,2023-10-01,Basic,54.88
3247,Ella Brooks,ella.brooks3247@example.com,Japan,2024-05-08,Standard,284.85
3248,Silas Hart,silas.hart3248@example.com,United States,2024-01-28,Basic,115.90
3249,Lila Reed,lila.reed3249@example.com,Germany,2024-08-06,Premium,629.31
3250,Iris Finn,iris.finn3250@example.com,Netherlands,2022-08-23,Standard,169.05
3251,Silas Moss,silas.moss3251@example.com,United States,2026-03-20,Basic,180.46
3252,Ava Reed,ava.reed3252@example.com,India,2022-12-11,Standard,179.72
3253,Piper Snow,piper.snow3253@example.com,Australia,2022-05-19,Standard,512.12
3254,Arlo Zane,arlo.zane3254@example.com,United States,2025-03-19,Standard,690.72
3255,Hugo Hart,hugo.hart3255@example.com,France,2024-06-07,Basic,34.87
3256,Mila Walsh,mila.walsh3256@example.com,United States,2024-01-31,Standard,485.57
3257,Theo Cruz,theo.cruz3257@example.com,France,2023-10-03,Premium,3483.06
3258,Hugo Vale,hugo.vale3258@example.com,Germany,2025-12-12,Basic,30.86
3259,Ella Cruz,ella.cruz3259@example.com,India,2026-03-17,Standard,495.21
3260,Arlo Cole,arlo.cole3260@example.com,India,2025-12-03,Standard,333.04
3261,Mia Cruz,mia.cruz3261@example.com,France,2022-11-13,Basic,166.63
3262,Arlo Dunn,arlo.dunn3262@example.com,United States,2024-11-08,Standard,411.90
3263,Nora Young,nora.young3263@example.com,United States,2022-07-16,Standard,723.59
3264,Zoe Reed,zoe.reed3264@example.com,Germany,2022-01-03,Basic,17.68
3265,Ethan Cruz,ethan.cruz3265@example.com,United Kingdom,2022-09-19,Standard,349.68
3266,Zoe Hale,zoe.hale3266@example.com,United States,2022-07-01,Basic,90.90
3267,Ruby York,ruby.york3267@example.com,Australia,2026-02-06,Basic,43.14
3268,Arlo Lang,arlo.lang3268@example.com,India,2022-05-16,Basic,138.10
3269,Leo Dunn,leo.dunn3269@example.com,United States,2022-01-21,Standard,215.84
3270,Hugo Gray,hugo.gray3270@example.com,United States,2025-07-22,Basic,68.11
3271,Noah Drew,noah.drew3271@example.com,India,2023-03-25,Basic,42.99
3272,Zoe Kerr,zoe.kerr3272@example.com,United Kingdom,2022-09-18,Standard,185.31
3273,Owen Moss,owen.moss3273@example.com,United States,2026-05-10,Basic,42.80
3274,Lila Quinn,lila.quinn3274@example.com,Brazil,2024-04-13,Standard,382.22
3275,Ella Blair,ella.blair3275@example.com,Mexico,2022-04-28,Premium,2305.82
3276,Iris Snow,iris.snow3276@example.com,Netherlands,2024-06-20,Standard,648.89
3277,Chloe Moss,chloe.moss3277@example.com,France,2025-06-05,Standard,754.20
3278,Owen Nash,owen.nash3278@example.com,India,2025-08-27,Basic,53.05
3279,Asher Quinn,asher.quinn3279@example.com,Brazil,2025-11-05,Standard,147.02
3280,Jonah Frost,jonah.frost3280@example.com,France,2022-11-22,Standard,745.84
3281,Ivy Walsh,ivy.walsh3281@example.com,United States,2023-05-23,Basic,177.34
3282,Wren Drew,wren.drew3282@example.com,Canada,2022-11-29,Premium,1290.81
3283,Sadie Quinn,sadie.quinn3283@example.com,United States,2022-08-31,Basic,137.55
3284,Jonah Hart,jonah.hart3284@example.com,United Kingdom,2025-02-15,Standard,533.09
3285,Wren Shaw,wren.shaw3285@example.com,Netherlands,2024-08-01,Basic,13.29
3286,Ella Cole,ella.cole3286@example.com,Netherlands,2022-06-22,Basic,186.88
3287,Lila Snow,lila.snow3287@example.com,United Kingdom,2023-09-13,Standard,426.09
3288,Mila Park,mila.park3288@example.com,United Kingdom,2022-03-16,Basic,144.49
3289,Miles Pike,miles.pike3289@example.com,India,2025-05-23,Basic,61.78
3290,Iris Cole,iris.cole3290@example.com,United Kingdom,2023-09-12,Standard,544.04
3291,Ethan Vale,ethan.vale3291@example.com,Japan,2024-02-29,Standard,226.54
3292,Miles Young,miles.young3292@example.com,United States,2026-09-12,Basic,83.79
3293,Ivy Snow,ivy.snow3293@example.com,United States,2026-08-25,Standard,500.26
3294,Piper Cruz,piper.cruz3294@example.com,United States,2022-11-06,Basic,33.23
3295,Felix Bell,felix.bell3295@example.com,Australia,2022-03-22,Basic,174.91
3296,Hugo York,hugo.york3296@example.com,France,2025-11-08,Basic,32.14
3297,Hugo Finn,hugo.finn3297@example.com,United States,2023-05-07,Basic,101.95
3298,Arlo Tate,arlo.tate3298@example.com,Australia,2025-03-15,Basic,124.60
3299,Ruby Cole,ruby.cole3299@example.com,United Kingdom,2023-05-06,Standard,225.60
3300,Hugo Frost,hugo.frost3300@example.com,Mexico,2023-01-18,Basic,119.81
3301,Felix Brooks,felix.brooks3301@example.com,United States,2023-05-18,Standard,391.75
3302,Ivy Tate,ivy.tate3302@example.com,India,2022-06-08,Premium,912.53
3303,Iris Tate,iris.tate3303@example.com,Australia,2024-10-19,Standard,581.71
3304,Ava Moss,ava.moss3304@example.com,United States,2024-08-14,Basic,127.92
3305,Arlo Kerr,arlo.kerr3305@example.com,United States,2023-11-09,Standard,644.45
3306,Ella Dunn,ella.dunn3306@example.com,India,2023-07-04,Basic,109.93
3307,Ivy Moss,ivy.moss3307@example.com,Canada,2025-03-01,Basic,154.72
3308,Nico Drew,nico.drew3308@example.com,Netherlands,2025-05-02,Standard,709.01
3309,Ella Snow,ella.snow3309@example.com,United States,2023-07-29,Premium,1163.08
3310,Mia Reed,mia.reed3310@example.com,United Kingdom,2025-01-01,Standard,60.38
3311,Sadie Lane,sadie.lane3311@example.com,Netherlands,2023-09-20,Basic,166.47
3312,Mia Tate,mia.tate3312@example.com,India,2025-05-05,Standard,236.90
3313,Nora Snow,nora.snow3313@example.com,France,2024-03-24,Basic,98.98
3314,Nico Vale,nico.vale3314@example.com,Brazil,2023-05-06,Standard,67.75
3315,Chloe West,chloe.west3315@example.com,United States,2024-01-24,Basic,192.84
3316,Liam Drew,liam.drew3316@example.com,United States,2026-07-25,Standard,424.75
3317,Noah Hale,noah.hale3317@example.com,Australia,2025-04-10,Basic,64.03
3318,Owen Snow,owen.snow3318@example.com,Spain,2026-07-31,Basic,38.12
3319,Caleb Park,caleb.park3319@example.com,United Kingdom,2026-01-11,Standard,123.18
3320,Chloe Dunn,chloe.dunn3320@example.com,Australia,2024-07-26,Standard,346.22
3321,Liam Zane,liam.zane3321@example.com,United States,2024-12-29,Basic,39.97
3322,Jonah Bell,jonah.bell3322@example.com,Netherlands,2022-10-18,Basic,39.40
3323,Mia Moss,mia.moss3323@example.com,Canada,2025-02-14,Basic,92.02
3324,Nora Reed,nora.reed3324@example.com,Japan,2025-09-09,Standard,416.16
3325,Hugo Young,hugo.young3325@example.com,Brazil,2024-11-01,Standard,653.78
3326,Ruby Drew,ruby.drew3326@example.com,Australia,2025-10-22,Basic,163.20
3327,Noah Walsh,noah.walsh3327@example.com,Australia,2022-12-02,Standard,83.18
3328,Iris Bell,iris.bell3328@example.com,United Kingdom,2026-02-28,Standard,243.44
3329,Owen Young,owen.young3329@example.com,Canada,2025-03-28,Standard,613.57
3330,Ella Hale,ella.hale3330@example.com,United States,2024-08-16,Standard,54.46
3331,Liam Drew,liam.drew3331@example.com,Australia,2022-04-06,Basic,117.01
3332,Wren Nash,wren.nash3332@example.com,Netherlands,2022-05-09,Basic,8.05
3333,Arlo Zane,arlo.zane3333@example.com,Australia,2025-09-10,Standard,109.80
3334,Noah Hart,noah.hart3334@example.com,Germany,2025-10-29,Basic,58.38
3335,Hugo Nash,hugo.nash3335@example.com,United States,2024-08-06,Premium,3973.76
3336,Nico Blair,nico.blair3336@example.com,United States,2023-09-09,Premium,1688.60
3337,Sadie Kerr,sadie.kerr3337@example.com,India,2023-03-22,Basic,130.41
3338,Lila Snow,lila.snow3338@example.com,United States,2022-12-03,Standard,95.98
3339,Ivy Walsh,ivy.walsh3339@example.com,Australia,2023-12-20,Standard,252.07
3340,Lila Park,lila.park3340@example.com,Netherlands,2022-02-24,Standard,294.43
3341,Sadie Lang,sadie.lang3341@example.com,Germany,2023-05-20,Standard,500.84
3342,Zoe Lang,zoe.lang3342@example.com,Australia,2026-08-22,Standard,329.45
3343,Arlo Cole,arlo.cole3343@example.com,United States,2025-11-20,Standard,630.24
3344,Owen Kerr,owen.kerr3344@example.com,Brazil,2025-05-20,Standard,278.46
3345,Ava Frost,ava.frost3345@example.com,Germany,2025-11-21,Standard,341.05
3346,Silas Moss,silas.moss3346@example.com,United States,2024-05-24,Standard,164.17
3347,Lila Moss,lila.moss3347@example.com,Germany,2022-07-07,Basic,16.04
3348,Theo Vale,theo.vale3348@example.com,United States,2025-05-28,Premium,3110.08
3349,Silas Walsh,silas.walsh3349@example.com,Japan,2026-08-27,Basic,65.50
3350,Ella Brooks,ella.brooks3350@example.com,Germany,2022-11-16,Premium,2578.41
3351,Liam Moss,liam.moss3351@example.com,Spain,2025-02-07,Standard,341.32
3352,Jade Cruz,jade.cruz3352@example.com,Australia,2023-01-10,Basic,29.37
3353,Nico York,nico.york3353@example.com,Japan,2024-06-09,Basic,85.89
3354,Theo West,theo.west3354@example.com,Canada,2023-02-15,Standard,475.08
3355,Chloe Park,chloe.park3355@example.com,United States,2023-03-20,Standard,250.23
3356,Zoe Reed,zoe.reed3356@example.com,Germany,2025-07-23,Basic,34.77
3357,Mila Finn,mila.finn3357@example.com,Mexico,2023-12-10,Standard,784.28
3358,Felix West,felix.west3358@example.com,United States,2026-07-29,Basic,60.33
3359,Ethan Lang,ethan.lang3359@example.com,Canada,2024-02-12,Basic,59.97
3360,Wren Young,wren.young3360@example.com,Mexico,2023-03-09,Standard,537.05
3361,Piper Brooks,piper.brooks3361@example.com,United States,2025-07-25,Basic,156.88
3362,Nico Snow,nico.snow3362@example.com,Brazil,2022-08-23,Standard,746.74
3363,Noah Drew,noah.drew3363@example.com,Japan,2023-07-19,Standard,187.02
3364,Wren Cole,wren.cole3364@example.com,Australia,2023-04-15,Premium,4991.95
3365,Theo Frost,theo.frost3365@example.com,Australia,2023-10-26,Basic,48.65
3366,Ava Young,ava.young3366@example.com,United States,2024-02-29,Basic,57.18
3367,Ella Hale,ella.hale3367@example.com,India,2025-09-21,Premium,2593.46
3368,Owen Dunn,owen.dunn3368@example.com,Germany,2024-01-19,Basic,126.52
3369,Mia Lane,mia.lane3369@example.com,Japan,2022-04-03,Basic,118.46
3370,Nora Drew,nora.drew3370@example.com,Japan,2025-07-06,Standard,138.20
3371,Leo Quinn,leo.quinn3371@example.com,India,2022-05-28,Standard,151.57
3372,Sadie Park,sadie.park3372@example.com,United Kingdom,2024-05-27,Basic,89.00
3373,Ava Dunn,ava.dunn3373@example.com,United States,2026-01-16,Basic,123.19
3374,Sadie Blair,sadie.blair3374@example.com,Canada,2024-10-14,Standard,518.91
3375,Silas Reed,silas.reed3375@example.com,Japan,2026-07-20,Premium,1218.73
3376,Ava Drew,ava.drew3376@example.com,Mexico,2025-09-27,Standard,69.54
3377,Mia Finn,mia.finn3377@example.com,Germany,2022-10-06,Basic,29.42
3378,Zoe Frost,zoe.frost3378@example.com,United States,2023-05-14,Premium,4442.10
3379,Iris Shaw,iris.shaw3379@example.com,Australia,2026-09-14,Basic,174.31
3380,Sadie Gray,sadie.gray3380@example.com,United States,2024-12-07,Standard,672.02
3381,Ivy Quinn,ivy.quinn3381@example.com,Germany,2024-09-17,Standard,353.20
3382,Mia Snow,mia.snow3382@example.com,India,2022-09-28,Standard,623.89
3383,Piper Pike,piper.pike3383@example.com,United States,2023-11-26,Basic,188.99
3384,Lila Cruz,lila.cruz3384@example.com,Australia,2024-05-10,Standard,511.91
3385,Owen Tate,owen.tate3385@example.com,United States,2025-07-16,Standard,799.29
3386,Jade Zane,jade.zane3386@example.com,United Kingdom,2022-08-25,Basic,197.46
3387,Mia Gray,mia.gray3387@example.com,United Kingdom,2023-01-21,Basic,10.11
3388,Lila Hale,lila.hale3388@example.com,France,2023-11-17,Basic,59.53
3389,Owen Walsh,owen.walsh3389@example.com,United States,2025-04-15,Standard,140.77
3390,Leo Tate,leo.tate3390@example.com,United Kingdom,2026-07-12,Premium,2482.52
3391,Ruby Frost,ruby.frost3391@example.com,Canada,2023-08-05,Standard,679.06
3392,Ava Kerr,ava.kerr3392@example.com,United States,2025-02-23,Premium,2934.09
3393,Ella Frost,ella.frost3393@example.com,Australia,2024-06-10,Standard,700.65
3394,Ella Frost,ella.frost3394@example.com,France,2023-09-26,Standard,166.68
3395,Miles Tate,miles.tate3395@example.com,Brazil,2024-05-23,Standard,94.26
3396,Ruby West,ruby.west3396@example.com,United States,2023-05-16,Standard,512.68
3397,Nora Kerr,nora.kerr3397@example.com,United States,2025-04-20,Standard,556.09
3398,Ruby Dunn,ruby.dunn3398@example.com,United States,2024-08-09,Standard,628.52
3399,Mia Walsh,mia.walsh3399@example.com,France,2024-01-04,Basic,45.00
3400,Sadie Kerr,sadie.kerr3400@example.com,United Kingdom,2022-04-12,Standard,536.22
3401,Sadie Vale,sadie.vale3401@example.com,United States,2023-12-18,Basic,36.08
3402,Ethan Bell,ethan.bell3402@example.com,Canada,2023-02-27,Standard,609.10
3403,Caleb Cole,caleb.cole3403@example.com,Brazil,2025-06-11,Basic,95.02
3404,Arlo Bell,arlo.bell3404@example.com,France,2025-03-13,Standard,489.61
3405,Asher Pike,asher.pike3405@example.com,United Kingdom,2025-09-08,Standard,619.67
3406,Owen Frost,owen.frost3406@example.com,India,2023-08-22,Basic,72.55
3407,Caleb Kerr,caleb.kerr3407@example.com,United States,2023-09-18,Standard,209.00
3408,Ella Dunn,ella.dunn3408@example.com,France,2026-03-23,Basic,199.05
3409,Owen Tate,owen.tate3409@example.com,Brazil,2023-07-19,Basic,189.50
3410,Chloe Frost,chloe.frost3410@example.com,Brazil,2024-04-19,Standard,395.76
3411,Ava Bell,ava.bell3411@example.com,Japan,2025-12-03,Basic,183.94
3412,Ethan Nash,ethan.nash3412@example.com,France,2024-10-22,Standard,600.67
3413,Zoe Finn,zoe.finn3413@example.com,India,2023-03-24,Basic,188.61
3414,Felix Tate,felix.tate3414@example.com,India,2024-12-05,Standard,403.38
3415,Liam Cole,liam.cole3415@example.com,Spain,2026-04-06,Standard,798.43
3416,Chloe Nash,chloe.nash3416@example.com,United States,2024-09-07,Premium,4493.41
3417,Noah York,noah.york3417@example.com,Brazil,2024-11-28,Standard,505.79
3418,Ivy Frost,ivy.frost3418@example.com,India,2024-01-29,Standard,491.29
3419,Jonah Snow,jonah.snow3419@example.com,Brazil,2022-09-15,Standard,98.87
3420,Owen Hart,owen.hart3420@example.com,United States,2024-06-05,Premium,4947.30
3421,Caleb Pike,caleb.pike3421@example.com,United States,2025-06-05,Basic,73.21
3422,Sadie Brooks,sadie.brooks3422@example.com,United States,2026-02-18,Basic,116.57
3423,Liam Nash,liam.nash3423@example.com,United States,2024-08-03,Basic,109.22
3424,Nico Pike,nico.pike3424@example.com,Germany,2025-05-03,Basic,128.32
3425,Ivy Lane,ivy.lane3425@example.com,Australia,2024-08-23,Standard,53.03
3426,Theo Shaw,theo.shaw3426@example.com,United States,2025-03-20,Basic,199.71
3427,Ivy Quinn,ivy.quinn3427@example.com,United Kingdom,2023-09-04,Standard,297.92
3428,Ruby Kerr,ruby.kerr3428@example.com,Canada,2022-06-23,Standard,144.99
3429,Owen Zane,owen.zane3429@example.com,United Kingdom,2023-02-24,Standard,438.79
3430,Jade Reed,jade.reed3430@example.com,Canada,2025-10-05,Standard,227.90
3431,Noah West,noah.west3431@example.com,United Kingdom,2023-08-23,Standard,290.00
3432,Ruby Shaw,ruby.shaw3432@example.com,United States,2023-09-09,Standard,354.07
3433,Felix Vale,felix.vale3433@example.com,Canada,2026-02-27,Basic,129.84
3434,Silas Tate,silas.tate3434@example.com,United States,2025-02-04,Standard,461.29
3435,Iris Kerr,iris.kerr3435@example.com,France,2023-07-29,Basic,124.98
3436,Mila Dunn,mila.dunn3436@example.com,United States,2026-07-07,Basic,29.38
3437,Piper Hale,piper.hale3437@example.com,Canada,2023-08-09,Basic,21.10
3438,Chloe Drew,chloe.drew3438@example.com,United States,2023-03-02,Standard,467.51
3439,Noah Nash,noah.nash3439@example.com,Japan,2024-01-21,Standard,111.51
3440,Ethan Reed,ethan.reed3440@example.com,France,2023-07-29,Basic,138.32
3441,Ella Lane,ella.lane3441@example.com,India,2026-02-03,Standard,259.03
3442,Ivy Blair,ivy.blair3442@example.com,Mexico,2025-07-01,Standard,356.41
3443,Ava Nash,ava.nash3443@example.com,United Kingdom,2025-03-20,Premium,1065.21
3444,Ivy Blair,ivy.blair3444@example.com,United States,2023-03-26,Basic,64.64
3445,Ruby Shaw,ruby.shaw3445@example.com,United States,2025-11-18,Standard,211.02
3446,Felix Young,felix.young3446@example.com,Canada,2026-07-29,Standard,64.03
3447,Chloe West,chloe.west3447@example.com,India,2025-06-02,Standard,505.30
3448,Mila Tate,mila.tate3448@example.com,Brazil,2022-04-27,Standard,277.48
3449,Ruby Gray,ruby.gray3449@example.com,United States,2022-12-21,Standard,352.55
3450,Hugo Dunn,hugo.dunn3450@example.com,United States,2024-09-25,Standard,273.64
3451,Owen Hart,owen.hart3451@example.com,India,2026-06-11,Standard,222.76
3452,Noah Nash,noah.nash3452@example.com,Canada,2026-06-26,Standard,71.47
3453,Mia Vale,mia.vale3453@example.com,Spain,2025-09-17,Basic,43.38
3454,Caleb Brooks,caleb.brooks3454@example.com,United States,2026-07-26,Basic,135.52
3455,Arlo Tate,arlo.tate3455@example.com,Brazil,2024-08-05,Standard,183.15
3456,Wren Zane,wren.zane3456@example.com,Australia,2024-10-11,Standard,470.89
3457,Wren Drew,wren.drew3457@example.com,Australia,2025-05-15,Standard,289.70
3458,Arlo Drew,arlo.drew3458@example.com,United Kingdom,2025-01-14,Premium,1692.17
3459,Theo West,theo.west3459@example.com,United States,2025-10-19,Basic,153.73
3460,Piper Nash,piper.nash3460@example.com,Brazil,2022-05-12,Standard,285.77
3461,Zoe Lane,zoe.lane3461@example.com,Japan,2025-04-12,Standard,499.89
3462,Ella Pike,ella.pike3462@example.com,United Kingdom,2023-06-06,Basic,166.17
3463,Hugo Lang,hugo.lang3463@example.com,United States,2023-05-26,Standard,295.92
3464,Chloe Dunn,chloe.dunn3464@example.com,United States,2023-01-17,Basic,32.67
3465,Zoe Quinn,zoe.quinn3465@example.com,United States,2024-12-23,Premium,2900.66
3466,Lila Brooks,lila.brooks3466@example.com,United Kingdom,2025-11-10,Standard,774.56
3467,Miles Snow,miles.snow3467@example.com,Australia,2025-10-03,Basic,24.22
3468,Chloe West,chloe.west3468@example.com,Japan,2023-08-20,Premium,4136.38
3469,Noah Snow,noah.snow3469@example.com,United States,2022-11-06,Standard,512.05
3470,Liam Dunn,liam.dunn3470@example.com,Australia,2025-11-23,Basic,116.31
3471,Ethan Finn,ethan.finn3471@example.com,Brazil,2026-04-15,Standard,193.38
3472,Jonah Walsh,jonah.walsh3472@example.com,United States,2024-10-05,Standard,558.31
3473,Hugo Drew,hugo.drew3473@example.com,France,2023-01-08,Standard,264.36
3474,Ava Moss,ava.moss3474@example.com,United States,2022-08-20,Basic,123.10
3475,Ethan Pike,ethan.pike3475@example.com,India,2023-06-18,Basic,193.69
3476,Jade Gray,jade.gray3476@example.com,Spain,2023-02-04,Standard,51.97
3477,Iris Cruz,iris.cruz3477@example.com,United States,2023-08-17,Basic,96.47
3478,Caleb Vale,caleb.vale3478@example.com,Japan,2023-09-17,Basic,164.56
3479,Wren Bell,wren.bell3479@example.com,France,2023-11-09,Standard,65.39
3480,Ruby Vale,ruby.vale3480@example.com,United States,2024-02-06,Premium,3718.34
3481,Felix Pike,felix.pike3481@example.com,India,2022-05-27,Basic,102.63
3482,Ivy Snow,ivy.snow3482@example.com,Germany,2025-07-01,Basic,59.52
3483,Ella Shaw,ella.shaw3483@example.com,United States,2025-05-09,Standard,464.88
3484,Miles Cole,miles.cole3484@example.com,Canada,2024-10-16,Standard,671.49
3485,Nora Snow,nora.snow3485@example.com,Netherlands,2025-03-07,Standard,251.34
3486,Ava Shaw,ava.shaw3486@example.com,Canada,2025-01-16,Premium,938.90
3487,Zoe Snow,zoe.snow3487@example.com,United States,2024-01-26,Standard,256.65
3488,Zoe Dunn,zoe.dunn3488@example.com,United States,2026-04-24,Standard,588.06
3489,Ivy Brooks,ivy.brooks3489@example.com,United Kingdom,2026-04-01,Standard,577.20
3490,Owen Shaw,owen.shaw3490@example.com,Australia,2026-07-22,Standard,252.07
3491,Piper Shaw,piper.shaw3491@example.com,Australia,2023-08-31,Standard,285.77
3492,Noah Shaw,noah.shaw3492@example.com,United Kingdom,2023-06-15,Standard,724.19
3493,Ava Gray,ava.gray3493@example.com,United Kingdom,2023-02-03,Basic,67.09
3494,Hugo Walsh,hugo.walsh3494@example.com,Germany,2022-03-24,Standard,107.15
3495,Ruby Dunn,ruby.dunn3495@example.com,Brazil,2025-12-13,Standard,255.82
3496,Mia Tate,mia.tate3496@example.com,United States,2022-11-07,Standard,173.68
3497,Wren Reed,wren.reed3497@example.com,United Kingdom,2023-08-30,Basic,167.56
3498,Felix Zane,felix.zane3498@example.com,India,2025-01-07,Basic,50.34
3499,Nico Shaw,nico.shaw3499@example.com,Germany,2024-04-02,Standard,440.53
3500,Jade Hart,jade.hart3500@example.com,France,2024-12-23,Premium,2212.93
3501,Ruby Cruz,ruby.cruz3501@example.com,Canada,2023-09-18,Standard,225.06
3502,Wren Tate,wren.tate3502@example.com,United States,2024-03-06,Basic,58.21
3503,Sadie Zane,sadie.zane3503@example.com,Netherlands,2024-06-24,Standard,737.36
3504,Jonah Cole,jonah.cole3504@example.com,Germany,2026-05-09,Basic,127.04
3505,Piper Pike,piper.pike3505@example.com,Brazil,2026-03-14,Standard,457.36
3506,Mila Lang,mila.lang3506@example.com,Canada,2022-09-22,Premium,1641.43
3507,Caleb Hale,caleb.hale3507@example.com,Australia,2026-01-04,Standard,621.62
3508,Silas Nash,silas.nash3508@example.com,United States,2022-02-05,Standard,450.60
3509,Iris Quinn,iris.quinn3509@example.com,United States,2023-06-03,Premium,3288.67
3510,Ivy Snow,ivy.snow3510@example.com,United Kingdom,2024-09-21,Basic,167.47
3511,Arlo Young,arlo.young3511@example.com,Brazil,2022-08-18,Standard,168.02
3512,Jonah West,jonah.west3512@example.com,United States,2026-04-07,Standard,582.48
3513,Sadie Finn,sadie.finn3513@example.com,Australia,2025-03-24,Standard,740.54
3514,Liam Gray,liam.gray3514@example.com,India,2022-08-16,Standard,770.30
3515,Ava Brooks,ava.brooks3515@example.com,Canada,2024-04-19,Standard,77.44
3516,Hugo Kerr,hugo.kerr3516@example.com,India,2022-05-08,Basic,1.76
3517,Leo Zane,leo.zane3517@example.com,United States,2023-11-21,Standard,303.48
3518,Theo Pike,theo.pike3518@example.com,United States,2023-10-21,Standard,110.83
3519,Nora Snow,nora.snow3519@example.com,United States,2024-12-20,Standard,357.94
3520,Theo Kerr,theo.kerr3520@example.com,United Kingdom,2025-11-12,Premium,1348.50
3521,Arlo Shaw,arlo.shaw3521@example.com,Australia,2025-09-13,Basic,184.99
3522,Mila Finn,mila.finn3522@example.com,Canada,2024-12-29,Premium,4156.94
3523,Miles Reed,miles.reed3523@example.com,India,2023-05-15,Basic,74.42
3524,Ethan West,ethan.west3524@example.com,Brazil,2024-10-24,Standard,555.10
3525,Felix Snow,felix.snow3525@example.com,United States,2026-07-27,Basic,158.48
3526,Miles Young,miles.young3526@example.com,Germany,2025-07-24,Basic,37.37
3527,Jade Gray,jade.gray3527@example.com,Netherlands,2026-03-17,Basic,131.88
3528,Ethan Pike,ethan.pike3528@example.com,United States,2025-02-04,Standard,449.38
3529,Mila Walsh,mila.walsh3529@example.com,United States,2022-11-14,Premium,3980.34
3530,Lila Snow,lila.snow3530@example.com,Netherlands,2026-01-08,Standard,249.69
3531,Liam Hale,liam.hale3531@example.com,Germany,2023-04-04,Standard,507.87
3532,Jade Reed,,France,2022-05-10,Standard,742.52
3533,Jonah Lane,jonah.lane3533@example.com,India,2025-12-05,Basic,6.48
3534,Ella Young,ella.young3534@example.com,Canada,2025-08-25,Standard,106.94
3535,Miles Park,miles.park3535@example.com,United Kingdom,2025-04-06,Standard,268.95
3536,Ava Gray,ava.gray3536@example.com,Germany,2022-07-25,Basic,87.29
3537,Owen Park,owen.park3537@example.com,United States,2025-05-27,Premium,2830.95
3538,Miles Walsh,miles.walsh3538@example.com,Germany,2022-08-15,Standard,511.82
3539,Sadie Shaw,sadie.shaw3539@example.com,Germany,2023-05-21,Standard,759.12
3540,Iris Frost,iris.frost3540@example.com,Germany,2026-02-13,Standard,71.80
3541,Iris Tate,iris.tate3541@example.com,India,2024-02-11,Basic,120.79
3542,Iris Tate,iris.tate3542@example.com,Canada,2022-12-16,Standard,513.86
3543,Sadie Tate,sadie.tate3543@example.com,United Kingdom,2023-02-23,Premium,2115.05
3544,Asher Bell,asher.bell3544@example.com,Brazil,2022-11-29,Standard,500.13
3545,Nora Cole,nora.cole3545@example.com,India,2025-07-10,Standard,61.83
3546,Mila Vale,mila.vale3546@example.com,Brazil,2025-04-01,Basic,199.17
3547,Ava Vale,ava.vale3547@example.com,Germany,2026-04-16,Standard,590.02
3548,Miles Dunn,miles.dunn3548@example.com,United Kingdom,2026-04-15,Basic,143.48
3549,Sadie Finn,sadie.finn3549@example.com,United States,2022-01-08,Standard,775.15
3550,Silas Finn,silas.finn3550@example.com,India,2024-10-16,Standard,384.11
3551,Theo Moss,,Brazil,2023-08-06,Basic,132.91
3552,Ruby Quinn,ruby.quinn3552@example.com,United States,2025-05-30,Basic,165.17
3553,Nico Frost,nico.frost3553@example.com,Germany,2023-08-15,Premium,4898.22
3554,Chloe Bell,chloe.bell3554@example.com,United Kingdom,2024-03-27,Basic,190.55
3555,Theo Snow,theo.snow3555@example.com,Mexico,2023-08-23,Standard,749.53
3556,Ava Drew,ava.drew3556@example.com,United States,2025-05-23,Standard,268.45
3557,Felix Gray,felix.gray3557@example.com,Canada,2022-01-21,Standard,478.16
3558,Ethan Walsh,ethan.walsh3558@example.com,Mexico,2022-12-02,Basic,130.57
3559,Zoe Vale,zoe.vale3559@example.com,Canada,2025-02-06,Premium,3655.31
3560,Jade Brooks,jade.brooks3560@example.com,France,2023-07-09,Premium,3303.06
3561,Wren Drew,wren.drew3561@example.com,United States,2023-03-30,Standard,50.71
3562,Theo Young,theo.young3562@example.com,France,2025-09-25,Standard,103.93
3563,Nora York,nora.york3563@example.com,Japan,2025-02-02,Standard,360.58
3564,Asher Finn,asher.finn3564@example.com,United States,2026-03-03,Basic,34.72
3565,Theo Moss,theo.moss3565@example.com,Brazil,2022-01-30,Standard,245.79
3566,Arlo Vale,arlo.vale3566@example.com,Netherlands,2022-04-07,Basic,0.20
3567,Ivy Brooks,ivy.brooks3567@example.com,India,2026-04-06,Basic,132.15
3568,Liam Dunn,liam.dunn3568@example.com,India,2023-12-30,Basic,66.61
3569,Ava Zane,ava.zane3569@example.com,United Kingdom,2023-08-23,Basic,31.81
3570,Theo Drew,theo.drew3570@example.com,United States,2024-06-16,Basic,177.39
3571,Felix West,felix.west3571@example.com,United Kingdom,2024-07-08,Basic,186.60
3572,Noah Bell,noah.bell3572@example.com,Netherlands,2022-02-09,Basic,38.76
3573,Lila York,lila.york3573@example.com,Brazil,2026-07-04,Standard,95.76
3574,Ava Walsh,ava.walsh3574@example.com,United States,2024-02-02,Standard,211.05
3575,Noah Cole,noah.cole3575@example.com,United Kingdom,2023-06-01,Standard,222.39
3576,Asher Finn,asher.finn3576@example.com,Canada,2023-07-16,Basic,112.37
3577,Miles Cruz,miles.cruz3577@example.com,Canada,2024-02-06,Basic,54.01
3578,Caleb Brooks,caleb.brooks3578@example.com,India,2022-09-16,Standard,203.13
3579,Nora Zane,nora.zane3579@example.com,France,2024-09-05,Standard,229.47
3580,Nora Zane,nora.zane3580@example.com,United States,2023-01-06,Standard,213.68
3581,Asher Hart,asher.hart3581@example.com,United States,2025-07-24,Standard,436.52
3582,Chloe Snow,chloe.snow3582@example.com,Germany,2024-09-10,Premium,2538.41
3583,Caleb Cruz,caleb.cruz3583@example.com,India,2024-02-02,Standard,342.07
3584,Asher Shaw,asher.shaw3584@example.com,United States,2026-08-15,Standard,353.77
3585,Theo Cole,theo.cole3585@example.com,Germany,2022-06-17,Standard,229.80
3586,Caleb Lane,caleb.lane3586@example.com,United States,2022-12-07,Basic,195.27
3587,Noah Hart,noah.hart3587@example.com,Canada,2025-09-10,Basic,60.56
3588,Mia Zane,mia.zane3588@example.com,Netherlands,2026-05-15,Basic,154.76
3589,Owen Zane,owen.zane3589@example.com,United States,2024-08-06,Basic,162.08
3590,Ethan Shaw,ethan.shaw3590@example.com,Germany,2025-01-22,Basic,80.73
3591,Asher Moss,asher.moss3591@example.com,India,2023-10-20,Standard,776.32
3592,Nora Reed,nora.reed3592@example.com,Australia,2022-12-15,Standard,503.87
3593,Zoe Kerr,zoe.kerr3593@example.com,United States,2022-08-25,Basic,164.61
3594,Nora York,nora.york3594@example.com,United States,2022-05-17,Standard,121.74
3595,Nora Zane,nora.zane3595@example.com,Brazil,2022-04-07,Premium,2404.59
3596,Caleb Finn,caleb.finn3596@example.com,Canada,2023-09-22,Premium,1911.61
3597,Jonah Cole,jonah.cole3597@example.com,Australia,2024-01-01,Basic,46.25
3598,Caleb Vale,caleb.vale3598@example.com,India,2026-02-08,Basic,96.92
3599,Liam Tate,liam.tate3599@example.com,Germany,2023-12-31,Basic,190.24
3600,Caleb Kerr,caleb.kerr3600@example.com,France,2023-02-13,Basic,85.18
3601,Caleb West,caleb.west3601@example.com,United States,2023-11-14,Basic,75.81
3602,Jonah Bell,jonah.bell3602@example.com,United States,2022-09-13,Standard,744.48
3603,Ivy Shaw,ivy.shaw3603@example.com,India,2025-11-10,Premium,1554.02
3604,Owen Tate,owen.tate3604@example.com,Netherlands,2023-01-09,Standard,609.83
3605,Arlo Brooks,arlo.brooks3605@example.com,Germany,2022-12-25,Standard,779.83
3606,Mia Moss,mia.moss3606@example.com,Germany,2024-08-31,Basic,64.32
3607,Ava Frost,ava.frost3607@example.com,Canada,2023-10-10,Basic,20.51
3608,Nora Reed,nora.reed3608@example.com,India,2024-04-16,Standard,478.23
3609,Wren Hale,wren.hale3609@example.com,United Kingdom,2023-04-09,Standard,682.59
3610,Silas Snow,silas.snow3610@example.com,United States,2024-11-14,Basic,184.98
3611,Nico Walsh,,India,2023-01-21,Standard,433.43
3612,Ruby West,ruby.west3612@example.com,United States,2024-09-08,Standard,630.24
3613,Hugo Pike,hugo.pike3613@example.com,France,2024-03-25,Basic,192.95
3614,Arlo Quinn,arlo.quinn3614@example.com,United States,2026-07-25,Basic,129.77
3615,Zoe Dunn,zoe.dunn3615@example.com,United States,2024-02-10,Standard,613.62
3616,Ruby Young,ruby.young3616@example.com,France,2025-03-23,Standard,88.00
3617,Iris Brooks,iris.brooks3617@example.com,Germany,2025-02-08,Premium,2284.06
3618,Jonah Cole,jonah.cole3618@example.com,Germany,2023-04-25,Standard,496.14
3619,Ethan Walsh,ethan.walsh3619@example.com,France,2024-04-18,Basic,171.07
3620,Caleb Young,caleb.young3620@example.com,Australia,2024-03-09,Standard,412.98
3621,Hugo Bell,hugo.bell3621@example.com,United Kingdom,2026-03-19,Basic,150.01
3622,Sadie Moss,sadie.moss3622@example.com,France,2024-01-30,Standard,692.61
3623,Nora Gray,nora.gray3623@example.com,United Kingdom,2024-11-30,Basic,41.42
3624,Lila Lang,lila.lang3624@example.com,France,2023-01-02,Premium,1252.13
3625,Mia Vale,mia.vale3625@example.com,Germany,2025-01-08,Basic,199.62
3626,Felix Young,felix.young3626@example.com,Australia,2022-06-01,Basic,45.10
3627,Caleb Bell,caleb.bell3627@example.com,Australia,2024-07-14,Standard,157.41
3628,Chloe Hart,chloe.hart3628@example.com,India,2024-12-19,Basic,98.05
3629,Arlo Drew,arlo.drew3629@example.com,Japan,2026-06-06,Basic,87.12
3630,Silas Zane,silas.zane3630@example.com,Germany,2022-11-24,Standard,735.60
3631,Ella Bell,ella.bell3631@example.com,United States,2023-03-22,Premium,3845.98
3632,Ava Blair,ava.blair3632@example.com,United Kingdom,2024-06-08,Standard,753.03
3633,Liam Park,liam.park3633@example.com,United States,2024-10-03,Premium,4874.09
3634,Theo Quinn,theo.quinn3634@example.com,Netherlands,2025-03-26,Standard,64.88
3635,Jade Tate,jade.tate3635@example.com,Japan,2025-09-06,Premium,4923.47
3636,Hugo Dunn,hugo.dunn3636@example.com,United States,2022-08-04,Standard,633.65
3637,Chloe Dunn,chloe.dunn3637@example.com,United Kingdom,2025-02-21,Premium,2729.40
3638,Arlo Shaw,arlo.shaw3638@example.com,United States,2026-06-05,Standard,539.77
3639,Mia Gray,mia.gray3639@example.com,United Kingdom,2024-10-30,Basic,176.44
3640,Mila Hart,mila.hart3640@example.com,Germany,2026-03-14,Basic,3.89
3641,Mila Tate,mila.tate3641@example.com,United States,2025-10-10,Basic,129.29
3642,Ava Lang,ava.lang3642@example.com,United States,2023-05-09,Basic,191.52
3643,Mia Hart,mia.hart3643@example.com,Brazil,2022-09-15,Standard,671.68
3644,Caleb Nash,caleb.nash3644@example.com,United Kingdom,2022-09-06,Standard,368.96
3645,Hugo Shaw,hugo.shaw3645@example.com,United States,2024-12-23,Premium,2220.13
3646,Wren Cruz,wren.cruz3646@example.com,Brazil,2026-01-08,Basic,40.31
3647,Noah Frost,noah.frost3647@example.com,Brazil,2023-09-06,Standard,328.10
3648,Iris Vale,iris.vale3648@example.com,United States,2023-12-04,Standard,745.90
3649,Jonah Blair,jonah.blair3649@example.com,Canada,2024-06-19,Standard,153.37
3650,Ivy Kerr,ivy.kerr3650@example.com,India,2024-04-01,Standard,794.94
3651,Owen Blair,owen.blair3651@example.com,Japan,2022-05-04,Standard,59.32
3652,Piper Lane,piper.lane3652@example.com,Mexico,2026-03-19,Standard,613.87
3653,Mia Moss,mia.moss3653@example.com,United Kingdom,2025-09-25,Standard,372.84
3654,Mia Gray,mia.gray3654@example.com,Canada,2024-02-09,Standard,363.79
3655,Sadie York,sadie.york3655@example.com,United Kingdom,2026-06-06,Standard,201.63
3656,Liam Pike,liam.pike3656@example.com,Canada,2025-10-22,Standard,105.82
3657,Felix Nash,felix.nash3657@example.com,Netherlands,2024-08-23,Basic,159.30
3658,Ethan Vale,ethan.vale3658@example.com,United States,2025-05-02,Premium,2711.57
3659,Mila Gray,mila.gray3659@example.com,United States,2023-05-26,Standard,436.64
3660,Ethan Bell,ethan.bell3660@example.com,Japan,2023-06-10,Premium,860.12
3661,Wren Kerr,wren.kerr3661@example.com,United States,2022-08-03,Basic,151.33
3662,Nora Gray,nora.gray3662@example.com,United Kingdom,2026-08-03,Basic,98.17
3663,Miles Tate,miles.tate3663@example.com,Mexico,2022-09-12,Standard,99.11
3664,Ivy Hale,ivy.hale3664@example.com,United States,2024-10-01,Standard,330.48
3665,Ava Drew,ava.drew3665@example.com,Canada,2024-05-14,Standard,226.05
3666,Arlo West,arlo.west3666@example.com,United States,2025-07-21,Standard,389.69
3667,Felix Drew,felix.drew3667@example.com,Germany,2025-03-31,Standard,351.35
3668,Sadie Lane,sadie.lane3668@example.com,Netherlands,2025-03-24,Basic,134.92
3669,Sadie Snow,sadie.snow3669@example.com,Germany,2023-06-17,Premium,4144.70
3670,Mila West,mila.west3670@example.com,Brazil,2025-07-07,Basic,1.17
3671,Sadie Reed,sadie.reed3671@example.com,Germany,2023-07-24,Standard,717.34
3672,Chloe Park,chloe.park3672@example.com,United Kingdom,2023-12-20,Standard,196.65
3673,Nico Kerr,nico.kerr3673@example.com,Japan,2023-11-05,Standard,754.69
3674,Hugo Young,hugo.young3674@example.com,Japan,2022-09-10,Standard,644.42
3675,Ruby Young,ruby.young3675@example.com,Australia,2024-05-20,Standard,774.56
3676,Theo Walsh,theo.walsh3676@example.com,India,2026-08-08,Basic,88.79
3677,Mila Lang,mila.lang3677@example.com,United States,2023-09-17,Basic,68.24
3678,Sadie Bell,sadie.bell3678@example.com,Netherlands,2024-11-04,Basic,161.68
3679,Ivy Cruz,ivy.cruz3679@example.com,Australia,2024-01-06,Standard,721.04
3680,Owen Lang,owen.lang3680@example.com,Canada,2026-04-08,Standard,672.45
3681,Chloe Hart,chloe.hart3681@example.com,United States,2026-01-09,Basic,2.76
3682,Asher Hart,asher.hart3682@example.com,United States,2023-12-16,Standard,302.97
3683,Lila Tate,lila.tate3683@example.com,Canada,2022-02-17,Standard,294.17
3684,Theo Nash,theo.nash3684@example.com,United Kingdom,2026-09-02,Standard,268.70
3685,Noah Zane,noah.zane3685@example.com,Australia,2022-12-15,Standard,354.93
3686,Jade Quinn,jade.quinn3686@example.com,India,2023-12-31,Standard,640.09
3687,Chloe Nash,chloe.nash3687@example.com,India,2022-05-16,Premium,603.18
3688,Noah Kerr,noah.kerr3688@example.com,India,2025-12-13,Basic,89.16
3689,Liam Dunn,liam.dunn3689@example.com,United States,2026-05-19,Standard,364.83
3690,Wren Cruz,wren.cruz3690@example.com,United States,2024-09-15,Standard,455.75
3691,Liam Gray,liam.gray3691@example.com,United States,2023-07-22,Basic,178.25
3692,Chloe Hart,chloe.hart3692@example.com,India,2024-08-30,Standard,247.94
3693,Hugo Pike,hugo.pike3693@example.com,Brazil,2025-03-22,Basic,133.32
3694,Ivy Reed,ivy.reed3694@example.com,United States,2024-10-12,Standard,441.31
3695,Silas Nash,silas.nash3695@example.com,United States,2025-11-22,Standard,330.47
3696,Ethan Shaw,ethan.shaw3696@example.com,Germany,2025-06-27,Premium,770.62
3697,Noah Blair,noah.blair3697@example.com,Germany,2022-07-23,Standard,550.01
3698,Ivy Brooks,ivy.brooks3698@example.com,United States,2024-03-28,Standard,638.05
3699,Iris Gray,iris.gray3699@example.com,Netherlands,2022-11-07,Standard,96.06
3700,Noah Finn,noah.finn3700@example.com,Japan,2024-03-11,Standard,592.77
3701,Hugo Nash,hugo.nash3701@example.com,United Kingdom,2024-04-18,Premium,3350.56
3702,Sadie Hart,sadie.hart3702@example.com,Germany,2025-05-23,Premium,2140.96
3703,Ava Brooks,ava.brooks3703@example.com,United States,2023-11-15,Premium,4683.51
3704,Sadie Hart,sadie.hart3704@example.com,Germany,2025-06-14,Premium,2919.47
3705,Mia Blair,mia.blair3705@example.com,United States,2024-07-13,Basic,56.25
3706,Ethan Quinn,ethan.quinn3706@example.com,France,2024-02-19,Premium,3469.41
3707,Noah Lang,noah.lang3707@example.com,Brazil,2025-09-03,Standard,560.98
3708,Jonah Nash,jonah.nash3708@example.com,United States,2026-08-14,Standard,382.77
3709,Nora West,nora.west3709@example.com,India,2026-03-03,Basic,133.53
3710,Silas Walsh,silas.walsh3710@example.com,United States,2022-12-09,Basic,179.29
3711,Silas Quinn,silas.quinn3711@example.com,United States,2023-06-10,Standard,451.59
3712,Owen Shaw,owen.shaw3712@example.com,Mexico,2026-08-17,Premium,1682.70
3713,Mila Frost,mila.frost3713@example.com,India,2022-09-27,Standard,290.73
3714,Leo Nash,leo.nash3714@example.com,Canada,2022-10-23,Premium,2294.74
3715,Ethan Blair,ethan.blair3715@example.com,United States,2022-06-18,Basic,46.50
3716,Hugo Zane,hugo.zane3716@example.com,India,2025-04-09,Basic,88.99
3717,Caleb Lang,caleb.lang3717@example.com,Japan,2024-08-29,Basic,59.07
3718,Ella Finn,ella.finn3718@example.com,India,2024-05-11,Premium,3863.58
3719,Piper Moss,piper.moss3719@example.com,United States,2022-09-25,Standard,666.46
3720,Miles Quinn,miles.quinn3720@example.com,France,2023-09-07,Basic,182.58
3721,Ava Hale,ava.hale3721@example.com,Spain,2026-08-22,Standard,520.66
3722,Sadie Cruz,sadie.cruz3722@example.com,Canada,2022-09-27,Standard,188.63
3723,Liam Dunn,liam.dunn3723@example.com,United Kingdom,2025-01-04,Basic,190.52
3724,Arlo Tate,arlo.tate3724@example.com,Japan,2025-01-11,Premium,2621.28
3725,Mila Kerr,mila.kerr3725@example.com,France,2025-01-02,Standard,592.14
3726,Ruby York,ruby.york3726@example.com,Japan,2024-11-18,Standard,602.20
3727,Zoe Blair,zoe.blair3727@example.com,Mexico,2022-01-20,Standard,705.62
3728,Lila Drew,lila.drew3728@example.com,United States,2024-11-12,Standard,352.41
3729,Chloe Tate,chloe.tate3729@example.com,Mexico,2025-03-02,Basic,35.89
3730,Sadie Brooks,sadie.brooks3730@example.com,Australia,2025-03-07,Standard,221.21
3731,Mia Shaw,mia.shaw3731@example.com,United States,2025-03-15,Standard,743.48
3732,Arlo Tate,arlo.tate3732@example.com,Spain,2023-02-17,Basic,128.79
3733,Asher Lang,asher.lang3733@example.com,Japan,2026-05-28,Standard,477.34
3734,Owen Drew,owen.drew3734@example.com,Germany,2023-07-08,Standard,638.57
3735,Noah Bell,noah.bell3735@example.com,United States,2024-12-16,Standard,587.68
3736,Nora Drew,nora.drew3736@example.com,United States,2022-01-20,Standard,270.42
3737,Mia Reed,mia.reed3737@example.com,India,2025-11-06,Standard,244.49
3738,Nico Hart,nico.hart3738@example.com,United Kingdom,2023-03-03,Standard,335.48
3739,Ava Brooks,ava.brooks3739@example.com,France,2024-02-11,Premium,1803.73
3740,Silas Frost,silas.frost3740@example.com,Mexico,2024-07-17,Basic,78.40
3741,Sadie Walsh,sadie.walsh3741@example.com,United States,2024-12-03,Standard,799.38
3742,Mila Park,mila.park3742@example.com,United States,2023-06-01,Standard,206.12
3743,Ella Snow,ella.snow3743@example.com,France,2022-07-09,Premium,2515.79
3744,Sadie Park,sadie.park3744@example.com,United States,2023-04-27,Basic,45.50
3745,Felix York,felix.york3745@example.com,Canada,2026-08-31,Standard,747.21
3746,Mila Dunn,mila.dunn3746@example.com,India,2025-06-19,Basic,14.65
3747,Ella Hart,ella.hart3747@example.com,India,2023-09-07,Standard,762.14
3748,Wren Quinn,wren.quinn3748@example.com,Brazil,2025-01-26,Basic,139.34
3749,Jonah Drew,jonah.drew3749@example.com,United States,2022-02-17,Standard,725.08
3750,Ruby Hale,ruby.hale3750@example.com,Canada,2022-07-18,Standard,370.23
3751,Chloe Quinn,chloe.quinn3751@example.com,Germany,2022-06-24,Basic,104.31
3752,Mia Hale,mia.hale3752@example.com,Australia,2025-11-22,Standard,389.65
3753,Nora Bell,nora.bell3753@example.com,France,2026-07-07,Standard,455.07
3754,Zoe Hart,zoe.hart3754@example.com,United States,2025-09-23,Standard,65.77
3755,Mia Moss,mia.moss3755@example.com,India,2023-07-23,Standard,591.16
3756,Miles Hart,miles.hart3756@example.com,United Kingdom,2025-03-23,Standard,378.18
3757,Caleb Dunn,caleb.dunn3757@example.com,United States,2024-04-08,Basic,141.53
3758,Chloe Nash,chloe.nash3758@example.com,United States,2025-02-01,Basic,45.20
3759,Ruby Young,ruby.young3759@example.com,United States,2022-10-13,Standard,756.57
3760,Arlo Quinn,arlo.quinn3760@example.com,United States,2022-10-10,Basic,72.90
3761,Lila Vale,lila.vale3761@example.com,India,2022-01-03,Standard,245.67
3762,Jade Pike,jade.pike3762@example.com,Germany,2024-10-22,Standard,141.78
3763,Jonah Drew,jonah.drew3763@example.com,Netherlands,2024-08-15,Basic,74.51
3764,Silas Zane,silas.zane3764@example.com,Mexico,2024-04-22,Standard,458.38
3765,Ethan Zane,ethan.zane3765@example.com,Mexico,2022-02-05,Standard,61.03
3766,Caleb Quinn,caleb.quinn3766@example.com,United States,2026-04-30,Standard,784.02
3767,Zoe Cruz,zoe.cruz3767@example.com,United States,2022-08-26,Basic,137.19
3768,Mia Gray,mia.gray3768@example.com,Australia,2023-11-02,Standard,503.44
3769,Sadie Hart,sadie.hart3769@example.com,Brazil,2024-03-25,Standard,199.97
3770,Jade Brooks,jade.brooks3770@example.com,France,2023-03-25,Premium,790.35
3771,Ruby Shaw,ruby.shaw3771@example.com,United States,2022-09-19,Standard,786.04
3772,Owen Bell,owen.bell3772@example.com,United States,2022-07-03,Standard,280.39
3773,Ivy Young,ivy.young3773@example.com,India,2025-07-08,Standard,609.96
3774,Mia Moss,mia.moss3774@example.com,United States,2023-06-26,Premium,3291.05
3775,Iris Moss,iris.moss3775@example.com,India,2024-06-10,Premium,4439.65
3776,Nora Cole,nora.cole3776@example.com,India,2026-02-05,Basic,84.72
3777,Caleb Pike,caleb.pike3777@example.com,Mexico,2023-09-18,Basic,58.23
3778,Jade Nash,jade.nash3778@example.com,Canada,2023-03-25,Basic,98.25
3779,Ella Tate,ella.tate3779@example.com,United States,2022-06-30,Basic,109.08
3780,Owen Hart,owen.hart3780@example.com,India,2026-06-24,Standard,318.64
3781,Hugo Frost,hugo.frost3781@example.com,United States,2023-04-27,Standard,508.38
3782,Theo Shaw,theo.shaw3782@example.com,Mexico,2024-12-31,Premium,1386.45
3783,Ethan Lane,ethan.lane3783@example.com,India,2022-09-16,Basic,150.35
3784,Felix Reed,felix.reed3784@example.com,Mexico,2024-11-09,Standard,563.78
3785,Nico Shaw,nico.shaw3785@example.com,Canada,2023-12-21,Basic,131.13
3786,Zoe West,zoe.west3786@example.com,Mexico,2025-06-26,Standard,629.24
3787,Jade Shaw,jade.shaw3787@example.com,Canada,2023-07-07,Basic,96.15
3788,Jonah Vale,jonah.vale3788@example.com,Australia,2025-03-30,Basic,19.69
3789,Piper Blair,piper.blair3789@example.com,United States,2022-08-11,Standard,718.80
3790,Caleb Bell,caleb.bell3790@example.com,Mexico,2022-10-26,Standard,214.56
3791,Owen Lane,owen.lane3791@example.com,Japan,2023-09-22,Basic,17.57
3792,Caleb Lang,caleb.lang3792@example.com,India,2024-02-14,Standard,767.86
3793,Zoe Walsh,zoe.walsh3793@example.com,United Kingdom,2025-07-28,Standard,617.31
3794,Wren Drew,wren.drew3794@example.com,India,2022-12-02,Standard,517.81
3795,Ruby Dunn,ruby.dunn3795@example.com,United States,2024-03-29,Basic,90.57
3796,Silas Frost,silas.frost3796@example.com,United States,2022-09-11,Standard,182.48
3797,Felix Kerr,felix.kerr3797@example.com,India,2025-01-24,Standard,771.46
3798,Mia Bell,mia.bell3798@example.com,United States,2025-10-01,Standard,612.34
3799,Owen Frost,owen.frost3799@example.com,India,2026-06-04,Standard,426.83
3800,Lila West,lila.west3800@example.com,Japan,2026-01-22,Basic,21.22
3801,Lila Bell,lila.bell3801@example.com,Japan,2025-01-04,Standard,80.40
3802,Ella Pike,ella.pike3802@example.com,India,2023-12-13,Standard,178.89
3803,Wren Walsh,wren.walsh3803@example.com,United States,2022-11-26,Basic,121.59
3804,Caleb Blair,caleb.blair3804@example.com,United States,2026-07-01,Basic,61.10
3805,Owen West,owen.west3805@example.com,India,2022-04-15,Premium,2130.30
3806,Asher Lang,asher.lang3806@example.com,Canada,2026-08-15,Basic,78.55
3807,Jonah Nash,jonah.nash3807@example.com,India,2024-10-31,Premium,2518.77
3808,Noah Brooks,noah.brooks3808@example.com,United States,2025-12-02,Standard,314.29
3809,Liam Finn,liam.finn3809@example.com,Japan,2025-06-29,Standard,114.87
3810,Mia Quinn,mia.quinn3810@example.com,United States,2022-01-28,Basic,68.76
3811,Caleb Zane,caleb.zane3811@example.com,Japan,2023-05-08,Basic,35.04
3812,Mila Kerr,mila.kerr3812@example.com,United States,2026-08-12,Standard,661.62
3813,Mila Gray,mila.gray3813@example.com,United States,2026-03-15,Standard,187.57
3814,Jade Gray,jade.gray3814@example.com,Brazil,2022-11-15,Basic,116.25
3815,Felix Kerr,felix.kerr3815@example.com,India,2022-04-15,Standard,714.96
3816,Ruby Walsh,ruby.walsh3816@example.com,United Kingdom,2025-07-26,Standard,661.65
3817,Wren Bell,wren.bell3817@example.com,United Kingdom,2022-01-20,Standard,207.91
3818,Mia Blair,mia.blair3818@example.com,United Kingdom,2023-11-23,Basic,173.70
3819,Ethan Kerr,ethan.kerr3819@example.com,Germany,2022-12-07,Premium,3426.11
3820,Lila Hale,lila.hale3820@example.com,Canada,2026-03-06,Basic,1.13
3821,Jonah Nash,jonah.nash3821@example.com,France,2022-04-26,Basic,74.28
3822,Chloe Walsh,chloe.walsh3822@example.com,United States,2022-02-26,Basic,181.05
3823,Iris Bell,iris.bell3823@example.com,Australia,2022-11-13,Premium,1180.41
3824,Jade Blair,jade.blair3824@example.com,Brazil,2025-04-19,Basic,125.89
3825,Ruby York,ruby.york3825@example.com,United States,2023-02-10,Standard,685.91
3826,Nora Tate,nora.tate3826@example.com,Canada,2024-05-08,Standard,783.55
3827,Nico Walsh,nico.walsh3827@example.com,United States,2026-06-23,Basic,93.97
3828,Theo Hart,theo.hart3828@example.com,India,2024-01-21,Basic,115.30
3829,Chloe West,chloe.west3829@example.com,United States,2022-12-14,Basic,84.17
3830,Felix West,felix.west3830@example.com,Japan,2022-10-04,Standard,329.55
3831,Jade Pike,jade.pike3831@example.com,United States,2026-08-16,Basic,39.82
3832,Ella Dunn,ella.dunn3832@example.com,Mexico,2025-05-18,Premium,4006.90
3833,Mila Pike,mila.pike3833@example.com,Japan,2023-06-16,Standard,572.20
3834,Felix York,felix.york3834@example.com,Japan,2025-10-29,Premium,4078.99
3835,Leo Quinn,leo.quinn3835@example.com,India,2023-05-19,Standard,527.98
3836,Iris Lang,iris.lang3836@example.com,Spain,2022-07-03,Basic,105.46
3837,Noah Lang,noah.lang3837@example.com,Canada,2023-09-03,Premium,4817.25
3838,Zoe Pike,zoe.pike3838@example.com,Germany,2022-01-20,Premium,1640.77
3839,Ivy Moss,ivy.moss3839@example.com,Spain,2026-07-24,Premium,3901.46
3840,Lila Park,lila.park3840@example.com,India,2023-08-01,Standard,327.71
3841,Iris Lang,iris.lang3841@example.com,Australia,2023-03-31,Basic,189.36
3842,Zoe Frost,zoe.frost3842@example.com,United Kingdom,2022-05-16,Standard,338.87
3843,Ava Hart,ava.hart3843@example.com,United States,2024-05-20,Standard,147.77
3844,Wren Hart,wren.hart3844@example.com,United States,2022-10-29,Standard,182.29
3845,Leo Zane,leo.zane3845@example.com,Germany,2024-01-17,Premium,4503.72
3846,Silas Kerr,silas.kerr3846@example.com,Canada,2023-08-19,Standard,579.89
3847,Iris Snow,iris.snow3847@example.com,Australia,2025-06-12,Standard,482.53
3848,Owen Frost,owen.frost3848@example.com,United States,2023-10-30,Standard,72.38
3849,Wren Walsh,wren.walsh3849@example.com,United States,2024-10-18,Basic,137.82
3850,Ruby Park,ruby.park3850@example.com,Germany,2026-08-07,Basic,191.76
3851,Silas Shaw,silas.shaw3851@example.com,United States,2024-08-25,Basic,80.86
3852,Theo Lane,theo.lane3852@example.com,India,2022-08-16,Standard,229.32
3853,Theo Park,theo.park3853@example.com,Canada,2024-10-06,Premium,2227.61
3854,Silas Walsh,silas.walsh3854@example.com,France,2026-04-16,Standard,787.65
3855,Jonah Bell,jonah.bell3855@example.com,United Kingdom,2022-11-13,Premium,2473.31
3856,Nico Gray,nico.gray3856@example.com,India,2025-05-10,Premium,2921.47
3857,Ethan Cole,ethan.cole3857@example.com,United States,2023-08-29,Basic,95.91
3858,Miles Park,miles.park3858@example.com,Mexico,2026-04-30,Basic,91.81
3859,Miles Park,miles.park3859@example.com,United States,2024-01-04,Standard,134.74
3860,Chloe Walsh,chloe.walsh3860@example.com,United States,2026-08-21,Premium,3121.65
3861,Chloe Walsh,chloe.walsh3861@example.com,Japan,2026-03-26,Standard,680.04
3862,Theo Gray,theo.gray3862@example.com,Germany,2026-01-20,Basic,20.05
3863,Ivy Walsh,ivy.walsh3863@example.com,United Kingdom,2023-04-13,Standard,744.78
3864,Ava Park,ava.park3864@example.com,Canada,2026-08-10,Standard,145.54
3865,Wren Frost,wren.frost3865@example.com,United Kingdom,2024-07-29,Standard,287.32
3866,Ella Brooks,ella.brooks3866@example.com,United States,2023-06-16,Standard,566.98
3867,Felix Bell,felix.bell3867@example.com,United States,2024-07-12,Standard,293.71
3868,Theo Bell,theo.bell3868@example.com,Mexico,2024-07-07,Basic,136.51
3869,Miles Drew,miles.drew3869@example.com,Canada,2024-02-12,Standard,321.15
3870,Zoe York,zoe.york3870@example.com,Brazil,2025-12-17,Basic,67.67
3871,Nora Blair,nora.blair3871@example.com,Spain,2024-04-01,Basic,155.93
3872,Miles Kerr,miles.kerr3872@example.com,France,2023-03-23,Standard,743.38
3873,Miles Lang,miles.lang3873@example.com,Germany,2022-04-17,Standard,582.72
3874,Jade Hale,jade.hale3874@example.com,Japan,2024-11-24,Basic,171.48
3875,Ella Dunn,ella.dunn3875@example.com,United States,2025-11-22,Basic,109.64
3876,Mila Moss,mila.moss3876@example.com,United States,2023-12-12,Basic,8.32
3877,Felix Bell,felix.bell3877@example.com,France,2022-10-24,Basic,155.40
3878,Ivy Dunn,ivy.dunn3878@example.com,United States,2023-11-02,Standard,639.00
3879,Miles Drew,miles.drew3879@example.com,United Kingdom,2025-10-28,Basic,105.40
3880,Miles Vale,miles.vale3880@example.com,Germany,2025-05-04,Premium,2929.41
3881,Jonah Kerr,jonah.kerr3881@example.com,United States,2024-06-12,Standard,150.89
3882,Sadie Kerr,sadie.kerr3882@example.com,United States,2026-05-20,Basic,172.67
3883,Ruby Nash,ruby.nash3883@example.com,Germany,2024-04-04,Basic,42.67
3884,Chloe Lang,chloe.lang3884@example.com,United States,2022-12-27,Standard,279.95
3885,Piper Nash,piper.nash3885@example.com,United States,2022-06-03,Standard,659.20
3886,Wren Moss,wren.moss3886@example.com,Germany,2025-05-27,Basic,39.54
3887,Jonah Walsh,jonah.walsh3887@example.com,United States,2023-08-27,Standard,256.58
3888,Asher Young,asher.young3888@example.com,United States,2023-07-04,Standard,774.15
3889,Ella Dunn,ella.dunn3889@example.com,United States,2022-12-26,Standard,185.74
3890,Wren Shaw,wren.shaw3890@example.com,United States,2025-04-12,Basic,58.71
3891,Ethan Hart,ethan.hart3891@example.com,India,2025-03-10,Basic,180.09
3892,Ava Walsh,ava.walsh3892@example.com,Brazil,2023-01-13,Basic,130.25
3893,Ruby York,ruby.york3893@example.com,United States,2025-01-23,Basic,8.28
3894,Nico Quinn,nico.quinn3894@example.com,Brazil,2026-04-05,Standard,75.33
3895,Arlo Blair,arlo.blair3895@example.com,United States,2023-02-02,Basic,146.03
3896,Jade Park,jade.park3896@example.com,United Kingdom,2022-01-23,Premium,672.48
3897,Caleb Dunn,caleb.dunn3897@example.com,United States,2024-07-28,Standard,290.56
3898,Ruby Zane,ruby.zane3898@example.com,France,2022-08-20,Standard,627.46
3899,Ethan Dunn,ethan.dunn3899@example.com,Canada,2023-05-10,Standard,777.72
3900,Ava Cruz,ava.cruz3900@example.com,France,2026-02-27,Standard,571.27
3901,Mila Zane,mila.zane3901@example.com,United States,2023-12-18,Standard,770.95
3902,Nora Walsh,nora.walsh3902@example.com,United States,2025-05-23,Basic,73.68
3903,Zoe Vale,zoe.vale3903@example.com,Mexico,2024-10-07,Basic,59.04
3904,Theo West,theo.west3904@example.com,Brazil,2022-08-30,Premium,4810.93
3905,Ella Cole,ella.cole3905@example.com,United States,2026-05-01,Standard,788.21
3906,Wren Shaw,wren.shaw3906@example.com,Japan,2026-01-11,Premium,2700.86
3907,Chloe Pike,chloe.pike3907@example.com,Japan,2024-07-18,Standard,267.84
3908,Theo Gray,theo.gray3908@example.com,Mexico,2025-04-19,Standard,691.27
3909,Ruby Finn,ruby.finn3909@example.com,France,2022-02-17,Basic,148.32
3910,Hugo Hart,hugo.hart3910@example.com,France,2023-09-10,Standard,53.65
3911,Miles Lang,miles.lang3911@example.com,United Kingdom,2024-04-25,Standard,78.44
3912,Ethan Brooks,ethan.brooks3912@example.com,Australia,2022-07-31,Standard,790.61
3913,Wren West,wren.west3913@example.com,United States,2023-01-17,Standard,151.91
3914,Jade Moss,jade.moss3914@example.com,Spain,2026-07-25,Basic,78.05
3915,Asher Brooks,asher.brooks3915@example.com,France,2022-03-12,Standard,345.13
3916,Ethan Young,ethan.young3916@example.com,Spain,2023-05-22,Standard,320.38
3917,Ethan Hart,ethan.hart3917@example.com,United States,2022-05-18,Basic,13.34
3918,Zoe Snow,zoe.snow3918@example.com,Australia,2023-11-10,Standard,500.95
3919,Nico Brooks,nico.brooks3919@example.com,Brazil,2023-04-09,Premium,2270.23
3920,Caleb Lane,caleb.lane3920@example.com,India,2022-03-10,Basic,74.06
3921,Nico Pike,nico.pike3921@example.com,Japan,2026-09-21,Standard,784.34
3922,Caleb Kerr,caleb.kerr3922@example.com,Australia,2026-03-27,Basic,80.47
3923,Ivy Young,ivy.young3923@example.com,Japan,2024-03-18,Standard,263.92
3924,Sadie Shaw,sadie.shaw3924@example.com,Japan,2022-02-24,Standard,504.58
3925,Sadie Lang,sadie.lang3925@example.com,Mexico,2023-04-18,Basic,40.12
3926,Zoe Tate,zoe.tate3926@example.com,United States,2023-07-08,Basic,29.64
3927,Ethan Young,ethan.young3927@example.com,Canada,2023-11-14,Standard,564.87
3928,Nora Zane,nora.zane3928@example.com,France,2022-10-02,Basic,18.49
3929,Liam Nash,liam.nash3929@example.com,Germany,2023-02-10,Standard,148.63
3930,Jonah Vale,jonah.vale3930@example.com,United Kingdom,2022-11-24,Standard,135.93
3931,Arlo Hart,arlo.hart3931@example.com,France,2023-07-04,Standard,171.77
3932,Sadie Blair,sadie.blair3932@example.com,United Kingdom,2026-06-20,Basic,32.04
3933,Sadie Nash,sadie.nash3933@example.com,Canada,2025-12-10,Standard,350.25
3934,Liam York,liam.york3934@example.com,India,2022-09-20,Standard,605.15
3935,Nico Drew,nico.drew3935@example.com,United States,2024-11-07,Standard,572.50
3936,Ruby Pike,ruby.pike3936@example.com,Netherlands,2025-12-07,Premium,633.19
3937,Jade Finn,jade.finn3937@example.com,Canada,2026-04-19,Standard,349.58
3938,Ava Hart,ava.hart3938@example.com,United States,2026-02-28,Standard,748.67
3939,Jade Drew,jade.drew3939@example.com,United States,2022-05-06,Standard,300.41
3940,Ethan Kerr,ethan.kerr3940@example.com,United Kingdom,2023-04-17,Premium,2239.92
3941,Leo Hart,leo.hart3941@example.com,United States,2026-01-14,Standard,232.94
3942,Liam Dunn,liam.dunn3942@example.com,United Kingdom,2025-09-26,Standard,114.70
3943,Lila West,lila.west3943@example.com,Netherlands,2024-08-02,Standard,233.05
3944,Ruby Vale,ruby.vale3944@example.com,United States,2025-11-19,Standard,379.41
3945,Nico Nash,nico.nash3945@example.com,United States,2025-01-21,Standard,359.67
3946,Iris Tate,iris.tate3946@example.com,Japan,2023-10-21,Standard,757.39
3947,Silas Walsh,silas.walsh3947@example.com,India,2022-01-16,Standard,446.50
3948,Mila Cruz,mila.cruz3948@example.com,United States,2024-10-06,Standard,550.96
3949,Wren Dunn,wren.dunn3949@example.com,United States,2023-04-26,Standard,273.02
3950,Sadie Dunn,sadie.dunn3950@example.com,Canada,2022-07-15,Basic,117.29
3951,Nico Finn,nico.finn3951@example.com,United States,2024-08-14,Basic,177.89
3952,Felix Frost,felix.frost3952@example.com,United States,2024-11-30,Basic,109.29
3953,Piper Bell,piper.bell3953@example.com,United Kingdom,2024-12-15,Basic,173.80
3954,Ivy Tate,ivy.tate3954@example.com,United States,2026-05-06,Basic,105.06
3955,Iris Shaw,iris.shaw3955@example.com,Germany,2024-04-08,Basic,56.32
3956,Ava Lang,ava.lang3956@example.com,Canada,2022-09-14,Standard,270.57
3957,Leo Frost,leo.frost3957@example.com,Brazil,2025-07-29,Basic,104.49
3958,Hugo Moss,hugo.moss3958@example.com,France,2022-12-12,Premium,3412.15
3959,Ethan Reed,ethan.reed3959@example.com,United Kingdom,2026-03-27,Standard,189.31
3960,Theo Reed,theo.reed3960@example.com,Japan,2025-07-25,Standard,581.80
3961,Ethan Park,ethan.park3961@example.com,United Kingdom,2022-12-19,Basic,181.03
3962,Miles Blair,miles.blair3962@example.com,United States,2023-01-05,Standard,66.66
3963,Mia West,mia.west3963@example.com,Japan,2023-05-19,Basic,89.62
3964,Mia Frost,mia.frost3964@example.com,United States,2022-01-24,Standard,67.62
3965,Asher Kerr,asher.kerr3965@example.com,Canada,2026-08-30,Basic,145.28
3966,Noah Nash,noah.nash3966@example.com,United States,2026-08-29,Standard,499.17
3967,Wren Tate,wren.tate3967@example.com,France,2024-05-31,Premium,1518.19
3968,Ethan Quinn,ethan.quinn3968@example.com,United Kingdom,2022-03-22,Standard,74.59
3969,Iris Cole,iris.cole3969@example.com,United States,2026-04-07,Standard,160.62
3970,Sadie Cole,sadie.cole3970@example.com,India,2025-01-08,Standard,282.83
3971,Zoe Reed,zoe.reed3971@example.com,Germany,2022-06-27,Standard,341.23
3972,Ella West,ella.west3972@example.com,United States,2022-02-13,Premium,3272.83
3973,Zoe Vale,zoe.vale3973@example.com,United States,2024-03-30,Standard,418.29
3974,Ella Walsh,ella.walsh3974@example.com,India,2026-08-29,Basic,17.98
3975,Jonah Shaw,jonah.shaw3975@example.com,Canada,2023-03-24,Basic,172.26
3976,Iris Moss,iris.moss3976@example.com,France,2023-04-13,Premium,2927.60
3977,Ethan Blair,ethan.blair3977@example.com,United States,2026-08-19,Standard,607.85
3978,Felix Nash,felix.nash3978@example.com,India,2023-02-26,Basic,64.95
3979,Silas Shaw,silas.shaw3979@example.com,Australia,2026-06-12,Premium,3736.00
3980,Ruby Frost,ruby.frost3980@example.com,Spain,2023-09-06,Basic,44.96
3981,Ivy Kerr,ivy.kerr3981@example.com,United Kingdom,2026-08-01,Premium,2008.40
3982,Liam Zane,liam.zane3982@example.com,Canada,2024-08-08,Basic,153.96
3983,Felix Young,felix.young3983@example.com,United Kingdom,2024-05-10,Standard,91.47
3984,Miles West,miles.west3984@example.com,Japan,2025-05-22,Basic,95.78
3985,Ethan Finn,ethan.finn3985@example.com,Japan,2024-05-27,Basic,22.76
3986,Jonah Lane,jonah.lane3986@example.com,United States,2025-02-01,Basic,144.63
3987,Ava Quinn,ava.quinn3987@example.com,Germany,2025-06-14,Basic,185.01
3988,Ivy Reed,ivy.reed3988@example.com,United States,2022-12-12,Standard,426.21
3989,Theo Cole,theo.cole3989@example.com,United States,2023-07-02,Standard,151.93
3990,Mila York,mila.york3990@example.com,United States,2024-05-27,Standard,489.40
3991,Silas Blair,silas.blair3991@example.com,Canada,2023-06-08,Standard,638.03
3992,Sadie Park,sadie.park3992@example.com,United States,2023-08-24,Basic,175.65
3993,Leo Lang,leo.lang3993@example.com,Japan,2022-10-08,Standard,597.90
3994,Theo Dunn,theo.dunn3994@example.com,India,2022-12-21,Premium,1537.35
3995,Lila Shaw,lila.shaw3995@example.com,United States,2025-08-30,Basic,3.96
3996,Ava Finn,ava.finn3996@example.com,Germany,2023-11-22,Standard,460.19
3997,Jonah Lang,jonah.lang3997@example.com,United States,2024-03-11,Basic,91.26
3998,Owen Lane,owen.lane3998@example.com,France,2026-06-23,Basic,10.65
3999,Sadie Park,sadie.park3999@example.com,Germany,2023-06-21,Standard,610.12
4000,Noah Frost,noah.frost4000@example.com,Australia,2024-04-20,Standard,173.02
4001,Caleb Cole,caleb.cole4001@example.com,Spain,2024-12-06,Standard,393.30
4002,Ruby Blair,ruby.blair4002@example.com,Canada,2024-02-08,Standard,157.94
4003,Theo Park,theo.park4003@example.com,Australia,2023-12-21,Standard,594.78
4004,Ruby Young,ruby.young4004@example.com,Germany,2025-10-23,Standard,558.16
4005,Mila Cole,mila.cole4005@example.com,Netherlands,2026-05-21,Standard,138.00
4006,Leo Hale,leo.hale4006@example.com,India,2024-11-29,Standard,538.59
4007,Wren Bell,wren.bell4007@example.com,France,2022-05-03,Basic,48.87
4008,Chloe York,chloe.york4008@example.com,United States,2022-08-14,Basic,3.63
4009,Mila Bell,mila.bell4009@example.com,United States,2024-07-19,Standard,786.75
4010,Ella Hart,ella.hart4010@example.com,United States,2024-04-23,Standard,611.51
4011,Noah Lane,noah.lane4011@example.com,United States,2023-05-23,Basic,145.55
4012,Ruby Zane,ruby.zane4012@example.com,Germany,2023-03-09,Standard,85.45
4013,Ella York,ella.york4013@example.com,Australia,2022-02-15,Standard,580.25
4014,Jonah Kerr,jonah.kerr4014@example.com,Netherlands,2025-01-27,Basic,44.44
4015,Ethan Lang,ethan.lang4015@example.com,Canada,2024-08-31,Standard,418.58
4016,Mila Quinn,mila.quinn4016@example.com,India,2024-07-14,Standard,715.95
4017,Piper Bell,piper.bell4017@example.com,United States,2026-04-06,Standard,481.86
4018,Felix Finn,felix.finn4018@example.com,United States,2024-08-22,Basic,67.25
4019,Sadie Shaw,sadie.shaw4019@example.com,India,2022-12-13,Standard,725.06
4020,Iris Finn,iris.finn4020@example.com,Germany,2024-09-13,Basic,131.00
4021,Ava Lang,ava.lang4021@example.com,Japan,2025-07-29,Basic,105.72
4022,Nico Hart,nico.hart4022@example.com,Australia,2025-03-15,Basic,45.23
4023,Zoe Tate,zoe.tate4023@example.com,Canada,2023-06-22,Premium,3896.92
4024,Nico Cruz,nico.cruz4024@example.com,India,2022-06-09,Standard,764.42
4025,Nico Pike,nico.pike4025@example.com,Canada,2024-04-13,Basic,128.04
4026,Ivy Reed,ivy.reed4026@example.com,India,2024-04-03,Basic,53.36
4027,Sadie Zane,sadie.zane4027@example.com,Brazil,2022-01-31,Basic,155.50
4028,Ivy Snow,ivy.snow4028@example.com,United States,2024-11-08,Standard,154.97
4029,Felix Dunn,felix.dunn4029@example.com,Netherlands,2024-10-01,Basic,39.32
4030,Theo Nash,theo.nash4030@example.com,United Kingdom,2026-04-25,Standard,317.48
4031,Mila Snow,mila.snow4031@example.com,United States,2026-09-19,Standard,57.96
4032,Theo Shaw,theo.shaw4032@example.com,United Kingdom,2023-06-22,Basic,56.23
4033,Ella Dunn,ella.dunn4033@example.com,United States,2026-01-10,Standard,751.97
4034,Felix Hale,felix.hale4034@example.com,Brazil,2025-10-13,Standard,361.17
4035,Nora Frost,nora.frost4035@example.com,Australia,2025-11-18,Basic,6.31
4036,Liam Frost,liam.frost4036@example.com,France,2024-05-07,Standard,639.35
4037,Ava Pike,ava.pike4037@example.com,United States,2023-11-28,Standard,755.96
4038,Chloe Blair,chloe.blair4038@example.com,United States,2025-05-28,Premium,3281.35
4039,Ethan Drew,ethan.drew4039@example.com,Netherlands,2026-03-01,Standard,414.29
4040,Felix Snow,felix.snow4040@example.com,United States,2022-10-28,Standard,148.75
4041,Chloe Lang,chloe.lang4041@example.com,Canada,2024-10-25,Standard,57.31
4042,Ella Gray,ella.gray4042@example.com,Australia,2025-09-20,Standard,340.70
4043,Felix Walsh,felix.walsh4043@example.com,Australia,2025-04-02,Standard,117.90
4044,Liam Pike,liam.pike4044@example.com,United States,2026-05-01,Basic,190.35
4045,Arlo Lang,arlo.lang4045@example.com,Netherlands,2025-09-01,Basic,167.44
4046,Mia Lane,mia.lane4046@example.com,Netherlands,2026-05-06,Premium,743.17
4047,Liam York,liam.york4047@example.com,France,2022-11-16,Premium,2661.46
4048,Piper Frost,piper.frost4048@example.com,Brazil,2026-09-29,Premium,662.98
4049,Lila Gray,lila.gray4049@example.com,Germany,2022-05-15,Standard,645.40
4050,Ethan Pike,ethan.pike4050@example.com,United States,2024-04-29,Standard,771.24
4051,Ethan Gray,ethan.gray4051@example.com,United Kingdom,2023-09-05,Basic,172.54
4052,Nora Park,nora.park4052@example.com,Australia,2022-02-09,Basic,149.96
4053,Zoe Bell,zoe.bell4053@example.com,France,2023-11-26,Standard,790.48
4054,Ethan Gray,ethan.gray4054@example.com,Australia,2022-07-01,Standard,148.64
4055,Miles Cruz,miles.cruz4055@example.com,Netherlands,2025-11-04,Premium,1088.94
4056,Hugo Finn,hugo.finn4056@example.com,Canada,2022-08-14,Basic,56.19
4057,Silas York,silas.york4057@example.com,United States,2025-02-15,Standard,93.37
4058,Lila Nash,lila.nash4058@example.com,United States,2022-09-03,Basic,149.51
4059,Noah Gray,noah.gray4059@example.com,United States,2024-05-12,Basic,63.77
4060,Felix Young,felix.young4060@example.com,United Kingdom,2023-03-24,Basic,106.84
4061,Silas Finn,silas.finn4061@example.com,Australia,2025-08-07,Standard,381.71
4062,Nora Bell,nora.bell4062@example.com,Brazil,2022-01-13,Basic,26.61
4063,Ethan Hart,ethan.hart4063@example.com,United Kingdom,2025-09-17,Basic,46.72
4064,Caleb Reed,caleb.reed4064@example.com,United Kingdom,2024-04-15,Basic,195.51
4065,Ava Dunn,ava.dunn4065@example.com,Netherlands,2023-04-02,Premium,2904.01
4066,Leo Cole,leo.cole4066@example.com,France,2023-06-30,Premium,3487.79
4067,Chloe Pike,chloe.pike4067@example.com,Netherlands,2022-05-01,Basic,81.89
4068,Asher Pike,asher.pike4068@example.com,Canada,2022-09-28,Standard,434.88
4069,Owen Pike,owen.pike4069@example.com,Japan,2025-11-13,Standard,454.14
4070,Noah Moss,noah.moss4070@example.com,India,2024-05-20,Standard,385.33
4071,Lila Park,lila.park4071@example.com,Germany,2024-06-19,Premium,4640.68
4072,Leo Park,leo.park4072@example.com,India,2023-05-13,Basic,131.10
4073,Wren Kerr,wren.kerr4073@example.com,Brazil,2024-11-10,Standard,766.68
4074,Zoe Walsh,zoe.walsh4074@example.com,India,2024-07-14,Standard,703.27
4075,Owen Bell,owen.bell4075@example.com,Netherlands,2024-03-30,Standard,588.85
4076,Zoe Blair,zoe.blair4076@example.com,United States,2022-03-20,Basic,124.89
4077,Ella Snow,ella.snow4077@example.com,India,2024-12-19,Standard,584.44
4078,Caleb Dunn,caleb.dunn4078@example.com,United Kingdom,2023-09-28,Premium,3472.43
4079,Wren York,wren.york4079@example.com,Brazil,2025-09-27,Basic,57.07
4080,Zoe Lang,zoe.lang4080@example.com,United States,2025-05-23,Premium,3249.54
4081,Ella Reed,ella.reed4081@example.com,Canada,2025-06-23,Standard,218.83
4082,Ava Pike,ava.pike4082@example.com,United States,2024-07-18,Standard,796.05
4083,Sadie Shaw,sadie.shaw4083@example.com,Brazil,2024-02-12,Standard,252.27
4084,Sadie Zane,sadie.zane4084@example.com,Japan,2026-02-12,Basic,179.62
4085,Owen Blair,owen.blair4085@example.com,France,2024-09-04,Standard,574.04
4086,Theo Bell,theo.bell4086@example.com,Germany,2025-06-05,Standard,295.48
4087,Leo Zane,leo.zane4087@example.com,United States,2022-09-06,Basic,80.95
4088,Ruby Bell,ruby.bell4088@example.com,Germany,2026-07-12,Standard,379.60
4089,Jade Finn,jade.finn4089@example.com,United States,2023-02-14,Basic,197.63
4090,Lila Lang,lila.lang4090@example.com,India,2022-06-23,Standard,252.84
4091,Zoe Pike,zoe.pike4091@example.com,United States,2022-05-17,Premium,2018.30
4092,Caleb Brooks,caleb.brooks4092@example.com,Australia,2024-08-13,Basic,130.71
4093,Zoe Tate,zoe.tate4093@example.com,India,2022-05-18,Standard,449.71
4094,Hugo Gray,hugo.gray4094@example.com,Brazil,2023-08-06,Basic,184.81
4095,Mia Blair,mia.blair4095@example.com,United States,2024-11-23,Standard,699.73
4096,Nora Nash,nora.nash4096@example.com,Japan,2024-08-20,Basic,43.38
4097,Noah Dunn,noah.dunn4097@example.com,Canada,2023-11-02,Standard,552.98
4098,Caleb Reed,caleb.reed4098@example.com,Australia,2025-11-29,Basic,44.37
4099,Caleb Zane,caleb.zane4099@example.com,Australia,2025-12-23,Premium,3902.44
4100,Zoe Brooks,zoe.brooks4100@example.com,United States,2026-08-31,Standard,354.25
4101,Ava Dunn,ava.dunn4101@example.com,Mexico,2024-05-26,Basic,199.43
4102,Silas Walsh,silas.walsh4102@example.com,United States,2025-06-24,Standard,575.17
4103,Zoe Zane,zoe.zane4103@example.com,Spain,2026-08-22,Basic,178.65
4104,Arlo Tate,arlo.tate4104@example.com,Mexico,2024-01-28,Premium,2609.20
4105,Theo Nash,theo.nash4105@example.com,United States,2025-09-11,Basic,119.43
4106,Owen Gray,owen.gray4106@example.com,Canada,2024-04-16,Basic,134.03
4107,Liam Zane,liam.zane4107@example.com,France,2024-09-10,Standard,250.45
4108,Mila Park,mila.park4108@example.com,India,2026-04-29,Basic,95.15
4109,Nico West,nico.west4109@example.com,United States,2023-09-22,Premium,3072.95
4110,Ruby Walsh,ruby.walsh4110@example.com,United Kingdom,2022-05-29,Basic,63.62
4111,Jonah Hale,jonah.hale4111@example.com,Brazil,2022-07-18,Standard,66.68
4112,Noah York,noah.york4112@example.com,United States,2022-12-14,Standard,146.04
4113,Jonah Moss,jonah.moss4113@example.com,Canada,2026-04-01,Premium,3517.79
4114,Mila Hale,mila.hale4114@example.com,United States,2025-11-24,Standard,487.15
4115,Wren Finn,wren.finn4115@example.com,France,2026-01-19,Basic,23.25
4116,Sadie Blair,sadie.blair4116@example.com,United States,2024-07-30,Standard,102.84
4117,Ivy Frost,ivy.frost4117@example.com,Japan,2023-09-28,Basic,90.13
4118,Nico Vale,nico.vale4118@example.com,France,2026-05-16,Standard,405.11
4119,Jonah Shaw,jonah.shaw4119@example.com,India,2024-12-30,Premium,2680.94
4120,Nico Nash,nico.nash4120@example.com,United Kingdom,2022-05-15,Basic,1.68
4121,Iris Tate,iris.tate4121@example.com,United Kingdom,2026-05-12,Standard,143.44
4122,Silas York,silas.york4122@example.com,Mexico,2025-11-10,Standard,780.54
4123,Nico Park,nico.park4123@example.com,United States,2025-11-24,Basic,78.28
4124,Felix Reed,felix.reed4124@example.com,France,2022-06-10,Basic,87.81
4125,Leo Pike,leo.pike4125@example.com,United States,2025-05-24,Standard,146.17
4126,Theo Snow,theo.snow4126@example.com,United States,2023-12-11,Standard,763.82
4127,Hugo Quinn,hugo.quinn4127@example.com,Japan,2023-10-20,Basic,148.07
4128,Ruby Drew,ruby.drew4128@example.com,Australia,2025-10-02,Basic,119.84
4129,Owen Finn,owen.finn4129@example.com,Netherlands,2022-04-07,Basic,161.18
4130,Wren York,wren.york4130@example.com,United Kingdom,2025-04-18,Premium,1788.85
4131,Jade Tate,jade.tate4131@example.com,India,2023-10-16,Basic,102.15
4132,Liam Cruz,liam.cruz4132@example.com,United States,2026-04-08,Standard,375.90
4133,Asher Zane,asher.zane4133@example.com,France,2022-12-31,Basic,26.68
4134,Silas Cruz,silas.cruz4134@example.com,United States,2024-02-23,Premium,2563.89
4135,Mila Reed,mila.reed4135@example.com,India,2022-03-23,Basic,78.16
4136,Lila Moss,lila.moss4136@example.com,France,2024-03-28,Basic,91.32
4137,Piper Kerr,piper.kerr4137@example.com,Australia,2024-12-29,Basic,177.10
4138,Ava Nash,ava.nash4138@example.com,United States,2025-11-30,Standard,492.95
4139,Mia Young,mia.young4139@example.com,India,2025-12-23,Standard,320.85
4140,Nico Blair,nico.blair4140@example.com,United Kingdom,2024-05-05,Basic,43.30
4141,Ivy Brooks,ivy.brooks4141@example.com,France,2024-08-17,Basic,98.29
4142,Ruby West,ruby.west4142@example.com,Netherlands,2022-04-20,Premium,4495.53
4143,Mila Tate,mila.tate4143@example.com,United States,2026-01-14,Standard,781.89
4144,Jonah Brooks,jonah.brooks4144@example.com,United States,2025-10-23,Standard,203.98
4145,Asher Kerr,asher.kerr4145@example.com,France,2026-01-20,Standard,419.81
4146,Nico Cole,nico.cole4146@example.com,United States,2022-10-25,Premium,4750.70
4147,Ella Pike,ella.pike4147@example.com,United Kingdom,2023-07-19,Premium,3402.16
4148,Nora Cruz,nora.cruz4148@example.com,United States,2024-03-28,Premium,1763.37
4149,Ethan Hale,ethan.hale4149@example.com,France,2024-04-05,Premium,669.59
4150,Caleb Vale,caleb.vale4150@example.com,India,2022-11-22,Basic,48.08
4151,Ava Lane,ava.lane4151@example.com,Netherlands,2025-10-20,Standard,59.18
4152,Jonah York,jonah.york4152@example.com,United Kingdom,2023-07-25,Basic,97.08
4153,Jonah Lang,jonah.lang4153@example.com,India,2024-12-25,Basic,45.08
4154,Arlo Gray,arlo.gray4154@example.com,United States,2026-03-18,Basic,20.81
4155,Caleb Pike,caleb.pike4155@example.com,Japan,2025-03-18,Basic,111.06
4156,Hugo Cole,hugo.cole4156@example.com,Canada,2026-06-12,Standard,686.90
4157,Silas Pike,silas.pike4157@example.com,United States,2024-04-14,Basic,58.91
4158,Owen Lane,owen.lane4158@example.com,France,2022-01-06,Basic,119.04
4159,Owen Hart,owen.hart4159@example.com,Canada,2026-02-24,Standard,750.73
4160,Caleb Hart,caleb.hart4160@example.com,Germany,2025-02-11,Standard,637.75
4161,Ava Blair,ava.blair4161@example.com,Germany,2022-04-10,Basic,108.34
4162,Arlo Tate,arlo.tate4162@example.com,United States,2024-03-22,Premium,2575.18
4163,Owen Shaw,owen.shaw4163@example.com,United Kingdom,2022-09-22,Basic,173.96
4164,Jade Gray,jade.gray4164@example.com,Australia,2023-06-29,Premium,4890.49
4165,Ava Finn,ava.finn4165@example.com,United States,2023-03-20,Standard,107.41
4166,Sadie Walsh,sadie.walsh4166@example.com,United States,2026-02-26,Basic,77.74
4167,Piper Hart,piper.hart4167@example.com,United States,2025-05-30,Standard,393.79
4168,Nora Reed,nora.reed4168@example.com,India,2024-07-31,Basic,121.57
4169,Sadie Vale,sadie.vale4169@example.com,United Kingdom,2022-08-18,Basic,188.24
4170,Piper Tate,piper.tate4170@example.com,Canada,2022-04-12,Standard,749.19
4171,Miles Brooks,miles.brooks4171@example.com,Spain,2023-12-16,Standard,696.18
4172,Arlo Frost,arlo.frost4172@example.com,United States,2023-07-14,Basic,193.50
4173,Zoe Brooks,zoe.brooks4173@example.com,India,2025-05-23,Standard,418.98
4174,Iris Frost,iris.frost4174@example.com,United States,2022-07-05,Basic,40.74
4175,Theo Hart,theo.hart4175@example.com,United States,2025-01-27,Standard,560.24
4176,Leo Gray,leo.gray4176@example.com,United States,2023-08-03,Standard,482.76
4177,Ella Pike,ella.pike4177@example.com,United States,2026-06-15,Standard,536.27
4178,Zoe Walsh,zoe.walsh4178@example.com,Germany,2023-10-07,Standard,583.98
4179,Ella Hart,ella.hart4179@example.com,Japan,2022-07-30,Standard,600.50
4180,Wren Nash,wren.nash4180@example.com,Canada,2024-07-05,Standard,63.74
4181,Caleb Vale,caleb.vale4181@example.com,United States,2024-05-13,Basic,133.07
4182,Ava Nash,ava.nash4182@example.com,Japan,2022-05-09,Standard,529.68
4183,Lila Moss,lila.moss4183@example.com,United Kingdom,2023-02-12,Premium,4069.85
4184,Ava Quinn,ava.quinn4184@example.com,India,2025-07-24,Standard,168.18
4185,Miles York,miles.york4185@example.com,United Kingdom,2022-04-21,Basic,113.65
4186,Lila Vale,lila.vale4186@example.com,United Kingdom,2023-01-03,Standard,385.09
4187,Caleb Quinn,caleb.quinn4187@example.com,France,2023-09-22,Standard,629.78
4188,Sadie Drew,sadie.drew4188@example.com,United Kingdom,2023-06-26,Premium,4337.38
4189,Hugo Moss,hugo.moss4189@example.com,India,2023-10-18,Standard,662.81
4190,Sadie Brooks,sadie.brooks4190@example.com,Germany,2025-03-18,Standard,154.79
4191,Mila Gray,mila.gray4191@example.com,Australia,2024-12-24,Basic,130.37
4192,Miles Lang,miles.lang4192@example.com,Japan,2024-04-08,Basic,190.29
4193,Ivy Shaw,ivy.shaw4193@example.com,Brazil,2025-02-08,Standard,358.08
4194,Ivy Young,ivy.young4194@example.com,France,2023-06-25,Standard,783.43
4195,Chloe Pike,chloe.pike4195@example.com,United States,2025-11-07,Standard,664.34
4196,Noah Park,noah.park4196@example.com,United States,2026-03-08,Standard,676.87
4197,Nico York,nico.york4197@example.com,United States,2023-06-28,Basic,80.07
4198,Nico Hart,nico.hart4198@example.com,United States,2023-01-16,Basic,53.72
4199,Ava Finn,ava.finn4199@example.com,Germany,2023-03-21,Standard,298.58
4200,Nico Tate,nico.tate4200@example.com,India,2025-12-01,Standard,677.91
4201,Ivy Snow,ivy.snow4201@example.com,United States,2024-04-09,Basic,94.73
4202,Ruby Brooks,ruby.brooks4202@example.com,France,2022-10-01,Standard,472.26
4203,Owen Park,owen.park4203@example.com,Canada,2026-07-05,Standard,653.17
4204,Ella Finn,ella.finn4204@example.com,Australia,2023-06-13,Basic,54.17
4205,Chloe York,chloe.york4205@example.com,Australia,2025-12-23,Basic,52.24
4206,Owen Lang,owen.lang4206@example.com,United Kingdom,2022-10-16,Standard,111.25
4207,Zoe Cole,zoe.cole4207@example.com,United States,2022-07-12,Basic,82.36
4208,Iris Hart,iris.hart4208@example.com,Australia,2023-04-12,Premium,4490.59
4209,Silas Reed,silas.reed4209@example.com,United Kingdom,2023-03-12,Standard,439.18
4210,Jonah Hale,jonah.hale4210@example.com,France,2022-11-02,Premium,3688.23
4211,Ava Snow,ava.snow4211@example.com,United Kingdom,2023-10-20,Basic,27.55
4212,Nora Tate,nora.tate4212@example.com,United Kingdom,2024-03-07,Standard,125.46
4213,Arlo Zane,arlo.zane4213@example.com,Canada,2025-11-13,Standard,141.01
4214,Ivy Cruz,ivy.cruz4214@example.com,United States,2022-01-08,Basic,128.89
4215,Silas Frost,silas.frost4215@example.com,United States,2022-11-13,Basic,60.39
4216,Mila Park,mila.park4216@example.com,Australia,2026-05-15,Standard,247.32
4217,Arlo Nash,arlo.nash4217@example.com,Germany,2023-03-24,Standard,317.06
4218,Mia Shaw,mia.shaw4218@example.com,Germany,2022-03-11,Basic,130.55
4219,Ella Zane,ella.zane4219@example.com,Germany,2026-07-02,Standard,630.58
4220,Ava Blair,ava.blair4220@example.com,United States,2024-02-15,Standard,95.28
4221,Nora Finn,nora.finn4221@example.com,Australia,2026-06-19,Standard,448.76
4222,Zoe Gray,zoe.gray4222@example.com,India,2022-03-18,Standard,669.86
4223,Silas Kerr,silas.kerr4223@example.com,United States,2024-10-12,Standard,404.22
4224,Ava Hale,ava.hale4224@example.com,Canada,2026-05-20,Standard,530.80
4225,Lila Reed,lila.reed4225@example.com,Canada,2024-01-31,Standard,796.02
4226,Arlo Hart,arlo.hart4226@example.com,Canada,2022-11-24,Basic,4.51
4227,Wren Brooks,wren.brooks4227@example.com,Canada,2026-07-07,Standard,716.31
4228,Felix Moss,felix.moss4228@example.com,Japan,2024-04-06,Standard,393.89
4229,Miles Lang,miles.lang4229@example.com,France,2023-07-02,Premium,2151.82
4230,Asher York,asher.york4230@example.com,United States,2024-12-06,Standard,335.19
4231,Sadie Kerr,sadie.kerr4231@example.com,India,2026-03-14,Basic,188.19
4232,Wren Cruz,wren.cruz4232@example.com,Japan,2025-05-10,Basic,25.35
4233,Ruby Finn,ruby.finn4233@example.com,Germany,2022-03-12,Basic,193.09
4234,Hugo Finn,hugo.finn4234@example.com,Japan,2022-01-30,Basic,92.43
4235,Asher Kerr,asher.kerr4235@example.com,United States,2026-08-14,Basic,136.62
4236,Mila West,mila.west4236@example.com,United States,2022-09-27,Standard,341.54
4237,Sadie Drew,sadie.drew4237@example.com,United States,2022-07-26,Basic,51.42
4238,Iris Cruz,iris.cruz4238@example.com,Netherlands,2024-12-28,Standard,147.81
4239,Felix West,felix.west4239@example.com,United Kingdom,2023-08-14,Basic,184.28
4240,Arlo Lane,arlo.lane4240@example.com,United States,2025-12-04,Standard,145.98
4241,Ethan Hale,ethan.hale4241@example.com,India,2022-12-01,Standard,230.18
4242,Arlo Blair,arlo.blair4242@example.com,Mexico,2025-12-11,Basic,99.67
4243,Jonah Frost,jonah.frost4243@example.com,Brazil,2025-07-28,Standard,261.83
4244,Nora Pike,nora.pike4244@example.com,India,2025-11-26,Basic,161.11
4245,Mia West,mia.west4245@example.com,Germany,2022-10-17,Standard,218.77
4246,Ivy Vale,ivy.vale4246@example.com,France,2024-09-16,Standard,125.77
4247,Nora Hale,nora.hale4247@example.com,Japan,2022-05-19,Standard,558.47
4248,Lila Brooks,lila.brooks4248@example.com,United States,2026-02-06,Standard,312.05
4249,Iris Lang,iris.lang4249@example.com,Australia,2024-03-31,Standard,451.01
4250,Chloe Lang,chloe.lang4250@example.com,France,2023-07-10,Basic,128.25
4251,Ava Park,ava.park4251@example.com,Germany,2025-11-07,Basic,145.43
4252,Asher Drew,asher.drew4252@example.com,Japan,2023-01-30,Standard,759.85
4253,Owen Hart,owen.hart4253@example.com,Brazil,2024-06-29,Basic,50.51
4254,Ivy Pike,ivy.pike4254@example.com,United States,2025-01-17,Basic,19.44
4255,Sadie Young,sadie.young4255@example.com,United States,2024-03-31,Standard,223.55
4256,Ava Walsh,ava.walsh4256@example.com,United Kingdom,2023-10-15,Standard,639.32
4257,Felix Bell,felix.bell4257@example.com,United States,2024-10-19,Standard,735.16
4258,Ella Lane,ella.lane4258@example.com,India,2024-10-07,Standard,511.45
4259,Liam Reed,liam.reed4259@example.com,Canada,2022-01-12,Standard,58.97
4260,Noah Pike,noah.pike4260@example.com,United Kingdom,2026-05-31,Standard,593.85
4261,Silas Bell,silas.bell4261@example.com,United Kingdom,2022-04-28,Basic,117.11
4262,Mia Shaw,mia.shaw4262@example.com,United States,2022-08-07,Standard,251.72
4263,Ethan Young,ethan.young4263@example.com,United Kingdom,2022-05-21,Standard,721.47
4264,Sadie Finn,sadie.finn4264@example.com,United Kingdom,2022-10-22,Standard,314.39
4265,Ivy Bell,ivy.bell4265@example.com,Germany,2024-05-22,Standard,72.26
4266,Lila Park,lila.park4266@example.com,United Kingdom,2024-08-20,Standard,104.91
4267,Hugo Quinn,hugo.quinn4267@example.com,Spain,2024-04-16,Standard,304.26
4268,Noah Young,noah.young4268@example.com,Japan,2023-07-03,Standard,251.69
4269,Arlo Blair,arlo.blair4269@example.com,Canada,2022-12-22,Standard,109.27
4270,Silas Kerr,silas.kerr4270@example.com,United States,2025-06-06,Standard,750.80
4271,Owen Hart,owen.hart4271@example.com,India,2023-07-24,Basic,22.66
4272,Ivy Drew,ivy.drew4272@example.com,United States,2026-04-27,Basic,141.97
4273,Piper Quinn,piper.quinn4273@example.com,Germany,2024-09-19,Basic,188.69
4274,Jade York,jade.york4274@example.com,United States,2022-11-10,Standard,777.76
4275,Ruby Walsh,ruby.walsh4275@example.com,Canada,2023-07-08,Standard,740.26
4276,Ava Frost,ava.frost4276@example.com,United States,2023-02-24,Standard,513.91
4277,Mila Park,mila.park4277@example.com,India,2023-09-05,Standard,717.73
4278,Ava Dunn,ava.dunn4278@example.com,Australia,2023-04-02,Standard,379.27
4279,Felix Hart,felix.hart4279@example.com,France,2025-07-10,Basic,179.73
4280,Noah Nash,noah.nash4280@example.com,Canada,2022-12-12,Basic,82.23
4281,Ruby Nash,ruby.nash4281@example.com,Japan,2022-04-01,Basic,76.43
4282,Mia Moss,mia.moss4282@example.com,France,2026-04-12,Basic,45.84
4283,Nora Bell,nora.bell4283@example.com,Japan,2022-02-05,Standard,664.26
4284,Ivy West,ivy.west4284@example.com,United States,2022-07-17,Standard,788.61
4285,Hugo Vale,hugo.vale4285@example.com,Germany,2024-12-26,Basic,143.12
4286,Chloe Moss,chloe.moss4286@example.com,Spain,2022-08-21,Standard,454.70
4287,Mia Bell,mia.bell4287@example.com,India,2025-11-07,Basic,171.27
4288,Hugo Reed,hugo.reed4288@example.com,Germany,2026-03-26,Standard,219.26
4289,Wren Finn,wren.finn4289@example.com,Australia,2024-03-22,Standard,724.10
4290,Silas Drew,silas.drew4290@example.com,Canada,2023-05-17,Premium,3890.58
4291,Mila Cole,mila.cole4291@example.com,Brazil,2022-03-05,Standard,522.63
4292,Hugo Cruz,hugo.cruz4292@example.com,Australia,2023-07-28,Standard,267.24
4293,Chloe Shaw,chloe.shaw4293@example.com,United Kingdom,2024-11-23,Basic,68.74
4294,Liam West,liam.west4294@example.com,United States,2022-01-06,Basic,125.81
4295,Ella Reed,ella.reed4295@example.com,United States,2025-08-08,Basic,28.32
4296,Leo Quinn,leo.quinn4296@example.com,Germany,2026-06-23,Basic,29.59
4297,Chloe Cruz,chloe.cruz4297@example.com,United Kingdom,2022-10-28,Standard,550.01
4298,Wren Moss,wren.moss4298@example.com,France,2024-04-28,Basic,179.81
4299,Sadie Tate,sadie.tate4299@example.com,Canada,2022-11-09,Premium,1735.04
4300,Zoe Vale,zoe.vale4300@example.com,United States,2024-08-28,Basic,39.00
4301,Chloe Finn,chloe.finn4301@example.com,France,2022-11-07,Standard,274.47
4302,Owen York,owen.york4302@example.com,France,2022-03-15,Basic,140.38
4303,Nora Tate,nora.tate4303@example.com,Japan,2025-01-15,Standard,637.23
4304,Noah Hale,noah.hale4304@example.com,United Kingdom,2024-08-12,Basic,146.35
4305,Sadie Lane,sadie.lane4305@example.com,United States,2026-06-09,Basic,145.87
4306,Miles York,miles.york4306@example.com,United States,2024-12-10,Standard,151.44
4307,Wren Young,wren.young4307@example.com,France,2025-11-04,Basic,13.03
4308,Wren Vale,wren.vale4308@example.com,Germany,2022-05-16,Basic,115.58
4309,Sadie Quinn,sadie.quinn4309@example.com,France,2025-02-16,Standard,446.49
4310,Leo Bell,leo.bell4310@example.com,India,2025-07-08,Basic,127.99
4311,Ethan Pike,ethan.pike4311@example.com,United States,2023-06-24,Basic,180.38
4312,Lila Vale,lila.vale4312@example.com,Germany,2022-11-15,Standard,72.14
4313,Felix York,felix.york4313@example.com,United States,2025-04-30,Standard,573.17
4314,Felix Walsh,felix.walsh4314@example.com,Netherlands,2026-05-30,Standard,86.51
4315,Piper West,piper.west4315@example.com,United States,2026-07-12,Standard,766.73
4316,Liam Nash,liam.nash4316@example.com,Australia,2025-01-10,Basic,171.37
4317,Piper Pike,piper.pike4317@example.com,India,2022-07-21,Basic,167.36
4318,Mila Nash,mila.nash4318@example.com,United States,2026-08-22,Basic,160.05
4319,Ava Zane,ava.zane4319@example.com,India,2025-05-05,Standard,98.03
4320,Nico Walsh,nico.walsh4320@example.com,France,2023-03-26,Premium,3022.07
4321,Mila Nash,mila.nash4321@example.com,United States,2025-02-07,Standard,352.73
4322,Owen Drew,owen.drew4322@example.com,Germany,2024-06-13,Basic,99.54
4323,Asher Young,asher.young4323@example.com,United States,2026-01-01,Standard,464.42
4324,Noah Shaw,noah.shaw4324@example.com,Germany,2025-06-11,Standard,592.33
4325,Nico Bell,nico.bell4325@example.com,Brazil,2023-01-27,Basic,110.86
4326,Leo Kerr,leo.kerr4326@example.com,Japan,2024-06-24,Standard,359.49
4327,Hugo Walsh,hugo.walsh4327@example.com,Japan,2025-09-09,Basic,71.44
4328,Liam Lane,liam.lane4328@example.com,Australia,2025-10-27,Standard,467.19
4329,Chloe Hale,chloe.hale4329@example.com,United Kingdom,2025-08-11,Basic,30.67
4330,Lila York,lila.york4330@example.com,India,2026-02-22,Standard,341.82
4331,Lila Drew,lila.drew4331@example.com,United Kingdom,2022-04-02,Basic,101.96
4332,Leo Bell,leo.bell4332@example.com,United States,2022-06-06,Standard,458.11
4333,Mia Frost,mia.frost4333@example.com,Spain,2025-08-27,Basic,33.55
4334,Mila Nash,mila.nash4334@example.com,Mexico,2026-06-13,Basic,105.74
4335,Nico Brooks,nico.brooks4335@example.com,Germany,2024-06-28,Standard,199.20
4336,Nora Gray,nora.gray4336@example.com,Japan,2026-05-10,Basic,174.92
4337,Asher Quinn,asher.quinn4337@example.com,France,2024-06-15,Basic,147.56
4338,Asher Vale,asher.vale4338@example.com,Brazil,2022-10-19,Standard,354.24
4339,Piper Frost,piper.frost4339@example.com,Australia,2024-01-02,Basic,139.70
4340,Lila Frost,lila.frost4340@example.com,Mexico,2025-03-22,Standard,434.62
4341,Ava Zane,ava.zane4341@example.com,United States,2026-05-01,Basic,138.69
4342,Hugo West,hugo.west4342@example.com,United Kingdom,2022-02-14,Standard,137.02
4343,Miles Blair,miles.blair4343@example.com,Australia,2024-09-09,Basic,71.64
4344,Mila York,mila.york4344@example.com,United States,2022-09-01,Standard,515.39
4345,Sadie York,sadie.york4345@example.com,India,2022-11-25,Standard,243.07
4346,Felix Vale,felix.vale4346@example.com,Germany,2025-02-19,Standard,323.12
4347,Iris Brooks,iris.brooks4347@example.com,Japan,2023-11-10,Standard,782.96
4348,Leo Zane,leo.zane4348@example.com,United Kingdom,2022-12-02,Basic,74.30
4349,Owen Reed,owen.reed4349@example.com,United Kingdom,2026-02-17,Standard,538.69
4350,Mia Cruz,mia.cruz4350@example.com,India,2025-01-05,Standard,374.32
4351,Sadie Shaw,sadie.shaw4351@example.com,United States,2024-08-13,Basic,67.92
4352,Caleb Frost,caleb.frost4352@example.com,Japan,2025-12-23,Basic,83.42
4353,Ella Reed,ella.reed4353@example.com,United Kingdom,2025-07-18,Basic,187.53
4354,Leo Cruz,leo.cruz4354@example.com,United States,2025-07-08,Standard,688.39
4355,Ruby Lang,ruby.lang4355@example.com,Netherlands,2022-08-24,Basic,139.16
4356,Mia Vale,mia.vale4356@example.com,United States,2022-11-27,Premium,1368.14
4357,Mia Bell,mia.bell4357@example.com,Canada,2025-02-04,Basic,23.52
4358,Piper Tate,piper.tate4358@example.com,Brazil,2022-07-22,Basic,74.68
4359,Silas Park,silas.park4359@example.com,United States,2024-09-09,Standard,556.72
4360,Iris Young,iris.young4360@example.com,France,2026-08-01,Premium,3448.87
4361,Ivy Kerr,ivy.kerr4361@example.com,Canada,2022-02-22,Standard,218.37
4362,Sadie Snow,sadie.snow4362@example.com,United States,2024-04-09,Basic,94.57
4363,Felix Gray,felix.gray4363@example.com,Mexico,2026-04-28,Basic,9.39
4364,Silas Nash,silas.nash4364@example.com,Brazil,2023-12-14,Standard,88.75
4365,Sadie Lang,sadie.lang4365@example.com,Canada,2026-08-05,Standard,295.32
4366,Liam Cruz,liam.cruz4366@example.com,Canada,2024-07-15,Basic,150.62
4367,Liam Finn,liam.finn4367@example.com,Mexico,2024-04-27,Basic,142.70
4368,Mia Hart,mia.hart4368@example.com,United Kingdom,2024-03-18,Standard,365.24
4369,Ruby Reed,ruby.reed4369@example.com,Netherlands,2022-10-03,Basic,41.94
4370,Zoe Hale,zoe.hale4370@example.com,United States,2025-06-10,Basic,192.80
4371,Theo Brooks,theo.brooks4371@example.com,Mexico,2026-01-25,Premium,2794.90
4372,Miles Cruz,miles.cruz4372@example.com,Canada,2024-01-04,Standard,71.16
4373,Liam York,liam.york4373@example.com,Australia,2023-11-02,Basic,49.06
4374,Piper Frost,piper.frost4374@example.com,Canada,2023-07-16,Standard,435.04
4375,Ava Finn,ava.finn4375@example.com,United States,2023-12-19,Standard,132.13
4376,Chloe Frost,chloe.frost4376@example.com,Netherlands,2024-06-08,Basic,100.65
4377,Zoe West,zoe.west4377@example.com,Japan,2022-08-14,Basic,180.08
4378,Ella Cole,ella.cole4378@example.com,United States,2023-03-23,Standard,137.14
4379,Sadie Dunn,sadie.dunn4379@example.com,United Kingdom,2025-08-09,Basic,124.97
4380,Jade Finn,jade.finn4380@example.com,United Kingdom,2026-04-02,Standard,257.02
4381,Piper Reed,piper.reed4381@example.com,Canada,2023-06-23,Standard,171.47
4382,Caleb Finn,caleb.finn4382@example.com,United States,2026-06-12,Premium,4769.55
4383,Theo Lane,theo.lane4383@example.com,United States,2026-06-30,Premium,2253.86
4384,Nora Quinn,nora.quinn4384@example.com,Mexico,2026-08-31,Basic,88.82
4385,Mila Frost,mila.frost4385@example.com,United States,2025-01-30,Basic,130.85
4386,Jonah Nash,jonah.nash4386@example.com,Netherlands,2023-04-14,Standard,51.04
4387,Caleb York,caleb.york4387@example.com,Spain,2022-05-16,Basic,82.80
4388,Arlo Moss,arlo.moss4388@example.com,India,2025-11-25,Standard,159.69
4389,Leo Hale,leo.hale4389@example.com,France,2023-02-10,Standard,245.05
4390,Leo Quinn,leo.quinn4390@example.com,India,2025-04-19,Premium,2901.17
4391,Lila Bell,lila.bell4391@example.com,Japan,2023-03-14,Standard,133.26
4392,Zoe West,zoe.west4392@example.com,United Kingdom,2025-04-09,Basic,105.58
4393,Caleb Cole,caleb.cole4393@example.com,Australia,2024-05-20,Standard,174.20
4394,Lila Blair,lila.blair4394@example.com,Germany,2024-02-05,Premium,3132.17
4395,Noah Brooks,noah.brooks4395@example.com,India,2024-09-10,Premium,1775.11
4396,Mia Frost,mia.frost4396@example.com,United States,2022-07-08,Standard,135.09
4397,Ruby Cole,ruby.cole4397@example.com,Germany,2022-12-16,Standard,186.16
4398,Silas Hart,silas.hart4398@example.com,France,2025-01-28,Standard,647.82
4399,Liam Brooks,liam.brooks4399@example.com,Canada,2024-12-10,Standard,469.53
4400,Miles Frost,miles.frost4400@example.com,India,2022-04-19,Standard,582.86
4401,Piper Cruz,piper.cruz4401@example.com,United States,2024-05-26,Basic,189.46
4402,Felix Blair,felix.blair4402@example.com,Japan,2022-05-28,Standard,537.96
4403,Ruby Reed,ruby.reed4403@example.com,United States,2024-04-07,Basic,10.89
4404,Noah Reed,noah.reed4404@example.com,United States,2024-10-25,Standard,615.88
4405,Nico Lane,nico.lane4405@example.com,India,2023-11-18,Basic,6.18
4406,Felix Lane,felix.lane4406@example.com,United States,2023-08-14,Basic,31.31
4407,Liam Frost,liam.frost4407@example.com,United States,2024-04-17,Basic,157.41
4408,Noah Walsh,noah.walsh4408@example.com,United States,2026-02-21,Standard,792.37
4409,Zoe Hart,zoe.hart4409@example.com,Brazil,2024-05-19,Premium,1809.92
4410,Ivy West,ivy.west4410@example.com,United States,2022-10-05,Basic,44.77
4411,Ruby Brooks,ruby.brooks4411@example.com,United Kingdom,2025-04-17,Premium,1184.15
4412,Ethan Hale,ethan.hale4412@example.com,United Kingdom,2022-10-14,Standard,86.08
4413,Liam Hale,liam.hale4413@example.com,India,2022-06-04,Basic,37.31
4414,Mila Blair,mila.blair4414@example.com,United Kingdom,2023-04-03,Standard,182.42
4415,Ivy Cole,ivy.cole4415@example.com,United Kingdom,2024-11-24,Standard,546.54
4416,Liam Snow,liam.snow4416@example.com,United States,2025-05-09,Standard,383.13
4417,Nora Tate,nora.tate4417@example.com,India,2023-11-14,Basic,41.36
4418,Ivy Frost,ivy.frost4418@example.com,Canada,2026-05-02,Standard,440.52
4419,Asher Vale,asher.vale4419@example.com,United States,2023-06-25,Standard,721.08
4420,Miles Shaw,miles.shaw4420@example.com,United States,2022-04-22,Standard,517.41
4421,Owen Shaw,owen.shaw4421@example.com,Australia,2024-08-27,Basic,79.46
4422,Ruby Hale,ruby.hale4422@example.com,Australia,2024-01-09,Standard,282.45
4423,Asher York,asher.york4423@example.com,United Kingdom,2026-05-05,Basic,30.18
4424,Nora Kerr,nora.kerr4424@example.com,Canada,2024-04-07,Standard,536.18
4425,Wren Lane,wren.lane4425@example.com,United States,2024-09-26,Standard,561.29
4426,Ethan Moss,ethan.moss4426@example.com,Brazil,2024-11-12,Basic,19.85
4427,Asher Zane,asher.zane4427@example.com,United Kingdom,2023-06-30,Standard,669.61
4428,Silas Moss,silas.moss4428@example.com,Canada,2025-04-06,Standard,536.10
4429,Ethan Frost,ethan.frost4429@example.com,India,2023-07-09,Basic,129.04
4430,Miles Lang,miles.lang4430@example.com,United States,2023-03-03,Standard,785.56
4431,Sadie Kerr,sadie.kerr4431@example.com,Netherlands,2022-09-18,Basic,188.93
4432,Theo Young,theo.young4432@example.com,United States,2023-08-17,Standard,315.48
4433,Jade Zane,jade.zane4433@example.com,Mexico,2024-10-08,Basic,194.11
4434,Zoe Frost,zoe.frost4434@example.com,Germany,2022-11-17,Premium,3860.44
4435,Chloe West,chloe.west4435@example.com,Netherlands,2023-02-07,Standard,767.03
4436,Arlo Cole,arlo.cole4436@example.com,United States,2025-09-12,Standard,425.67
4437,Miles Cruz,miles.cruz4437@example.com,India,2023-05-20,Standard,84.25
4438,Miles Snow,miles.snow4438@example.com,India,2022-10-29,Premium,2052.07
4439,Sadie York,sadie.york4439@example.com,United States,2025-05-31,Standard,766.14
4440,Silas Hale,silas.hale4440@example.com,United States,2023-04-05,Premium,4032.70
4441,Lila Quinn,lila.quinn4441@example.com,Brazil,2024-11-21,Premium,3938.16
4442,Ivy Kerr,ivy.kerr4442@example.com,United States,2022-02-17,Standard,701.56
4443,Silas Blair,silas.blair4443@example.com,United Kingdom,2024-08-23,Standard,267.64
4444,Mila Tate,mila.tate4444@example.com,Spain,2023-07-15,Basic,175.73
4445,Asher Shaw,asher.shaw4445@example.com,Spain,2025-12-28,Basic,6.25
4446,Theo Young,theo.young4446@example.com,India,2025-03-21,Standard,322.63
4447,Liam Nash,liam.nash4447@example.com,Mexico,2024-03-26,Basic,64.37
4448,Sadie Park,sadie.park4448@example.com,India,2024-03-23,Standard,291.09
4449,Nora Gray,nora.gray4449@example.com,United States,2025-03-30,Standard,265.54
4450,Ella Tate,ella.tate4450@example.com,United Kingdom,2024-04-10,Basic,67.21
4451,Arlo Tate,arlo.tate4451@example.com,United States,2022-10-12,Standard,443.96
4452,Ava Blair,ava.blair4452@example.com,France,2024-11-01,Standard,154.75
4453,Felix Walsh,felix.walsh4453@example.com,Canada,2024-02-24,Standard,432.90
4454,Sadie Vale,sadie.vale4454@example.com,Canada,2025-10-08,Premium,634.08
4455,Miles Hale,miles.hale4455@example.com,United States,2023-11-05,Basic,72.31
4456,Asher Walsh,asher.walsh4456@example.com,Spain,2022-08-09,Premium,1390.28
4457,Leo Snow,leo.snow4457@example.com,United States,2024-04-01,Basic,80.90
4458,Sadie Finn,sadie.finn4458@example.com,France,2026-04-09,Standard,156.56
4459,Ivy Cole,ivy.cole4459@example.com,Mexico,2023-03-18,Standard,674.21
4460,Arlo Hale,arlo.hale4460@example.com,Germany,2026-06-27,Standard,318.85
4461,Felix Drew,felix.drew4461@example.com,United States,2022-04-04,Standard,788.39
4462,Theo Snow,theo.snow4462@example.com,United States,2022-05-08,Basic,23.31
4463,Nico Shaw,nico.shaw4463@example.com,United States,2022-06-01,Standard,379.05
4464,Arlo Cruz,arlo.cruz4464@example.com,Canada,2023-08-03,Premium,3532.17
4465,Piper Kerr,piper.kerr4465@example.com,Australia,2026-04-30,Standard,82.65
4466,Noah West,noah.west4466@example.com,Brazil,2022-11-27,Standard,100.66
4467,Zoe Bell,zoe.bell4467@example.com,Brazil,2024-05-04,Standard,206.06
4468,Ella Zane,ella.zane4468@example.com,United States,2022-05-29,Standard,101.84
4469,Owen Frost,owen.frost4469@example.com,Spain,2026-04-26,Standard,312.89
4470,Ruby Bell,ruby.bell4470@example.com,Netherlands,2023-09-12,Basic,181.37
4471,Ruby Young,ruby.young4471@example.com,United States,2023-10-16,Standard,308.84
4472,Mia Shaw,mia.shaw4472@example.com,Germany,2025-10-06,Premium,1004.19
4473,Jonah Tate,jonah.tate4473@example.com,France,2023-02-25,Basic,178.10
4474,Ella Brooks,ella.brooks4474@example.com,India,2022-07-22,Premium,4983.77
4475,Iris Young,iris.young4475@example.com,Germany,2023-02-21,Premium,1209.00
4476,Silas Kerr,silas.kerr4476@example.com,India,2026-08-01,Premium,585.05
4477,Zoe Frost,zoe.frost4477@example.com,Australia,2022-01-09,Basic,52.94
4478,Arlo Bell,arlo.bell4478@example.com,Australia,2023-08-16,Standard,170.60
4479,Liam Nash,liam.nash4479@example.com,Canada,2025-07-18,Basic,98.00
4480,Nora Nash,nora.nash4480@example.com,Netherlands,2022-06-03,Basic,199.08
4481,Ivy Shaw,ivy.shaw4481@example.com,Germany,2024-10-02,Standard,548.81
4482,Caleb West,caleb.west4482@example.com,France,2023-05-05,Standard,776.28
4483,Silas Quinn,silas.quinn4483@example.com,Australia,2023-09-10,Premium,3722.62
4484,Liam Hale,liam.hale4484@example.com,United States,2025-03-28,Basic,93.80
4485,Ethan Cole,ethan.cole4485@example.com,United States,2023-08-05,Standard,112.76
4486,Mia Kerr,mia.kerr4486@example.com,Netherlands,2023-03-23,Standard,484.49
4487,Noah Shaw,noah.shaw4487@example.com,Canada,2025-09-17,Standard,293.19
4488,Ella Quinn,ella.quinn4488@example.com,United States,2023-12-07,Standard,491.88
4489,Ethan Lane,ethan.lane4489@example.com,Australia,2026-02-23,Standard,458.79
4490,Jade Quinn,jade.quinn4490@example.com,Australia,2023-08-03,Premium,3050.96
4491,Hugo Snow,hugo.snow4491@example.com,India,2025-04-10,Premium,3345.85
4492,Asher Kerr,asher.kerr4492@example.com,Germany,2024-01-06,Standard,608.26
4493,Ella Finn,ella.finn4493@example.com,France,2025-05-09,Standard,339.54
4494,Noah Hart,noah.hart4494@example.com,France,2025-07-11,Standard,496.60
4495,Miles Vale,miles.vale4495@example.com,Australia,2024-04-03,Standard,322.90
4496,Leo Moss,leo.moss4496@example.com,United Kingdom,2022-10-26,Basic,60.36
4497,Chloe Gray,chloe.gray4497@example.com,Canada,2024-03-09,Basic,132.45
4498,Zoe Park,zoe.park4498@example.com,Canada,2022-02-23,Basic,84.86
4499,Ella West,ella.west4499@example.com,United States,2022-03-29,Premium,935.17
4500,Caleb West,caleb.west4500@example.com,Netherlands,2022-08-16,Basic,72.90
4501,Ava Tate,ava.tate4501@example.com,Australia,2024-05-12,Standard,285.97
4502,Ruby Brooks,ruby.brooks4502@example.com,Germany,2026-05-13,Basic,33.62
4503,Jade Hart,jade.hart4503@example.com,Australia,2026-07-23,Premium,2659.28
4504,Miles Cruz,miles.cruz4504@example.com,India,2026-07-06,Standard,181.45
4505,Jonah Nash,jonah.nash4505@example.com,United States,2024-04-14,Standard,270.85
4506,Ivy Bell,ivy.bell4506@example.com,United States,2026-06-12,Basic,52.86
4507,Zoe Cole,zoe.cole4507@example.com,United States,2022-12-25,Standard,778.84
4508,Zoe Frost,zoe.frost4508@example.com,United States,2023-11-01,Premium,1315.50
4509,Lila Blair,lila.blair4509@example.com,France,2025-05-04,Standard,439.49
4510,Noah Hart,noah.hart4510@example.com,United States,2026-03-19,Standard,776.45
4511,Ruby Vale,ruby.vale4511@example.com,United States,2024-02-03,Standard,183.40
4512,Iris Walsh,iris.walsh4512@example.com,United Kingdom,2022-03-02,Basic,103.02
4513,Ivy Lane,ivy.lane4513@example.com,Spain,2022-10-26,Basic,53.97
4514,Mila Gray,mila.gray4514@example.com,United States,2026-08-18,Standard,60.03
4515,Silas Zane,silas.zane4515@example.com,United States,2025-12-05,Standard,521.05
4516,Jonah Cruz,jonah.cruz4516@example.com,France,2024-08-09,Basic,171.76
4517,Owen Hart,owen.hart4517@example.com,France,2022-05-30,Standard,81.10
4518,Jade Frost,jade.frost4518@example.com,United Kingdom,2025-12-29,Premium,2227.15
4519,Owen Frost,owen.frost4519@example.com,United Kingdom,2026-04-04,Premium,1161.90
4520,Silas Park,silas.park4520@example.com,Netherlands,2025-09-05,Standard,394.24
4521,Caleb York,caleb.york4521@example.com,Japan,2023-08-13,Standard,218.94
4522,Theo Brooks,theo.brooks4522@example.com,Australia,2025-10-12,Standard,778.05
4523,Arlo Finn,arlo.finn4523@example.com,Canada,2026-03-29,Standard,501.35
4524,Jonah Zane,jonah.zane4524@example.com,India,2022-02-21,Standard,347.98
4525,Chloe Cruz,chloe.cruz4525@example.com,United States,2022-10-26,Standard,177.59
4526,Owen Tate,owen.tate4526@example.com,India,2026-01-11,Basic,145.69
4527,Ruby Zane,ruby.zane4527@example.com,United States,2026-01-15,Basic,131.89
4528,Asher Dunn,asher.dunn4528@example.com,Japan,2025-02-05,Premium,2194.30
4529,Leo Zane,leo.zane4529@example.com,United Kingdom,2025-03-17,Standard,451.16
4530,Iris Park,iris.park4530@example.com,India,2023-01-18,Premium,3519.44
4531,Jade Lang,jade.lang4531@example.com,Canada,2024-05-30,Premium,3469.77
4532,Piper Brooks,piper.brooks4532@example.com,United Kingdom,2022-11-10,Basic,170.33
4533,Asher Snow,asher.snow4533@example.com,United States,2022-05-17,Standard,113.53
4534,Ella Lane,ella.lane4534@example.com,United States,2024-07-15,Standard,408.30
4535,Leo Vale,leo.vale4535@example.com,United States,2023-10-14,Basic,47.15
4536,Chloe Shaw,chloe.shaw4536@example.com,United States,2025-09-21,Premium,3436.74
4537,Mia Frost,mia.frost4537@example.com,France,2022-10-14,Standard,518.86
4538,Owen Gray,owen.gray4538@example.com,United Kingdom,2024-09-07,Premium,4290.00
4539,Ella Finn,ella.finn4539@example.com,Australia,2024-03-25,Standard,437.65
4540,Ruby Frost,ruby.frost4540@example.com,Japan,2023-01-05,Standard,473.50
4541,Silas Young,silas.young4541@example.com,Germany,2025-10-15,Basic,60.35
4542,Owen Lang,owen.lang4542@example.com,United States,2023-03-12,Standard,445.15
4543,Lila Hart,lila.hart4543@example.com,United States,2024-07-19,Basic,41.29
4544,Caleb Walsh,caleb.walsh4544@example.com,United Kingdom,2024-03-26,Basic,196.72
4545,Liam Lane,liam.lane4545@example.com,United Kingdom,2023-08-01,Standard,87.74
4546,Ella Reed,ella.reed4546@example.com,France,2024-02-15,Basic,4.89
4547,Ethan Drew,ethan.drew4547@example.com,Canada,2023-05-05,Standard,329.04
4548,Owen Hale,owen.hale4548@example.com,Japan,2025-10-15,Standard,431.57
4549,Leo Reed,leo.reed4549@example.com,Japan,2023-10-22,Basic,176.23
4550,Arlo Snow,arlo.snow4550@example.com,Canada,2022-04-05,Standard,416.39
4551,Ava Zane,ava.zane4551@example.com,France,2024-03-14,Basic,60.23
4552,Jade Young,jade.young4552@example.com,France,2024-06-25,Basic,51.75
4553,Liam York,liam.york4553@example.com,United States,2022-10-12,Standard,221.73
4554,Ava Frost,ava.frost4554@example.com,Germany,2026-04-25,Premium,1427.11
4555,Jade Walsh,jade.walsh4555@example.com,United States,2022-12-27,Standard,582.30
4556,Ella Finn,ella.finn4556@example.com,Brazil,2022-01-11,Standard,569.32
4557,Owen Nash,owen.nash4557@example.com,India,2023-03-18,Basic,39.68
4558,Wren Cole,wren.cole4558@example.com,Germany,2023-09-11,Standard,746.82
4559,Mila Tate,mila.tate4559@example.com,United States,2022-04-03,Standard,597.86
4560,Liam Hale,liam.hale4560@example.com,United States,2023-05-06,Standard,369.18
4561,Ivy Moss,ivy.moss4561@example.com,Germany,2024-09-24,Standard,161.08
4562,Asher Brooks,asher.brooks4562@example.com,Australia,2023-01-12,Premium,4215.80
4563,Sadie Gray,sadie.gray4563@example.com,United States,2022-10-27,Standard,291.44
4564,Wren Lane,wren.lane4564@example.com,India,2023-07-30,Standard,695.17
4565,Mia Bell,mia.bell4565@example.com,United Kingdom,2025-05-13,Basic,101.28
4566,Ava Lang,ava.lang4566@example.com,Mexico,2026-07-21,Standard,236.94
4567,Owen Hart,owen.hart4567@example.com,India,2026-01-28,Standard,334.68
4568,Zoe Lang,zoe.lang4568@example.com,Spain,2025-08-26,Standard,664.36
4569,Chloe Zane,chloe.zane4569@example.com,India,2023-08-07,Basic,108.62
4570,Ella Frost,ella.frost4570@example.com,United Kingdom,2023-05-17,Standard,631.87
4571,Ava Snow,ava.snow4571@example.com,Australia,2026-03-31,Basic,115.58
4572,Ivy Hale,ivy.hale4572@example.com,Netherlands,2022-06-14,Standard,641.60
4573,Jonah Shaw,jonah.shaw4573@example.com,India,2023-11-28,Basic,19.14
4574,Leo Reed,leo.reed4574@example.com,Australia,2026-04-05,Basic,136.99
4575,Mia Nash,mia.nash4575@example.com,France,2025-02-08,Premium,953.72
4576,Wren Kerr,wren.kerr4576@example.com,Germany,2022-04-23,Standard,583.17
4577,Felix Quinn,felix.quinn4577@example.com,Australia,2022-11-16,Basic,43.26
4578,Owen Quinn,owen.quinn4578@example.com,Canada,2025-07-06,Basic,179.27
4579,Felix Zane,felix.zane4579@example.com,Canada,2026-08-19,Standard,676.29
4580,Piper Shaw,piper.shaw4580@example.com,United States,2022-11-06,Standard,310.07
4581,Felix York,felix.york4581@example.com,United Kingdom,2022-11-15,Standard,143.86
4582,Nico Nash,nico.nash4582@example.com,Australia,2026-01-15,Standard,422.87
4583,Piper Bell,piper.bell4583@example.com,United States,2024-10-16,Standard,159.82
4584,Mia Frost,mia.frost4584@example.com,France,2023-01-30,Basic,7.06
4585,Noah Hart,noah.hart4585@example.com,United States,2026-08-28,Basic,110.31
4586,Mila Zane,mila.zane4586@example.com,India,2025-03-02,Standard,244.64
4587,Nico Cole,nico.cole4587@example.com,United States,2022-10-21,Basic,85.08
4588,Miles Moss,miles.moss4588@example.com,Australia,2024-02-18,Standard,548.05
4589,Asher Blair,asher.blair4589@example.com,Germany,2025-01-01,Standard,387.97
4590,Liam York,liam.york4590@example.com,United States,2025-10-30,Basic,162.83
4591,Miles Lane,miles.lane4591@example.com,Brazil,2023-11-30,Standard,325.65
4592,Arlo Bell,arlo.bell4592@example.com,United States,2026-05-15,Standard,410.17
4593,Felix West,felix.west4593@example.com,Canada,2023-12-25,Premium,1358.08
4594,Iris Shaw,iris.shaw4594@example.com,United States,2024-06-30,Standard,338.78
4595,Nico Young,nico.young4595@example.com,Japan,2024-09-26,Standard,289.96
4596,Ruby Lane,ruby.lane4596@example.com,United States,2026-07-13,Basic,81.56
4597,Jonah Tate,jonah.tate4597@example.com,Canada,2026-03-19,Standard,555.81
4598,Asher York,asher.york4598@example.com,United States,2024-06-22,Basic,167.54
4599,Caleb Dunn,caleb.dunn4599@example.com,United States,2026-07-26,Standard,427.45
4600,Iris Moss,iris.moss4600@example.com,United States,2024-04-13,Basic,45.24
4601,Nora Hart,nora.hart4601@example.com,France,2025-03-08,Basic,137.23
4602,Nora Pike,nora.pike4602@example.com,United Kingdom,2022-08-13,Standard,237.42
4603,Wren Hale,wren.hale4603@example.com,Canada,2022-09-16,Premium,4435.79
4604,Chloe Young,chloe.young4604@example.com,Germany,2025-05-08,Standard,353.32
4605,Hugo Lane,hugo.lane4605@example.com,Australia,2025-04-11,Basic,70.61
4606,Ruby Hale,ruby.hale4606@example.com,Brazil,2022-05-30,Basic,42.92
4607,Sadie Walsh,sadie.walsh4607@example.com,Brazil,2025-09-07,Standard,536.60
4608,Jade Hart,jade.hart4608@example.com,India,2023-08-23,Standard,696.74
4609,Chloe Cruz,chloe.cruz4609@example.com,India,2025-12-03,Basic,2.04
4610,Caleb Zane,caleb.zane4610@example.com,Germany,2025-03-07,Standard,657.70
4611,Nico Young,nico.young4611@example.com,United States,2024-11-30,Standard,431.82
4612,Iris Gray,iris.gray4612@example.com,United States,2023-04-17,Premium,3906.45
4613,Asher Bell,asher.bell4613@example.com,United Kingdom,2025-02-11,Standard,238.76
4614,Mila Cole,mila.cole4614@example.com,Australia,2022-11-16,Standard,123.53
4615,Arlo Dunn,arlo.dunn4615@example.com,United States,2022-05-12,Basic,129.33
4616,Jonah Pike,jonah.pike4616@example.com,Canada,2024-03-20,Basic,64.59
4617,Miles Gray,miles.gray4617@example.com,United States,2026-05-25,Standard,731.86
4618,Miles Blair,miles.blair4618@example.com,United States,2022-10-11,Premium,4661.66
4619,Wren Nash,wren.nash4619@example.com,Spain,2022-04-11,Premium,4275.09
4620,Felix Bell,felix.bell4620@example.com,Netherlands,2022-09-17,Standard,558.16
4621,Wren Drew,wren.drew4621@example.com,Brazil,2023-02-21,Basic,67.04
4622,Mila Blair,mila.blair4622@example.com,Canada,2025-03-26,Standard,549.41
4623,Ava Snow,ava.snow4623@example.com,Netherlands,2025-11-16,Standard,758.12
4624,Asher Pike,asher.pike4624@example.com,India,2022-06-25,Standard,321.11
4625,Ella Hart,ella.hart4625@example.com,Australia,2023-06-03,Basic,198.76
4626,Arlo Frost,arlo.frost4626@example.com,Brazil,2025-05-12,Basic,43.60
4627,Ava Cruz,ava.cruz4627@example.com,Netherlands,2023-07-28,Basic,186.20
4628,Iris Tate,iris.tate4628@example.com,Brazil,2022-10-26,Premium,1871.28
4629,Asher Moss,asher.moss4629@example.com,United States,2025-02-28,Basic,70.50
4630,Leo Brooks,leo.brooks4630@example.com,Spain,2022-01-02,Basic,25.37
4631,Liam Young,liam.young4631@example.com,Canada,2024-08-31,Standard,502.17
4632,Silas Young,silas.young4632@example.com,India,2025-12-21,Standard,128.66
4633,Theo Young,theo.young4633@example.com,Spain,2026-02-11,Premium,3171.62
4634,Sadie Gray,sadie.gray4634@example.com,India,2023-08-09,Basic,83.65
4635,Piper Quinn,piper.quinn4635@example.com,United States,2023-05-11,Premium,834.88
4636,Leo Pike,leo.pike4636@example.com,Germany,2022-06-05,Standard,329.93
4637,Wren Lane,wren.lane4637@example.com,Australia,2022-07-31,Standard,409.71
4638,Lila Gray,lila.gray4638@example.com,United Kingdom,2023-10-17,Standard,511.71
4639,Lila Brooks,lila.brooks4639@example.com,Australia,2022-01-25,Standard,185.14
4640,Arlo Pike,arlo.pike4640@example.com,United Kingdom,2023-08-01,Standard,636.38
4641,Liam York,liam.york4641@example.com,Canada,2023-06-22,Basic,11.82
4642,Mia Zane,mia.zane4642@example.com,United States,2024-08-05,Standard,184.62
4643,Ella Young,ella.young4643@example.com,India,2025-08-15,Standard,317.65
4644,Jonah Kerr,jonah.kerr4644@example.com,United States,2024-01-20,Premium,3205.10
4645,Arlo Pike,arlo.pike4645@example.com,Japan,2024-05-15,Standard,197.87
4646,Mia Dunn,mia.dunn4646@example.com,Japan,2024-02-29,Standard,624.80
4647,Leo Dunn,leo.dunn4647@example.com,Germany,2025-09-21,Basic,65.27
4648,Ethan Shaw,ethan.shaw4648@example.com,Brazil,2026-01-13,Premium,2182.16
4649,Nico Hart,nico.hart4649@example.com,Mexico,2023-03-01,Standard,541.42
4650,Ivy Drew,ivy.drew4650@example.com,Germany,2025-04-19,Standard,505.83
4651,Miles Lane,miles.lane4651@example.com,United States,2024-01-27,Standard,373.63
4652,Leo Cole,leo.cole4652@example.com,France,2025-04-30,Basic,166.84
4653,Ethan Frost,ethan.frost4653@example.com,Canada,2022-10-18,Standard,173.55
4654,Chloe Young,chloe.young4654@example.com,Germany,2025-02-19,Basic,14.19
4655,Mia Hale,mia.hale4655@example.com,Japan,2024-05-21,Standard,610.66
4656,Theo York,theo.york4656@example.com,United States,2026-07-27,Standard,315.28
4657,Ava Nash,ava.nash4657@example.com,United Kingdom,2022-11-19,Basic,151.39
4658,Ethan York,ethan.york4658@example.com,Canada,2025-02-21,Basic,72.73
4659,Ruby Lane,ruby.lane4659@example.com,United Kingdom,2026-02-21,Premium,4223.07
4660,Noah Reed,noah.reed4660@example.com,Brazil,2024-01-30,Standard,442.98
4661,Miles Walsh,miles.walsh4661@example.com,United States,2025-01-19,Basic,153.06
4662,Wren Blair,wren.blair4662@example.com,United States,2025-03-01,Basic,154.63
4663,Zoe Young,zoe.young4663@example.com,United States,2024-07-24,Basic,73.32
4664,Theo West,theo.west4664@example.com,United States,2024-09-17,Basic,155.68
4665,Jonah Vale,jonah.vale4665@example.com,Spain,2022-08-26,Basic,39.60
4666,Jade Park,jade.park4666@example.com,United States,2022-09-20,Standard,680.10
4667,Piper Bell,piper.bell4667@example.com,United States,2026-05-17,Basic,197.44
4668,Noah Hart,noah.hart4668@example.com,United States,2022-05-30,Standard,112.98
4669,Wren Nash,wren.nash4669@example.com,United States,2023-02-01,Basic,96.73
4670,Felix Frost,felix.frost4670@example.com,Brazil,2022-04-17,Standard,507.17
4671,Hugo Hale,hugo.hale4671@example.com,Japan,2025-09-18,Standard,635.93
4672,Jonah Walsh,jonah.walsh4672@example.com,Japan,2026-05-25,Basic,139.98
4673,Arlo Walsh,arlo.walsh4673@example.com,France,2024-08-30,Basic,35.49
4674,Ella Moss,ella.moss4674@example.com,Canada,2026-04-30,Basic,130.66
4675,Ella Park,ella.park4675@example.com,United Kingdom,2025-05-28,Standard,544.96
4676,Lila West,lila.west4676@example.com,United Kingdom,2023-06-29,Standard,71.07
4677,Ava Finn,ava.finn4677@example.com,United States,2026-08-15,Basic,92.25
4678,Zoe Hale,zoe.hale4678@example.com,India,2023-02-06,Standard,651.48
4679,Asher Blair,asher.blair4679@example.com,United States,2022-06-30,Basic,189.87
4680,Mia Park,mia.park4680@example.com,Mexico,2025-12-11,Standard,67.41
4681,Chloe Hart,chloe.hart4681@example.com,United Kingdom,2025-10-07,Standard,368.82
4682,Miles Brooks,miles.brooks4682@example.com,United Kingdom,2026-06-04,Basic,192.26
4683,Liam Quinn,liam.quinn4683@example.com,United Kingdom,2026-03-07,Basic,31.51
4684,Noah Quinn,noah.quinn4684@example.com,Japan,2022-11-07,Standard,599.26
4685,Ava Hart,ava.hart4685@example.com,United States,2023-12-16,Standard,784.69
4686,Sadie Kerr,sadie.kerr4686@example.com,United States,2024-08-17,Standard,490.74
4687,Asher Vale,asher.vale4687@example.com,Netherlands,2023-02-21,Basic,72.30
4688,Nora Frost,nora.frost4688@example.com,India,2024-01-04,Standard,694.86
4689,Jade Quinn,jade.quinn4689@example.com,United States,2025-03-14,Standard,578.11
4690,Jonah Dunn,jonah.dunn4690@example.com,United States,2023-05-12,Premium,4227.06
4691,Lila Zane,lila.zane4691@example.com,Australia,2023-08-04,Standard,364.65
4692,Silas Nash,silas.nash4692@example.com,United States,2024-10-10,Premium,4131.60
4693,Zoe Tate,zoe.tate4693@example.com,Canada,2022-10-27,Basic,169.88
4694,Zoe Frost,zoe.frost4694@example.com,United Kingdom,2025-04-27,Standard,268.16
4695,Hugo York,hugo.york4695@example.com,United Kingdom,2022-03-22,Basic,11.26
4696,Iris Young,iris.young4696@example.com,Australia,2022-02-12,Basic,178.94
4697,Ella Hale,ella.hale4697@example.com,United Kingdom,2026-03-09,Premium,2476.51
4698,Silas Hart,silas.hart4698@example.com,France,2025-02-19,Standard,492.91
4699,Ruby Blair,ruby.blair4699@example.com,Germany,2022-08-23,Basic,131.28
4700,Piper Blair,piper.blair4700@example.com,Brazil,2025-11-26,Basic,64.92
4701,Owen Lane,owen.lane4701@example.com,Japan,2023-03-21,Basic,124.97
4702,Asher Kerr,asher.kerr4702@example.com,Brazil,2026-07-21,Basic,4.21
4703,Mia Zane,mia.zane4703@example.com,India,2025-04-21,Premium,774.80
4704,Lila Tate,lila.tate4704@example.com,United States,2025-02-06,Standard,631.13
4705,Lila Walsh,lila.walsh4705@example.com,Japan,2023-09-27,Basic,174.22
4706,Noah Reed,noah.reed4706@example.com,Mexico,2023-04-18,Standard,490.30
4707,Iris Drew,iris.drew4707@example.com,France,2025-05-14,Premium,4463.60
4708,Ethan Finn,ethan.finn4708@example.com,Australia,2023-04-17,Basic,16.17
4709,Arlo Drew,arlo.drew4709@example.com,Australia,2024-05-04,Basic,139.16
4710,Mia Cole,mia.cole4710@example.com,Canada,2024-12-29,Basic,8.10
4711,Lila Snow,lila.snow4711@example.com,United States,2022-10-08,Basic,140.60
4712,Lila Quinn,lila.quinn4712@example.com,Mexico,2026-04-08,Standard,799.83
4713,Caleb Park,caleb.park4713@example.com,India,2023-06-10,Standard,650.30
4714,Nico Hart,nico.hart4714@example.com,Netherlands,2023-03-28,Basic,24.13
4715,Wren West,wren.west4715@example.com,United States,2023-12-16,Basic,179.72
4716,Ivy Hale,ivy.hale4716@example.com,United States,2025-06-09,Basic,141.77
4717,Jonah Zane,jonah.zane4717@example.com,Canada,2024-10-28,Standard,430.39
4718,Zoe Walsh,zoe.walsh4718@example.com,Mexico,2026-03-10,Standard,454.25
4719,Zoe Hale,zoe.hale4719@example.com,United States,2024-04-15,Standard,516.58
4720,Piper Hart,piper.hart4720@example.com,United States,2026-07-22,Basic,159.19
4721,Miles York,miles.york4721@example.com,United States,2024-10-11,Basic,156.86
4722,Ella West,ella.west4722@example.com,Australia,2025-01-16,Basic,71.02
4723,Miles Zane,miles.zane4723@example.com,France,2025-09-23,Standard,518.62
4724,Ava Quinn,ava.quinn4724@example.com,Canada,2026-05-09,Basic,52.90
4725,Chloe Zane,chloe.zane4725@example.com,France,2023-01-12,Standard,607.20
4726,Miles Shaw,miles.shaw4726@example.com,Japan,2024-11-20,Standard,64.67
4727,Sadie Kerr,sadie.kerr4727@example.com,Canada,2024-03-24,Basic,28.05
4728,Ella Tate,ella.tate4728@example.com,United States,2025-08-05,Standard,754.87
4729,Asher Hart,asher.hart4729@example.com,France,2023-05-11,Standard,466.79
4730,Sadie Cruz,sadie.cruz4730@example.com,United Kingdom,2025-06-28,Premium,2998.86
4731,Jonah Vale,jonah.vale4731@example.com,United Kingdom,2025-05-20,Standard,700.12
4732,Ella Frost,ella.frost4732@example.com,Japan,2025-02-14,Premium,2436.49
4733,Hugo Cruz,hugo.cruz4733@example.com,United States,2022-05-29,Premium,4225.49
4734,Arlo Frost,arlo.frost4734@example.com,Canada,2026-05-18,Standard,557.94
4735,Nora York,nora.york4735@example.com,United States,2022-05-24,Standard,232.28
4736,Sadie West,sadie.west4736@example.com,Canada,2026-06-30,Standard,171.65
4737,Theo Cruz,theo.cruz4737@example.com,Australia,2023-09-24,Standard,738.89
4738,Miles Brooks,miles.brooks4738@example.com,Australia,2026-05-04,Premium,728.52
4739,Ava Kerr,ava.kerr4739@example.com,United States,2025-05-02,Standard,287.17
4740,Lila Vale,lila.vale4740@example.com,Brazil,2023-12-17,Standard,656.93
4741,Noah Gray,noah.gray4741@example.com,United States,2022-10-17,Standard,307.13
4742,Ava Walsh,ava.walsh4742@example.com,Brazil,2023-11-28,Premium,3821.99
4743,Ava Quinn,ava.quinn4743@example.com,Canada,2025-07-05,Standard,97.35
4744,Jonah Drew,jonah.drew4744@example.com,India,2022-02-17,Standard,576.25
4745,Felix Gray,felix.gray4745@example.com,United States,2023-01-07,Standard,262.40
4746,Owen West,owen.west4746@example.com,France,2026-09-17,Standard,206.06
4747,Piper Cruz,piper.cruz4747@example.com,United States,2022-03-27,Premium,571.51
4748,Silas York,silas.york4748@example.com,United States,2022-10-06,Standard,392.98
4749,Silas Reed,silas.reed4749@example.com,Australia,2024-05-17,Basic,45.51
4750,Ruby Kerr,ruby.kerr4750@example.com,Canada,2023-05-05,Basic,153.86
4751,Silas Lang,silas.lang4751@example.com,Mexico,2025-11-29,Standard,478.12
4752,Jonah Young,jonah.young4752@example.com,United States,2025-08-07,Basic,90.79
4753,Caleb Pike,caleb.pike4753@example.com,Spain,2024-01-23,Basic,133.69
4754,Felix Park,felix.park4754@example.com,United States,2026-01-15,Basic,124.65
4755,Theo Young,theo.young4755@example.com,United States,2025-08-15,Standard,448.36
4756,Ruby Moss,ruby.moss4756@example.com,United Kingdom,2022-05-15,Standard,417.90
4757,Ella Gray,ella.gray4757@example.com,France,2025-01-03,Standard,598.97
4758,Leo Zane,leo.zane4758@example.com,United States,2026-03-11,Basic,87.70
4759,Lila Blair,lila.blair4759@example.com,France,2023-04-14,Basic,115.72
4760,Piper Cruz,piper.cruz4760@example.com,Australia,2024-05-02,Basic,162.04
4761,Ivy Shaw,ivy.shaw4761@example.com,Japan,2024-11-26,Basic,102.62
4762,Owen Nash,owen.nash4762@example.com,Australia,2024-08-01,Premium,2978.63
4763,Leo Bell,leo.bell4763@example.com,Netherlands,2025-06-01,Standard,431.06
4764,Owen Reed,owen.reed4764@example.com,Australia,2026-04-29,Basic,199.91
4765,Theo Blair,theo.blair4765@example.com,Australia,2023-09-08,Basic,79.90
4766,Nico Lang,nico.lang4766@example.com,France,2023-11-22,Standard,751.98
4767,Noah Moss,noah.moss4767@example.com,India,2023-09-18,Premium,2173.14
4768,Silas Brooks,silas.brooks4768@example.com,India,2025-05-05,Standard,279.20
4769,Theo Drew,theo.drew4769@example.com,United States,2026-08-12,Standard,60.73
4770,Noah Vale,noah.vale4770@example.com,United States,2026-04-02,Standard,307.09
4771,Sadie Brooks,sadie.brooks4771@example.com,Canada,2026-02-21,Basic,160.57
4772,Arlo Nash,arlo.nash4772@example.com,France,2023-07-07,Basic,113.16
4773,Felix Gray,felix.gray4773@example.com,United States,2025-02-25,Basic,9.36
4774,Mia Shaw,mia.shaw4774@example.com,France,2023-12-21,Standard,194.09
4775,Leo Brooks,leo.brooks4775@example.com,India,2025-07-26,Basic,1.59
4776,Caleb Lane,caleb.lane4776@example.com,United States,2025-02-25,Premium,993.94
4777,Caleb Blair,caleb.blair4777@example.com,Brazil,2022-10-13,Standard,658.16
4778,Asher Drew,asher.drew4778@example.com,India,2025-11-02,Basic,76.19
4779,Wren Cole,wren.cole4779@example.com,Australia,2026-04-03,Basic,108.33
4780,Ivy Quinn,ivy.quinn4780@example.com,India,2022-07-25,Basic,36.59
4781,Zoe Cole,zoe.cole4781@example.com,France,2023-07-17,Basic,54.67
4782,Ella Moss,ella.moss4782@example.com,Germany,2023-06-26,Standard,245.28
4783,Theo Shaw,theo.shaw4783@example.com,Canada,2023-01-11,Basic,112.70
4784,Liam Kerr,liam.kerr4784@example.com,United Kingdom,2023-04-03,Premium,3271.01
4785,Ivy Cruz,ivy.cruz4785@example.com,United Kingdom,2023-08-23,Basic,112.13
4786,Mia Drew,mia.drew4786@example.com,Canada,2022-03-25,Standard,155.93
4787,Sadie Cole,sadie.cole4787@example.com,United States,2025-09-25,Standard,449.03
4788,Leo Tate,leo.tate4788@example.com,India,2023-03-27,Standard,644.74
4789,Iris Brooks,iris.brooks4789@example.com,Canada,2024-08-28,Basic,61.10
4790,Theo West,theo.west4790@example.com,Canada,2023-05-22,Premium,2818.72
4791,Ruby Pike,ruby.pike4791@example.com,Japan,2022-06-27,Premium,4001.19
4792,Nora Tate,nora.tate4792@example.com,Spain,2026-01-12,Standard,268.60
4793,Mila Shaw,mila.shaw4793@example.com,United States,2026-03-23,Standard,606.15
4794,Ava Bell,ava.bell4794@example.com,United States,2026-05-24,Standard,629.43
4795,Ella Reed,ella.reed4795@example.com,Australia,2022-05-02,Premium,2722.43
4796,Sadie Cole,sadie.cole4796@example.com,Japan,2023-05-08,Premium,605.78
4797,Silas West,silas.west4797@example.com,Australia,2023-11-20,Standard,146.67
4798,Miles Lang,miles.lang4798@example.com,United States,2023-11-19,Standard,92.58
4799,Iris Lane,iris.lane4799@example.com,Japan,2025-01-10,Basic,46.80
4800,Arlo Tate,arlo.tate4800@example.com,India,2026-01-21,Standard,598.89
4801,Chloe Cole,chloe.cole4801@example.com,United States,2022-12-21,Basic,70.55
4802,Ruby Snow,ruby.snow4802@example.com,India,2025-02-12,Standard,745.45
4803,Noah Frost,noah.frost4803@example.com,Brazil,2022-07-05,Standard,432.40
4804,Piper Nash,piper.nash4804@example.com,United Kingdom,2026-07-29,Premium,1770.30
4805,Ella Frost,ella.frost4805@example.com,Brazil,2022-10-24,Standard,774.79
4806,Ethan Snow,ethan.snow4806@example.com,United States,2023-06-07,Basic,43.42
4807,Jonah Moss,jonah.moss4807@example.com,Canada,2024-08-13,Basic,60.55
4808,Asher Finn,asher.finn4808@example.com,India,2023-08-23,Premium,3595.76
4809,Ava Lang,ava.lang4809@example.com,United States,2022-06-24,Standard,733.32
4810,Nico Kerr,nico.kerr4810@example.com,United Kingdom,2024-06-11,Standard,538.25
4811,Owen Zane,owen.zane4811@example.com,Brazil,2025-11-05,Basic,51.37
4812,Felix Dunn,felix.dunn4812@example.com,United States,2025-08-08,Standard,190.51
4813,Nora Hart,nora.hart4813@example.com,India,2022-08-23,Standard,663.02
4814,Asher Nash,asher.nash4814@example.com,India,2023-11-27,Standard,134.18
4815,Arlo Vale,arlo.vale4815@example.com,United States,2022-08-17,Standard,610.15
4816,Zoe Hale,zoe.hale4816@example.com,India,2026-02-06,Standard,709.84
4817,Jonah Cole,jonah.cole4817@example.com,United States,2022-07-20,Basic,194.54
4818,Theo Cole,theo.cole4818@example.com,Brazil,2026-05-31,Standard,472.39
4819,Chloe Blair,chloe.blair4819@example.com,Canada,2024-09-18,Basic,37.32
4820,Mila Hart,mila.hart4820@example.com,France,2025-10-29,Standard,641.42
4821,Jonah Hart,jonah.hart4821@example.com,United Kingdom,2025-05-03,Standard,156.13
4822,Leo West,leo.west4822@example.com,United States,2023-10-13,Standard,117.00
4823,Ava Snow,ava.snow4823@example.com,United States,2026-05-09,Basic,123.62
4824,Hugo Snow,hugo.snow4824@example.com,France,2025-02-10,Standard,94.84
4825,Jade Blair,jade.blair4825@example.com,United Kingdom,2023-12-11,Basic,18.11
4826,Ethan Finn,ethan.finn4826@example.com,Canada,2026-04-09,Standard,569.83
4827,Noah Cole,noah.cole4827@example.com,United States,2022-01-18,Standard,319.63
4828,Ruby Shaw,ruby.shaw4828@example.com,Canada,2023-12-14,Basic,97.51
4829,Piper Quinn,piper.quinn4829@example.com,India,2023-05-07,Standard,605.69
4830,Theo Bell,theo.bell4830@example.com,United States,2023-05-14,Premium,4852.13
4831,Theo Hale,theo.hale4831@example.com,United States,2022-04-10,Standard,461.00
4832,Liam Cole,liam.cole4832@example.com,United Kingdom,2022-07-25,Standard,764.98
4833,Caleb Reed,caleb.reed4833@example.com,United States,2025-01-01,Standard,766.83
4834,Ethan Moss,ethan.moss4834@example.com,United States,2026-04-28,Basic,180.28
4835,Hugo Blair,hugo.blair4835@example.com,United States,2026-03-21,Basic,126.72
4836,Lila Walsh,lila.walsh4836@example.com,Australia,2023-04-01,Basic,136.09
4837,Wren Hart,wren.hart4837@example.com,France,2025-09-29,Standard,162.66
4838,Piper Kerr,piper.kerr4838@example.com,United States,2024-02-19,Standard,66.55
4839,Chloe Lang,chloe.lang4839@example.com,India,2025-08-20,Standard,687.13
4840,Miles York,miles.york4840@example.com,United States,2023-12-26,Standard,219.60
4841,Mia Drew,mia.drew4841@example.com,United States,2022-04-14,Basic,155.28
4842,Arlo Hart,arlo.hart4842@example.com,Canada,2023-07-05,Standard,784.82
4843,Leo West,leo.west4843@example.com,Japan,2025-10-06,Basic,174.69
4844,Wren Finn,wren.finn4844@example.com,United States,2024-07-28,Standard,58.41
4845,Lila Moss,lila.moss4845@example.com,United States,2026-05-19,Premium,3562.58
4846,Mila Quinn,mila.quinn4846@example.com,Japan,2023-09-15,Standard,524.22
4847,Ruby Zane,ruby.zane4847@example.com,France,2022-10-18,Standard,568.29
4848,Leo Lane,leo.lane4848@example.com,United States,2023-01-17,Standard,644.43
4849,Miles York,miles.york4849@example.com,Canada,2026-02-12,Premium,4087.99
4850,Silas Walsh,silas.walsh4850@example.com,India,2024-10-21,Basic,136.07
4851,Mila Nash,mila.nash4851@example.com,United States,2023-12-27,Basic,131.33
4852,Liam Nash,liam.nash4852@example.com,India,2024-02-21,Basic,144.38
4853,Theo Cole,theo.cole4853@example.com,United Kingdom,2024-10-09,Basic,67.98
4854,Chloe Walsh,chloe.walsh4854@example.com,Japan,2024-12-10,Standard,676.29
4855,Hugo Frost,hugo.frost4855@example.com,United States,2026-02-02,Basic,45.80
4856,Ivy Hale,ivy.hale4856@example.com,India,2023-08-15,Basic,124.77
4857,Mia Frost,mia.frost4857@example.com,Canada,2024-02-20,Standard,280.56
4858,Jonah Shaw,jonah.shaw4858@example.com,United States,2023-08-31,Standard,194.76
4859,Mia Snow,mia.snow4859@example.com,India,2025-11-02,Standard,440.84
4860,Ethan Gray,ethan.gray4860@example.com,United Kingdom,2023-08-29,Basic,167.56
4861,Owen Walsh,owen.walsh4861@example.com,Mexico,2026-02-18,Standard,602.46
4862,Ivy Young,ivy.young4862@example.com,United States,2022-02-25,Basic,82.00
4863,Ella Lane,ella.lane4863@example.com,Mexico,2024-03-04,Standard,719.14
4864,Jade York,jade.york4864@example.com,United States,2025-02-02,Basic,183.08
4865,Mila Cole,mila.cole4865@example.com,United States,2023-03-27,Premium,3050.24
4866,Felix Finn,felix.finn4866@example.com,United States,2026-02-01,Basic,74.38
4867,Iris Tate,iris.tate4867@example.com,United Kingdom,2023-01-06,Premium,4415.48
4868,Zoe Park,zoe.park4868@example.com,Mexico,2025-05-01,Basic,37.22
4869,Felix Gray,felix.gray4869@example.com,Netherlands,2024-02-25,Standard,482.31
4870,Asher Cole,asher.cole4870@example.com,United States,2023-06-26,Standard,115.37
4871,Ella Lang,ella.lang4871@example.com,United States,2022-07-12,Basic,26.85
4872,Theo Vale,theo.vale4872@example.com,Germany,2023-07-30,Standard,678.90
4873,Liam Bell,liam.bell4873@example.com,United States,2022-08-22,Standard,635.03
4874,Iris Dunn,iris.dunn4874@example.com,Spain,2025-08-28,Basic,17.50
4875,Nico Tate,nico.tate4875@example.com,India,2024-12-12,Standard,732.41
4876,Piper Drew,piper.drew4876@example.com,Germany,2023-08-07,Basic,190.59
4877,Asher Vale,asher.vale4877@example.com,United States,2022-11-27,Standard,226.71
4878,Liam York,liam.york4878@example.com,United States,2024-04-18,Standard,490.07
4879,Miles Moss,miles.moss4879@example.com,United States,2025-06-23,Standard,750.62
4880,Felix Walsh,felix.walsh4880@example.com,Brazil,2022-01-20,Basic,141.77
4881,Mia York,mia.york4881@example.com,Japan,2025-12-18,Standard,460.75
4882,Miles West,miles.west4882@example.com,Mexico,2023-02-14,Standard,173.36
4883,Ethan Finn,ethan.finn4883@example.com,Spain,2023-12-23,Standard,638.03
4884,Wren Reed,wren.reed4884@example.com,India,2022-07-31,Basic,137.15
4885,Asher Frost,asher.frost4885@example.com,United States,2025-02-22,Standard,714.68
4886,Mia Quinn,mia.quinn4886@example.com,Brazil,2024-12-12,Standard,120.19
4887,Ella Bell,ella.bell4887@example.com,United States,2022-04-07,Basic,37.29
4888,Mila Blair,mila.blair4888@example.com,United States,2022-06-07,Standard,608.39
4889,Jonah Moss,jonah.moss4889@example.com,India,2022-12-18,Standard,200.62
4890,Ella Cole,ella.cole4890@example.com,India,2024-05-13,Basic,39.49
4891,Silas Tate,silas.tate4891@example.com,Germany,2024-12-15,Standard,481.78
4892,Ruby Dunn,ruby.dunn4892@example.com,Japan,2023-09-28,Premium,4113.63
4893,Asher Tate,asher.tate4893@example.com,Germany,2022-12-01,Premium,3652.94
4894,Leo Lang,leo.lang4894@example.com,Germany,2023-11-13,Standard,709.97
4895,Owen Lane,owen.lane4895@example.com,Netherlands,2026-08-08,Basic,76.81
4896,Felix Finn,felix.finn4896@example.com,France,2026-08-29,Basic,40.52
4897,Zoe York,zoe.york4897@example.com,Mexico,2023-03-23,Basic,197.83
4898,Piper Nash,piper.nash4898@example.com,United Kingdom,2023-12-02,Standard,188.72
4899,Chloe Snow,chloe.snow4899@example.com,Japan,2025-12-05,Standard,291.50
4900,Nora Cruz,nora.cruz4900@example.com,United States,2026-02-22,Basic,83.25
4901,Wren York,wren.york4901@example.com,Brazil,2022-08-06,Basic,59.70
4902,Iris Blair,iris.blair4902@example.com,United States,2025-11-26,Standard,760.41
4903,Ella Cole,ella.cole4903@example.com,United States,2023-06-13,Standard,178.01
4904,Wren Blair,wren.blair4904@example.com,France,2023-10-14,Basic,76.59
4905,Liam Lane,liam.lane4905@example.com,India,2025-05-20,Standard,367.66
4906,Ava Young,ava.young4906@example.com,Germany,2024-03-30,Basic,170.82
4907,Felix Lang,felix.lang4907@example.com,Spain,2022-04-05,Standard,611.83
4908,Iris Hale,iris.hale4908@example.com,Brazil,2025-04-01,Standard,755.66
4909,Chloe Nash,chloe.nash4909@example.com,Netherlands,2022-03-07,Standard,787.15
4910,Hugo Finn,hugo.finn4910@example.com,United States,2022-08-09,Standard,654.11
4911,Jonah Gray,jonah.gray4911@example.com,United States,2025-08-25,Basic,30.45
4912,Miles Pike,miles.pike4912@example.com,United States,2023-02-27,Standard,332.84
4913,Asher York,asher.york4913@example.com,Canada,2022-02-28,Standard,676.81
4914,Iris Nash,iris.nash4914@example.com,Australia,2025-12-18,Standard,435.00
4915,Ava Kerr,ava.kerr4915@example.com,United Kingdom,2025-08-25,Basic,56.24
4916,Piper Reed,piper.reed4916@example.com,Spain,2022-07-12,Basic,172.10
4917,Jade Snow,jade.snow4917@example.com,United States,2026-07-16,Basic,20.09
4918,Miles Hale,miles.hale4918@example.com,United States,2023-04-26,Basic,142.17
4919,Nora Frost,nora.frost4919@example.com,United States,2025-01-19,Basic,32.72
4920,Piper Snow,piper.snow4920@example.com,United States,2023-08-31,Standard,774.49
4921,Nico West,nico.west4921@example.com,Australia,2025-09-30,Standard,90.39
4922,Ethan Kerr,ethan.kerr4922@example.com,Japan,2026-03-25,Standard,532.15
4923,Ava Kerr,ava.kerr4923@example.com,Canada,2023-12-20,Standard,169.09
4924,Liam Hale,liam.hale4924@example.com,Canada,2022-05-14,Basic,110.21
4925,Miles Drew,miles.drew4925@example.com,Japan,2023-08-07,Premium,1040.27
4926,Caleb York,caleb.york4926@example.com,Australia,2025-06-23,Standard,135.13
4927,Jade Blair,jade.blair4927@example.com,United Kingdom,2026-08-29,Standard,225.94
4928,Caleb Tate,caleb.tate4928@example.com,United States,2025-07-21,Standard,123.14
4929,Lila Zane,lila.zane4929@example.com,Canada,2022-06-05,Basic,23.13
4930,Ava Gray,ava.gray4930@example.com,Canada,2025-06-16,Standard,400.18
4931,Ethan Lang,ethan.lang4931@example.com,Mexico,2022-03-14,Standard,278.72
4932,Owen York,owen.york4932@example.com,Canada,2025-04-09,Standard,604.99
4933,Asher Reed,asher.reed4933@example.com,France,2023-04-24,Basic,75.92
4934,Theo Pike,theo.pike4934@example.com,United States,2022-05-14,Premium,3777.38
4935,Wren Cruz,wren.cruz4935@example.com,United States,2025-10-18,Basic,5.32
4936,Wren Finn,wren.finn4936@example.com,India,2023-09-18,Basic,41.55
4937,Ruby Gray,ruby.gray4937@example.com,United States,2022-01-05,Standard,546.16
4938,Miles Hale,miles.hale4938@example.com,India,2023-07-08,Standard,587.54
4939,Ivy Blair,ivy.blair4939@example.com,India,2025-01-08,Basic,198.08
4940,Owen Cole,owen.cole4940@example.com,Germany,2022-07-29,Standard,740.50
4941,Ella Shaw,ella.shaw4941@example.com,United States,2022-03-18,Basic,166.37
4942,Miles Park,miles.park4942@example.com,Japan,2022-12-26,Basic,93.15
4943,Owen Lang,owen.lang4943@example.com,Canada,2025-06-24,Standard,225.04
4944,Theo Lane,theo.lane4944@example.com,Canada,2023-02-23,Standard,495.67
4945,Wren Tate,wren.tate4945@example.com,Brazil,2022-12-01,Premium,4479.96
4946,Nico Cruz,nico.cruz4946@example.com,Netherlands,2026-07-11,Standard,539.18
4947,Asher Drew,asher.drew4947@example.com,Netherlands,2025-07-17,Basic,2.70
4948,Owen Dunn,owen.dunn4948@example.com,Netherlands,2024-05-14,Standard,421.43
4949,Nora Blair,nora.blair4949@example.com,United States,2024-08-21,Standard,580.65
4950,Nora Brooks,nora.brooks4950@example.com,United States,2025-01-30,Standard,735.55
4951,Ivy Hart,ivy.hart4951@example.com,France,2025-04-20,Premium,2283.74
4952,Ruby Nash,ruby.nash4952@example.com,Spain,2023-03-11,Standard,410.14
4953,Caleb Lang,caleb.lang4953@example.com,Australia,2025-09-27,Basic,123.63
4954,Lila Shaw,lila.shaw4954@example.com,France,2025-06-05,Standard,388.44
4955,Chloe Hart,chloe.hart4955@example.com,United States,2025-12-05,Standard,79.16
4956,Nico West,nico.west4956@example.com,Canada,2022-04-16,Basic,27.85
4957,Nico Drew,nico.drew4957@example.com,Netherlands,2022-06-15,Standard,84.49
4958,Mila Blair,mila.blair4958@example.com,United States,2026-01-06,Basic,146.81
4959,Liam Lane,liam.lane4959@example.com,Japan,2024-05-07,Standard,616.40
4960,Hugo Lane,hugo.lane4960@example.com,United Kingdom,2025-01-16,Premium,4316.66
4961,Lila Shaw,lila.shaw4961@example.com,India,2024-02-27,Basic,161.02
4962,Felix Frost,felix.frost4962@example.com,Brazil,2025-10-30,Standard,286.84
4963,Ivy Frost,ivy.frost4963@example.com,Spain,2024-01-24,Basic,142.52
4964,Sadie Bell,sadie.bell4964@example.com,Brazil,2023-07-24,Standard,474.94
4965,Mila Zane,mila.zane4965@example.com,United Kingdom,2024-04-17,Premium,2641.86
4966,Nico Kerr,nico.kerr4966@example.com,Spain,2024-09-19,Standard,499.78
4967,Caleb Brooks,caleb.brooks4967@example.com,India,2023-06-26,Standard,283.23
4968,Silas Cruz,silas.cruz4968@example.com,Germany,2025-12-10,Standard,753.93
4969,Sadie Reed,sadie.reed4969@example.com,Japan,2022-09-12,Basic,98.52
4970,Noah West,noah.west4970@example.com,United States,2025-10-29,Standard,365.51
4971,Theo Lane,theo.lane4971@example.com,Mexico,2024-05-26,Basic,56.50
4972,Mila Pike,mila.pike4972@example.com,United Kingdom,2026-06-06,Basic,23.37
4973,Piper Shaw,piper.shaw4973@example.com,United States,2025-08-17,Basic,94.21
4974,Sadie Cole,sadie.cole4974@example.com,Canada,2025-02-19,Basic,16.96
4975,Felix Pike,felix.pike4975@example.com,Germany,2023-03-29,Standard,74.83
4976,Hugo Tate,hugo.tate4976@example.com,India,2026-04-14,Premium,1240.83
4977,Chloe Cruz,chloe.cruz4977@example.com,France,2022-06-22,Standard,323.14
4978,Ava Park,ava.park4978@example.com,Netherlands,2024-01-26,Standard,243.23
4979,Arlo West,arlo.west4979@example.com,Germany,2023-12-19,Basic,171.76
4980,Ella Park,ella.park4980@example.com,Brazil,2024-03-04,Standard,479.32
4981,Miles Nash,miles.nash4981@example.com,United States,2024-05-15,Premium,1630.53
4982,Ruby Frost,ruby.frost4982@example.com,United States,2025-05-03,Basic,84.59
4983,Ella Bell,ella.bell4983@example.com,United Kingdom,2026-02-21,Basic,80.15
4984,Owen Walsh,owen.walsh4984@example.com,India,2022-11-05,Standard,307.13
4985,Owen Moss,owen.moss4985@example.com,Canada,2024-09-03,Standard,112.67
4986,Chloe Young,chloe.young4986@example.com,United States,2024-07-03,Standard,445.12
4987,Ruby West,ruby.west4987@example.com,Germany,2024-05-26,Standard,276.83
4988,Felix Shaw,felix.shaw4988@example.com,Canada,2024-03-14,Basic,145.65
4989,Theo Lane,theo.lane4989@example.com,Germany,2025-02-09,Basic,198.39
4990,Jonah Tate,jonah.tate4990@example.com,India,2026-05-03,Standard,540.64
4991,Asher Drew,asher.drew4991@example.com,Australia,2023-08-08,Basic,164.63
4992,Iris Lane,iris.lane4992@example.com,United Kingdom,2023-01-25,Standard,634.74
4993,Hugo Vale,hugo.vale4993@example.com,Brazil,2022-02-26,Basic,78.65
4994,Jonah Pike,jonah.pike4994@example.com,France,2023-07-31,Standard,82.79
4995,Ruby West,ruby.west4995@example.com,Spain,2024-09-10,Standard,602.14
4996,Chloe Moss,chloe.moss4996@example.com,France,2023-12-20,Premium,1547.11
4997,Caleb Quinn,caleb.quinn4997@example.com,India,2026-04-19,Premium,1588.93
4998,Piper Park,piper.park4998@example.com,Australia,2022-04-30,Standard,92.36
4999,Piper Kerr,piper.kerr4999@example.com,Brazil,2026-02-21,Premium,675.62
5000,Silas Shaw,silas.shaw5000@example.com,United Kingdom,2024-11-02,Standard,246.62
5001,Owen Lang,owen.lang5001@example.com,United States,2023-05-16,Standard,738.56
5002,Silas Lane,silas.lane5002@example.com,Canada,2023-05-19,Basic,112.05
5003,Ethan Zane,ethan.zane5003@example.com,India,2024-04-22,Standard,613.39
5004,Noah Gray,noah.gray5004@example.com,Netherlands,2026-04-11,Basic,4.41
5005,Nico Brooks,nico.brooks5005@example.com,United States,2025-03-14,Standard,153.12
5006,Mia Brooks,mia.brooks5006@example.com,Japan,2025-04-12,Basic,118.51
5007,Wren Shaw,wren.shaw5007@example.com,France,2026-04-17,Premium,3634.47
5008,Lila Dunn,lila.dunn5008@example.com,Canada,2023-10-06,Standard,155.31
5009,Mia Cruz,mia.cruz5009@example.com,Brazil,2024-10-25,Premium,1627.41
5010,Hugo Vale,hugo.vale5010@example.com,United States,2024-05-23,Basic,25.06
5011,Caleb Lang,caleb.lang5011@example.com,Canada,2022-07-10,Standard,719.41
5012,Piper Park,piper.park5012@example.com,Germany,2025-10-01,Standard,50.07
5013,Ruby Lang,ruby.lang5013@example.com,France,2024-03-29,Standard,552.52
5014,Theo Young,theo.young5014@example.com,Australia,2026-02-25,Standard,538.72
5015,Iris Nash,iris.nash5015@example.com,United Kingdom,2025-05-14,Standard,541.42
5016,Ava Bell,ava.bell5016@example.com,United States,2026-01-11,Standard,265.05
5017,Iris Cole,iris.cole5017@example.com,United States,2023-01-05,Basic,188.17
5018,Iris Reed,iris.reed5018@example.com,Netherlands,2022-02-05,Standard,463.59
5019,Ruby Tate,ruby.tate5019@example.com,United States,2024-12-31,Standard,603.55
5020,Ethan Zane,ethan.zane5020@example.com,United States,2023-12-28,Standard,138.12
5021,Ivy Young,ivy.young5021@example.com,Canada,2022-03-08,Premium,2116.52
5022,Jonah Frost,jonah.frost5022@example.com,United States,2025-02-04,Standard,168.34
5023,Ruby Vale,ruby.vale5023@example.com,Germany,2022-12-10,Basic,85.57
5024,Chloe Frost,chloe.frost5024@example.com,Japan,2022-01-06,Basic,61.59
5025,Nora Finn,nora.finn5025@example.com,United States,2026-03-09,Standard,268.21
5026,Arlo Lang,arlo.lang5026@example.com,Germany,2025-08-14,Standard,345.77
5027,Wren Moss,wren.moss5027@example.com,Germany,2026-03-12,Basic,133.13
5028,Miles Frost,miles.frost5028@example.com,Brazil,2024-09-08,Basic,99.10
5029,Liam Blair,liam.blair5029@example.com,United States,2024-01-21,Premium,900.31
5030,Lila Hale,lila.hale5030@example.com,United States,2024-11-18,Standard,540.06
5031,Ivy Drew,ivy.drew5031@example.com,Mexico,2026-05-01,Basic,104.29
5032,Theo Tate,theo.tate5032@example.com,United States,2025-06-27,Premium,3264.19
5033,Mila Cruz,mila.cruz5033@example.com,United States,2022-09-01,Standard,690.88
5034,Theo Finn,theo.finn5034@example.com,Brazil,2026-07-11,Standard,125.87
5035,Silas Dunn,silas.dunn5035@example.com,India,2025-10-19,Standard,149.58
5036,Arlo Reed,arlo.reed5036@example.com,France,2024-02-08,Basic,108.23
5037,Leo Snow,leo.snow5037@example.com,Brazil,2022-08-15,Standard,543.86
5038,Chloe Moss,chloe.moss5038@example.com,United States,2025-01-06,Basic,67.34
5039,Nico Walsh,nico.walsh5039@example.com,United Kingdom,2026-04-10,Standard,799.65
5040,Mia Cruz,mia.cruz5040@example.com,India,2026-02-08,Basic,18.18
5041,Ivy Cruz,ivy.cruz5041@example.com,United States,2024-02-28,Premium,1491.31
5042,Ruby Nash,ruby.nash5042@example.com,Mexico,2022-12-21,Basic,102.15
5043,Arlo Reed,arlo.reed5043@example.com,France,2024-01-28,Premium,3510.63
5044,Chloe Lang,chloe.lang5044@example.com,Mexico,2022-04-17,Basic,192.55
5045,Hugo Zane,hugo.zane5045@example.com,United States,2023-10-06,Premium,1311.27
5046,Jonah Young,jonah.young5046@example.com,United States,2022-06-28,Standard,437.60
5047,Hugo Pike,hugo.pike5047@example.com,United States,2023-11-12,Premium,3861.28
5048,Leo Moss,leo.moss5048@example.com,United States,2022-05-09,Standard,470.38
5049,Owen Brooks,owen.brooks5049@example.com,Japan,2023-08-31,Standard,63.45
5050,Chloe Vale,chloe.vale5050@example.com,India,2022-07-24,Standard,112.19
5051,Asher Young,asher.young5051@example.com,United Kingdom,2025-01-29,Basic,99.31
5052,Felix Park,felix.park5052@example.com,Canada,2026-02-27,Standard,616.43
5053,Owen Lang,owen.lang5053@example.com,United Kingdom,2023-09-14,Basic,39.21
5054,Silas Cruz,silas.cruz5054@example.com,United States,2025-04-25,Basic,32.20
5055,Zoe Shaw,zoe.shaw5055@example.com,Brazil,2025-05-09,Basic,87.45
5056,Nora Nash,nora.nash5056@example.com,United Kingdom,2022-06-18,Premium,3740.74
5057,Arlo Lang,arlo.lang5057@example.com,United States,2022-08-03,Basic,125.31
5058,Piper Pike,piper.pike5058@example.com,United States,2022-05-01,Basic,172.50
5059,Piper Nash,piper.nash5059@example.com,United States,2026-06-27,Standard,211.87
5060,Ella Cruz,ella.cruz5060@example.com,Japan,2022-09-15,Standard,249.15
5061,Felix Quinn,felix.quinn5061@example.com,Germany,2025-07-30,Standard,577.05
5062,Ethan Gray,ethan.gray5062@example.com,Japan,2025-03-10,Basic,124.99
5063,Zoe Hart,zoe.hart5063@example.com,Australia,2024-10-13,Standard,163.18
5064,Hugo Hart,hugo.hart5064@example.com,France,2022-10-12,Premium,3971.04
5065,Silas Gray,silas.gray5065@example.com,Netherlands,2025-07-21,Standard,510.97
5066,Jonah Nash,jonah.nash5066@example.com,France,2024-07-22,Basic,16.10
5067,Iris Blair,iris.blair5067@example.com,United States,2025-08-14,Standard,657.25
5068,Arlo West,arlo.west5068@example.com,United Kingdom,2024-10-07,Standard,218.84
5069,Ruby Snow,ruby.snow5069@example.com,Germany,2022-09-08,Standard,239.72
5070,Asher Moss,asher.moss5070@example.com,United Kingdom,2026-01-08,Premium,4754.08
5071,Noah Lane,noah.lane5071@example.com,Germany,2026-07-03,Basic,7.55
5072,Iris Zane,iris.zane5072@example.com,Australia,2024-11-22,Standard,573.54
5073,Ava Snow,ava.snow5073@example.com,United Kingdom,2022-02-28,Standard,277.41
5074,Silas Zane,silas.zane5074@example.com,United States,2024-05-07,Basic,117.51
5075,Nico Frost,nico.frost5075@example.com,United States,2026-07-06,Basic,130.78
5076,Iris Finn,iris.finn5076@example.com,United States,2025-04-01,Basic,7.63
5077,Ruby West,ruby.west5077@example.com,Germany,2026-02-01,Premium,3564.06
5078,Lila Lane,lila.lane5078@example.com,Spain,2023-06-16,Standard,317.69
5079,Noah Walsh,noah.walsh5079@example.com,United Kingdom,2023-12-27,Basic,141.36
5080,Silas Nash,silas.nash5080@example.com,France,2024-12-23,Standard,716.70
5081,Arlo Bell,arlo.bell5081@example.com,Brazil,2023-12-13,Standard,607.80
5082,Iris Zane,iris.zane5082@example.com,Australia,2023-05-02,Basic,24.27
5083,Ivy Pike,ivy.pike5083@example.com,United States,2025-08-18,Basic,41.93
5084,Jade Zane,jade.zane5084@example.com,France,2022-06-30,Standard,178.04
5085,Silas Lang,silas.lang5085@example.com,France,2022-01-19,Basic,91.56
5086,Jonah Tate,jonah.tate5086@example.com,Australia,2024-07-04,Standard,154.38
5087,Mila Dunn,mila.dunn5087@example.com,United States,2022-02-04,Standard,321.73
5088,Nora Walsh,nora.walsh5088@example.com,India,2024-12-03,Basic,192.30
5089,Silas Park,silas.park5089@example.com,United States,2022-12-12,Standard,796.50
5090,Caleb Frost,caleb.frost5090@example.com,India,2022-09-07,Premium,1861.13
5091,Chloe Snow,chloe.snow5091@example.com,United States,2024-01-11,Standard,355.86
5092,Caleb Vale,caleb.vale5092@example.com,United States,2024-01-05,Standard,171.86
5093,Hugo Shaw,hugo.shaw5093@example.com,Australia,2026-08-07,Standard,789.76
5094,Nora Lang,nora.lang5094@example.com,Australia,2024-03-17,Standard,696.74
5095,Ava Snow,ava.snow5095@example.com,Brazil,2026-04-04,Standard,727.73
5096,Ella Tate,ella.tate5096@example.com,India,2024-04-27,Standard,484.80
5097,Ella Kerr,ella.kerr5097@example.com,France,2022-12-08,Basic,120.44
5098,Mila Hale,mila.hale5098@example.com,Germany,2023-01-16,Basic,52.05
5099,Lila Young,lila.young5099@example.com,Germany,2022-01-04,Standard,195.20
5100,Lila Blair,lila.blair5100@example.com,United Kingdom,2022-03-27,Standard,622.50
5101,Jade Bell,jade.bell5101@example.com,Canada,2026-01-29,Standard,440.62
5102,Felix Tate,felix.tate5102@example.com,Netherlands,2025-08-01,Standard,699.08
5103,Lila Hart,lila.hart5103@example.com,Canada,2023-10-26,Standard,773.07
5104,Owen York,owen.york5104@example.com,India,2025-03-22,Basic,106.64
5105,Wren Dunn,wren.dunn5105@example.com,United States,2023-04-19,Standard,518.46
5106,Piper Blair,piper.blair5106@example.com,Germany,2023-12-07,Premium,4084.44
5107,Silas Kerr,silas.kerr5107@example.com,Australia,2024-10-27,Standard,690.34
5108,Ruby Cruz,ruby.cruz5108@example.com,Spain,2022-06-28,Basic,21.09
5109,Iris Gray,iris.gray5109@example.com,Germany,2025-11-01,Standard,255.11
5110,Miles Vale,miles.vale5110@example.com,United States,2026-03-13,Standard,204.42
5111,Silas Finn,silas.finn5111@example.com,Canada,2023-11-17,Standard,343.62
5112,Ruby Finn,ruby.finn5112@example.com,India,2022-05-28,Standard,519.48
5113,Mila Gray,mila.gray5113@example.com,Brazil,2025-06-06,Standard,578.61
5114,Chloe Bell,chloe.bell5114@example.com,United States,2026-01-19,Standard,60.40
5115,Arlo Snow,arlo.snow5115@example.com,Spain,2023-12-20,Premium,4360.84
5116,Lila Tate,lila.tate5116@example.com,Japan,2024-03-22,Standard,301.22
5117,Wren Brooks,wren.brooks5117@example.com,India,2025-03-24,Premium,2992.46
5118,Piper Gray,piper.gray5118@example.com,Netherlands,2022-10-24,Standard,215.48
5119,Lila Drew,lila.drew5119@example.com,Japan,2023-03-17,Basic,100.04
5120,Mila Hale,mila.hale5120@example.com,Germany,2024-04-20,Standard,775.21
5121,Noah Dunn,noah.dunn5121@example.com,India,2024-06-11,Standard,114.63
5122,Mia Snow,mia.snow5122@example.com,Germany,2022-03-10,Standard,409.91
5123,Ava Snow,ava.snow5123@example.com,Netherlands,2025-02-07,Standard,56.56
5124,Mia Tate,mia.tate5124@example.com,Brazil,2024-06-17,Basic,79.30
5125,Leo Snow,leo.snow5125@example.com,Canada,2026-03-10,Basic,159.24
5126,Liam Zane,liam.zane5126@example.com,United States,2024-05-03,Standard,70.67
5127,Leo Cole,leo.cole5127@example.com,Brazil,2022-03-25,Standard,623.33
5128,Jonah West,jonah.west5128@example.com,India,2024-04-05,Standard,230.59
5129,Jonah Nash,jonah.nash5129@example.com,United Kingdom,2023-02-27,Premium,2571.39
5130,Arlo Kerr,arlo.kerr5130@example.com,United Kingdom,2025-03-20,Basic,20.63
5131,Liam Finn,liam.finn5131@example.com,India,2026-08-09,Basic,114.36
5132,Miles Vale,miles.vale5132@example.com,Netherlands,2022-11-11,Basic,164.26
5133,Leo Lang,leo.lang5133@example.com,Mexico,2024-01-02,Premium,2182.87
5134,Hugo Young,hugo.young5134@example.com,Australia,2025-09-06,Basic,71.27
5135,Theo Cole,theo.cole5135@example.com,India,2024-07-18,Basic,111.47
5136,Nico Lane,nico.lane5136@example.com,United States,2022-11-22,Standard,556.30
5137,Ethan Shaw,ethan.shaw5137@example.com,Spain,2024-01-30,Standard,571.22
5138,Jonah Gray,jonah.gray5138@example.com,United Kingdom,2024-03-20,Standard,53.31
5139,Chloe Cruz,chloe.cruz5139@example.com,Japan,2026-08-30,Standard,679.79
5140,Wren Lane,wren.lane5140@example.com,India,2025-02-26,Premium,4154.11
5141,Sadie Walsh,sadie.walsh5141@example.com,United States,2024-09-16,Standard,541.05
5142,Leo Quinn,leo.quinn5142@example.com,India,2023-07-22,Standard,441.82
5143,Liam Snow,liam.snow5143@example.com,India,2023-11-26,Standard,320.01
5144,Felix Walsh,felix.walsh5144@example.com,United States,2025-01-13,Standard,283.10
5145,Lila Park,lila.park5145@example.com,United States,2026-05-18,Basic,110.21
5146,Felix Dunn,felix.dunn5146@example.com,Canada,2024-06-08,Standard,509.41
5147,Ella Park,ella.park5147@example.com,Brazil,2024-09-12,Standard,74.56
5148,Leo Lane,leo.lane5148@example.com,Australia,2025-08-21,Standard,325.57
5149,Piper Tate,piper.tate5149@example.com,Mexico,2024-06-03,Standard,753.91
5150,Jonah Hale,jonah.hale5150@example.com,United Kingdom,2024-04-20,Standard,788.82
5151,Ethan Nash,ethan.nash5151@example.com,Japan,2023-06-29,Basic,17.61
5152,Jonah Pike,jonah.pike5152@example.com,India,2023-09-04,Basic,36.88
5153,Leo Blair,leo.blair5153@example.com,Germany,2022-09-13,Standard,116.78
5154,Felix Brooks,felix.brooks5154@example.com,Spain,2025-08-10,Premium,1822.57
5155,Chloe Vale,chloe.vale5155@example.com,India,2025-06-12,Basic,86.12
5156,Owen Hale,owen.hale5156@example.com,Brazil,2023-06-22,Premium,4139.78
5157,Theo York,theo.york5157@example.com,United Kingdom,2024-01-19,Standard,663.80
5158,Lila Lane,lila.lane5158@example.com,United States,2023-12-03,Standard,404.37
5159,Piper Lang,piper.lang5159@example.com,United Kingdom,2024-03-16,Standard,749.88
5160,Nora Young,nora.young5160@example.com,Germany,2025-06-22,Standard,461.66
5161,Zoe Cole,zoe.cole5161@example.com,Germany,2024-02-03,Basic,114.53
5162,Theo Hart,theo.hart5162@example.com,India,2025-04-07,Basic,112.72
5163,Jonah Lang,jonah.lang5163@example.com,Japan,2024-01-12,Standard,707.43
5164,Liam Gray,liam.gray5164@example.com,United States,2026-06-01,Standard,745.86
5165,Mila Zane,mila.zane5165@example.com,Australia,2026-05-10,Standard,303.51
5166,Miles Reed,miles.reed5166@example.com,India,2025-09-03,Standard,445.77
5167,Chloe Hart,chloe.hart5167@example.com,Germany,2023-05-31,Standard,574.87
5168,Silas Dunn,silas.dunn5168@example.com,Canada,2026-01-07,Basic,31.46
5169,Ruby Lang,ruby.lang5169@example.com,Australia,2024-09-28,Basic,80.46
5170,Caleb Walsh,caleb.walsh5170@example.com,India,2025-03-17,Standard,495.70
5171,Noah Bell,noah.bell5171@example.com,Germany,2023-08-04,Basic,122.17
5172,Iris Park,iris.park5172@example.com,United States,2022-02-22,Standard,300.29
5173,Asher Tate,asher.tate5173@example.com,United States,2024-07-31,Standard,506.04
5174,Asher Hale,asher.hale5174@example.com,Japan,2026-04-02,Premium,1049.76
5175,Chloe Lang,chloe.lang5175@example.com,Canada,2025-03-19,Premium,4644.90
5176,Piper Drew,piper.drew5176@example.com,Germany,2024-06-04,Standard,283.43
5177,Lila Lane,lila.lane5177@example.com,United States,2025-12-12,Standard,254.59
5178,Liam Lang,liam.lang5178@example.com,France,2026-05-18,Basic,77.44
5179,Felix Cruz,felix.cruz5179@example.com,Netherlands,2024-05-18,Basic,145.87
5180,Ella Hale,ella.hale5180@example.com,Mexico,2026-06-08,Standard,611.56
5181,Jonah Cole,jonah.cole5181@example.com,India,2023-12-31,Standard,740.99
5182,Asher Shaw,asher.shaw5182@example.com,United States,2022-09-20,Premium,1196.46
5183,Theo Cruz,theo.cruz5183@example.com,India,2023-03-14,Standard,352.09
5184,Silas Moss,silas.moss5184@example.com,India,2025-06-07,Basic,2.39
5185,Mia Drew,mia.drew5185@example.com,France,2023-09-27,Standard,266.22
5186,Jonah Gray,jonah.gray5186@example.com,Australia,2024-06-04,Standard,581.08
5187,Nico Hale,nico.hale5187@example.com,United Kingdom,2025-12-29,Basic,186.04
5188,Miles Vale,miles.vale5188@example.com,Brazil,2025-11-23,Basic,87.82
5189,Lila Hart,lila.hart5189@example.com,India,2025-09-29,Standard,64.42
5190,Felix Brooks,felix.brooks5190@example.com,India,2023-04-13,Basic,119.34
5191,Mila Gray,mila.gray5191@example.com,United Kingdom,2026-07-25,Standard,251.02
5192,Ella Tate,ella.tate5192@example.com,United States,2023-12-03,Premium,1451.45
5193,Felix Shaw,felix.shaw5193@example.com,India,2026-07-17,Standard,396.57
5194,Iris Park,iris.park5194@example.com,United States,2024-11-03,Basic,171.40
5195,Ella Shaw,ella.shaw5195@example.com,United States,2026-07-18,Basic,41.37
5196,Felix Nash,felix.nash5196@example.com,Japan,2022-12-07,Basic,24.75
5197,Ruby Gray,ruby.gray5197@example.com,United Kingdom,2022-11-22,Basic,123.73
5198,Mia Zane,mia.zane5198@example.com,Germany,2025-08-07,Premium,3365.51
5199,Sadie Snow,sadie.snow5199@example.com,Japan,2026-07-17,Basic,100.31
5200,Ella Park,ella.park5200@example.com,Canada,2023-06-25,Basic,89.40
5201,Ella Zane,ella.zane5201@example.com,United States,2024-02-07,Standard,465.53
5202,Ruby Frost,ruby.frost5202@example.com,United States,2022-07-19,Basic,174.43
5203,Felix West,felix.west5203@example.com,India,2022-06-24,Basic,70.06
5204,Ella Zane,ella.zane5204@example.com,Germany,2022-02-07,Standard,493.19
5205,Zoe Brooks,zoe.brooks5205@example.com,Japan,2025-08-10,Standard,757.62
5206,Liam Kerr,liam.kerr5206@example.com,Canada,2026-01-19,Standard,612.08
5207,Lila Frost,lila.frost5207@example.com,Germany,2023-07-27,Basic,162.74
5208,Mia Drew,mia.drew5208@example.com,United States,2022-02-27,Standard,147.64
5209,Ruby Hale,ruby.hale5209@example.com,United States,2023-10-25,Standard,399.91
5210,Noah Young,noah.young5210@example.com,United States,2022-12-13,Premium,3340.08
5211,Ivy Zane,ivy.zane5211@example.com,United States,2024-11-06,Standard,681.35
5212,Jade Park,jade.park5212@example.com,United Kingdom,2024-09-15,Standard,110.56
5213,Hugo Dunn,hugo.dunn5213@example.com,Canada,2025-09-23,Premium,3033.19
5214,Miles Walsh,miles.walsh5214@example.com,United States,2024-08-10,Basic,123.60
5215,Zoe Lang,zoe.lang5215@example.com,United States,2024-05-12,Standard,682.78
5216,Iris Tate,iris.tate5216@example.com,Canada,2022-07-12,Premium,3116.13
5217,Zoe Brooks,zoe.brooks5217@example.com,Germany,2024-11-23,Standard,567.40
5218,Theo Brooks,theo.brooks5218@example.com,United States,2024-03-09,Basic,188.18
5219,Owen Brooks,owen.brooks5219@example.com,Japan,2022-11-28,Standard,557.40
5220,Nico Frost,nico.frost5220@example.com,Japan,2023-06-10,Basic,140.70
5221,Chloe Frost,chloe.frost5221@example.com,Australia,2024-04-01,Premium,694.01
5222,Nora Kerr,nora.kerr5222@example.com,India,2025-06-01,Basic,6.69
5223,Ella Snow,ella.snow5223@example.com,Japan,2025-03-11,Basic,10.87
5224,Sadie Lang,sadie.lang5224@example.com,Germany,2022-02-01,Basic,75.19
5225,Caleb Nash,caleb.nash5225@example.com,Australia,2022-08-23,Standard,640.64
5226,Felix Brooks,felix.brooks5226@example.com,United States,2024-02-05,Standard,782.23
5227,Sadie Walsh,sadie.walsh5227@example.com,Mexico,2022-10-19,Standard,562.83
5228,Chloe Hart,chloe.hart5228@example.com,United States,2023-11-12,Standard,373.22
5229,Mia Finn,mia.finn5229@example.com,Netherlands,2026-02-01,Standard,231.59
5230,Mila West,mila.west5230@example.com,United States,2026-06-18,Standard,54.51
5231,Zoe Reed,zoe.reed5231@example.com,France,2026-03-30,Premium,631.51
5232,Theo Kerr,theo.kerr5232@example.com,United Kingdom,2023-07-20,Standard,724.23
5233,Ava Nash,ava.nash5233@example.com,Netherlands,2023-04-20,Basic,65.20
5234,Mila Moss,mila.moss5234@example.com,India,2026-08-22,Standard,440.65
5235,Ivy Hale,ivy.hale5235@example.com,Australia,2022-01-09,Basic,133.77
5236,Leo Vale,leo.vale5236@example.com,Japan,2022-06-22,Standard,679.16
5237,Caleb Lane,caleb.lane5237@example.com,United Kingdom,2023-03-22,Basic,113.10
5238,Liam Hart,liam.hart5238@example.com,India,2023-09-16,Basic,15.42
5239,Arlo Snow,arlo.snow5239@example.com,United States,2025-01-17,Basic,80.13
5240,Ivy Quinn,ivy.quinn5240@example.com,United Kingdom,2025-07-24,Standard,682.01
5241,Sadie Dunn,sadie.dunn5241@example.com,United States,2026-07-13,Premium,4476.02
5242,Nico Finn,nico.finn5242@example.com,Germany,2024-10-06,Standard,156.75
5243,Nico York,nico.york5243@example.com,United States,2023-12-09,Basic,134.61
5244,Lila Vale,lila.vale5244@example.com,Brazil,2023-09-14,Basic,24.15
5245,Zoe Drew,zoe.drew5245@example.com,India,2022-01-10,Basic,108.12
5246,Mia Pike,mia.pike5246@example.com,Japan,2026-04-08,Standard,777.81
5247,Sadie Lane,sadie.lane5247@example.com,Canada,2025-02-18,Standard,389.30
5248,Liam Park,liam.park5248@example.com,India,2024-04-06,Standard,649.66
5249,Chloe West,chloe.west5249@example.com,Brazil,2022-01-20,Basic,127.06
5250,Ruby Cole,ruby.cole5250@example.com,Spain,2025-09-05,Standard,646.43
5251,Felix Gray,felix.gray5251@example.com,United States,2022-06-13,Basic,154.80
5252,Mila Cole,mila.cole5252@example.com,United States,2023-06-26,Premium,3541.62
5253,Silas Shaw,silas.shaw5253@example.com,India,2024-07-13,Basic,109.22
5254,Arlo Park,arlo.park5254@example.com,Brazil,2023-06-25,Basic,111.50
5255,Liam Park,liam.park5255@example.com,France,2024-12-28,Premium,726.43
5256,Sadie Frost,sadie.frost5256@example.com,Mexico,2026-01-25,Basic,71.17
5257,Wren Walsh,wren.walsh5257@example.com,Mexico,2024-03-03,Standard,75.60
5258,Nico Lane,nico.lane5258@example.com,United States,2022-04-16,Basic,149.09
5259,Asher Park,asher.park5259@example.com,Brazil,2024-01-08,Basic,189.96
5260,Iris Young,iris.young5260@example.com,Germany,2026-08-31,Standard,203.83
5261,Liam Walsh,liam.walsh5261@example.com,Spain,2025-03-25,Premium,2978.08
5262,Ella Frost,ella.frost5262@example.com,United Kingdom,2025-10-11,Basic,115.04
5263,Miles Lane,miles.lane5263@example.com,Germany,2026-06-07,Standard,647.57
5264,Zoe Reed,zoe.reed5264@example.com,France,2023-08-30,Standard,714.41
5265,Nora Drew,nora.drew5265@example.com,India,2026-04-02,Basic,66.59
5266,Sadie Hart,sadie.hart5266@example.com,United States,2025-11-04,Standard,548.36
5267,Lila West,lila.west5267@example.com,Canada,2024-06-07,Standard,546.70
5268,Hugo Dunn,hugo.dunn5268@example.com,United States,2025-08-24,Basic,133.60
5269,Mia Blair,mia.blair5269@example.com,Netherlands,2026-05-21,Standard,768.09
5270,Jonah Brooks,jonah.brooks5270@example.com,Brazil,2024-06-21,Standard,647.97
5271,Chloe Finn,chloe.finn5271@example.com,United States,2025-09-01,Standard,318.85
5272,Sadie Dunn,sadie.dunn5272@example.com,Canada,2024-02-10,Basic,73.01
5273,Jonah Vale,jonah.vale5273@example.com,Brazil,2026-07-13,Standard,632.01
5274,Mia Hale,mia.hale5274@example.com,United States,2024-06-15,Basic,78.10
5275,Leo Walsh,leo.walsh5275@example.com,France,2022-12-20,Standard,295.67
5276,Felix Snow,felix.snow5276@example.com,Germany,2025-08-30,Premium,1380.41
5277,Caleb Blair,caleb.blair5277@example.com,United States,2026-05-09,Standard,367.00
5278,Noah Snow,noah.snow5278@example.com,Australia,2023-04-16,Standard,380.60
5279,Ruby Pike,ruby.pike5279@example.com,Canada,2025-12-21,Premium,644.33
5280,Wren West,wren.west5280@example.com,United Kingdom,2023-06-14,Basic,74.24
5281,Felix Zane,felix.zane5281@example.com,Australia,2025-09-02,Premium,1184.27
5282,Ivy Lane,ivy.lane5282@example.com,Brazil,2023-10-24,Standard,234.25
5283,Asher Frost,asher.frost5283@example.com,Germany,2023-05-12,Premium,3029.13
5284,Iris Tate,iris.tate5284@example.com,India,2023-06-27,Premium,1830.68
5285,Lila Young,lila.young5285@example.com,United Kingdom,2024-12-24,Basic,156.91
5286,Mila Lane,mila.lane5286@example.com,United States,2025-03-31,Standard,731.94
5287,Silas Hart,silas.hart5287@example.com,United Kingdom,2023-09-29,Standard,237.65
5288,Lila Snow,lila.snow5288@example.com,United States,2024-06-28,Premium,2650.61
5289,Mila Frost,mila.frost5289@example.com,United Kingdom,2026-06-28,Basic,9.78
5290,Jonah Cruz,jonah.cruz5290@example.com,Spain,2025-02-01,Basic,173.68
5291,Piper Vale,piper.vale5291@example.com,United States,2023-01-05,Standard,105.10
5292,Owen Lang,owen.lang5292@example.com,United States,2022-09-08,Standard,376.50
5293,Jade Quinn,jade.quinn5293@example.com,United States,2022-07-10,Basic,106.83
5294,Theo Pike,theo.pike5294@example.com,Netherlands,2025-04-27,Basic,188.96
5295,Felix Nash,felix.nash5295@example.com,Germany,2024-12-10,Standard,684.43
5296,Ethan Zane,ethan.zane5296@example.com,Germany,2026-08-20,Basic,24.99
5297,Ruby Snow,ruby.snow5297@example.com,United Kingdom,2024-01-12,Standard,585.68
5298,Ethan Dunn,ethan.dunn5298@example.com,Germany,2025-09-27,Basic,189.21
5299,Ella Frost,ella.frost5299@example.com,Canada,2023-04-26,Standard,305.19
5300,Mila Reed,mila.reed5300@example.com,Germany,2024-08-22,Standard,55.88
5301,Ava Lane,ava.lane5301@example.com,United States,2024-12-15,Premium,3056.78
5302,Caleb Lane,caleb.lane5302@example.com,United States,2022-02-13,Basic,48.21
5303,Felix Reed,felix.reed5303@example.com,Australia,2022-01-08,Basic,26.95
5304,Hugo Young,hugo.young5304@example.com,United Kingdom,2023-07-11,Standard,137.58
5305,Ella Drew,ella.drew5305@example.com,Australia,2025-09-10,Standard,139.32
5306,Noah West,noah.west5306@example.com,Canada,2022-09-27,Basic,152.85
5307,Nora Gray,nora.gray5307@example.com,India,2023-12-30,Basic,56.07
5308,Ella Hale,ella.hale5308@example.com,Canada,2023-07-19,Basic,55.97
5309,Wren Brooks,wren.brooks5309@example.com,India,2022-04-24,Standard,680.82
5310,Theo Zane,theo.zane5310@example.com,United Kingdom,2025-01-16,Basic,61.81
5311,Ivy Hart,ivy.hart5311@example.com,United Kingdom,2024-10-07,Standard,235.80
5312,Jade Cole,jade.cole5312@example.com,United States,2024-12-31,Basic,3.42
5313,Miles Brooks,miles.brooks5313@example.com,Brazil,2023-11-19,Basic,145.95
5314,Asher Nash,asher.nash5314@example.com,Canada,2022-06-04,Standard,401.13
5315,Hugo Hale,hugo.hale5315@example.com,Germany,2022-07-24,Standard,653.32
5316,Ava Walsh,ava.walsh5316@example.com,India,2025-03-04,Standard,616.60
5317,Jonah Finn,jonah.finn5317@example.com,Mexico,2025-10-02,Basic,43.33
5318,Ava Finn,ava.finn5318@example.com,United States,2022-09-25,Standard,110.58
5319,Liam West,liam.west5319@example.com,France,2026-01-16,Standard,512.46
5320,Zoe Cole,zoe.cole5320@example.com,United States,2025-03-03,Standard,639.77
5321,Wren Hart,wren.hart5321@example.com,France,2023-02-09,Basic,156.17
5322,Sadie Lane,sadie.lane5322@example.com,France,2022-07-31,Standard,500.45
5323,Theo Gray,theo.gray5323@example.com,Netherlands,2026-07-19,Basic,40.92
5324,Mia Shaw,mia.shaw5324@example.com,Japan,2025-08-15,Basic,145.36
5325,Mia Frost,mia.frost5325@example.com,Mexico,2026-06-01,Standard,661.64
5326,Nora Tate,nora.tate5326@example.com,United Kingdom,2022-08-15,Basic,101.50
5327,Arlo Reed,arlo.reed5327@example.com,Japan,2026-08-21,Standard,362.24
5328,Sadie Shaw,sadie.shaw5328@example.com,United States,2025-05-16,Standard,154.50
5329,Lila Zane,lila.zane5329@example.com,India,2022-12-31,Standard,443.71
5330,Piper Dunn,piper.dunn5330@example.com,Spain,2024-08-20,Basic,147.30
5331,Owen Park,owen.park5331@example.com,Canada,2026-06-05,Basic,151.08
5332,Jonah Reed,jonah.reed5332@example.com,United States,2023-01-27,Basic,100.17
5333,Ivy Gray,ivy.gray5333@example.com,Brazil,2025-06-29,Basic,151.53
5334,Lila York,lila.york5334@example.com,Mexico,2024-02-10,Standard,524.35
5335,Jonah Walsh,jonah.walsh5335@example.com,Canada,2025-12-27,Standard,452.89
5336,Owen Young,owen.young5336@example.com,India,2022-03-30,Standard,255.37
5337,Asher Zane,asher.zane5337@example.com,India,2023-04-09,Standard,404.17
5338,Arlo Cruz,arlo.cruz5338@example.com,Australia,2022-09-14,Standard,434.05
5339,Jonah Dunn,jonah.dunn5339@example.com,Spain,2025-07-07,Basic,10.01
5340,Hugo Brooks,hugo.brooks5340@example.com,United States,2022-05-15,Standard,599.12
5341,Iris Moss,iris.moss5341@example.com,Germany,2022-09-19,Standard,427.46
5342,Jade Reed,jade.reed5342@example.com,India,2025-11-22,Standard,231.43
5343,Zoe Moss,zoe.moss5343@example.com,United States,2022-03-09,Standard,339.43
5344,Miles Snow,miles.snow5344@example.com,United States,2026-09-22,Standard,160.79
5345,Iris Drew,iris.drew5345@example.com,Australia,2022-05-01,Basic,32.85
5346,Felix Lane,felix.lane5346@example.com,United States,2025-12-26,Standard,198.96
5347,Mila Vale,mila.vale5347@example.com,United States,2023-09-29,Standard,136.28
5348,Ruby York,ruby.york5348@example.com,United Kingdom,2025-03-16,Basic,4.17
5349,Jade Hart,jade.hart5349@example.com,Germany,2022-09-15,Standard,341.99
5350,Ivy Lane,ivy.lane5350@example.com,Mexico,2023-07-13,Standard,637.69
5351,Silas Frost,silas.frost5351@example.com,France,2025-07-29,Standard,367.66
5352,Wren Snow,wren.snow5352@example.com,Australia,2023-10-24,Basic,136.72
5353,Felix Shaw,felix.shaw5353@example.com,Germany,2024-09-03,Basic,27.00
5354,Leo Cole,leo.cole5354@example.com,United States,2022-12-12,Basic,54.44
5355,Miles Park,miles.park5355@example.com,India,2024-08-10,Basic,77.42
5356,Ella Lane,ella.lane5356@example.com,India,2022-10-21,Premium,3672.53
5357,Sadie Hart,sadie.hart5357@example.com,India,2025-07-26,Standard,122.87
5358,Miles Frost,miles.frost5358@example.com,Canada,2025-08-13,Basic,102.15
5359,Caleb Nash,caleb.nash5359@example.com,Germany,2026-02-19,Standard,475.83
5360,Nora Drew,nora.drew5360@example.com,United States,2023-08-05,Basic,57.68
5361,Piper Cole,piper.cole5361@example.com,Australia,2025-05-11,Standard,238.23
5362,Hugo Kerr,hugo.kerr5362@example.com,India,2024-06-26,Basic,119.17
5363,Silas West,silas.west5363@example.com,France,2025-06-27,Standard,307.49
5364,Caleb Cole,caleb.cole5364@example.com,Canada,2022-02-09,Basic,90.82
5365,Nora West,nora.west5365@example.com,India,2025-04-23,Standard,290.15
5366,Silas Kerr,silas.kerr5366@example.com,Germany,2025-02-16,Standard,341.54
5367,Nora Vale,nora.vale5367@example.com,Japan,2026-08-19,Standard,719.70
5368,Liam Young,liam.young5368@example.com,United States,2024-09-12,Standard,354.66
5369,Ruby Lane,ruby.lane5369@example.com,Brazil,2025-10-23,Standard,322.88
5370,Noah Reed,noah.reed5370@example.com,Canada,2022-07-27,Basic,58.56
5371,Zoe Frost,zoe.frost5371@example.com,Netherlands,2022-02-14,Basic,186.79
5372,Theo Moss,theo.moss5372@example.com,Japan,2022-11-19,Standard,122.04
5373,Owen Cole,owen.cole5373@example.com,United Kingdom,2022-05-29,Standard,573.97
5374,Noah Nash,noah.nash5374@example.com,United States,2022-07-16,Standard,87.14
5375,Jonah Kerr,jonah.kerr5375@example.com,Spain,2023-10-27,Premium,3301.38
5376,Nico York,nico.york5376@example.com,France,2023-07-01,Premium,3824.24
5377,Iris Brooks,iris.brooks5377@example.com,United States,2025-08-19,Standard,442.10
5378,Nora Pike,nora.pike5378@example.com,United States,2025-06-25,Standard,254.82
5379,Leo Tate,leo.tate5379@example.com,United States,2023-10-19,Standard,354.83
5380,Lila Snow,lila.snow5380@example.com,Spain,2026-04-28,Basic,169.36
5381,Mia Dunn,mia.dunn5381@example.com,United States,2026-02-09,Premium,2310.15
5382,Jade Hart,jade.hart5382@example.com,India,2026-02-02,Standard,456.40
5383,Asher Drew,asher.drew5383@example.com,Mexico,2025-06-16,Basic,154.15
5384,Liam Lane,liam.lane5384@example.com,Brazil,2023-10-06,Basic,117.29
5385,Jonah Walsh,jonah.walsh5385@example.com,Canada,2026-06-22,Basic,75.56
5386,Ethan Bell,ethan.bell5386@example.com,United States,2023-07-23,Standard,586.84
5387,Owen Hart,owen.hart5387@example.com,Canada,2026-03-06,Basic,134.51
5388,Zoe West,zoe.west5388@example.com,India,2025-01-03,Basic,119.49
5389,Jade Kerr,jade.kerr5389@example.com,United Kingdom,2022-01-19,Standard,51.01
5390,Chloe Shaw,chloe.shaw5390@example.com,United Kingdom,2023-08-16,Basic,50.41
5391,Noah Lane,noah.lane5391@example.com,Australia,2024-10-22,Standard,519.89
5392,Felix Gray,felix.gray5392@example.com,Canada,2022-06-08,Standard,451.17
5393,Ivy Hale,ivy.hale5393@example.com,Spain,2022-02-19,Standard,712.15
5394,Noah Lang,noah.lang5394@example.com,United States,2022-04-01,Basic,25.77
5395,Arlo Frost,arlo.frost5395@example.com,Canada,2022-07-16,Basic,16.40
5396,Hugo Blair,hugo.blair5396@example.com,Germany,2024-11-17,Standard,737.40
5397,Lila Cruz,lila.cruz5397@example.com,France,2022-03-20,Premium,1973.49
5398,Silas Young,silas.young5398@example.com,United States,2023-05-13,Standard,777.26
5399,Lila Walsh,lila.walsh5399@example.com,Germany,2025-12-20,Standard,752.09
5400,Hugo Moss,hugo.moss5400@example.com,Japan,2023-12-25,Premium,2704.44
5401,Arlo Finn,arlo.finn5401@example.com,United Kingdom,2022-03-14,Premium,3964.69
5402,Sadie Pike,sadie.pike5402@example.com,Canada,2025-02-14,Standard,752.94
5403,Mila Reed,mila.reed5403@example.com,United States,2022-03-12,Standard,65.76
5404,Jonah Nash,jonah.nash5404@example.com,United States,2022-01-04,Basic,181.52
5405,Liam Hale,liam.hale5405@example.com,Brazil,2024-07-05,Basic,50.57
5406,Piper Blair,piper.blair5406@example.com,United Kingdom,2023-08-03,Standard,73.25
5407,Chloe Bell,chloe.bell5407@example.com,India,2026-05-19,Standard,87.72
5408,Theo Cole,theo.cole5408@example.com,Canada,2024-06-27,Premium,3228.54
5409,Mila Finn,mila.finn5409@example.com,Mexico,2024-01-31,Standard,185.31
5410,Piper Drew,piper.drew5410@example.com,United Kingdom,2025-01-28,Standard,317.93
5411,Miles Vale,miles.vale5411@example.com,United States,2024-09-11,Basic,86.32
5412,Sadie Brooks,sadie.brooks5412@example.com,United Kingdom,2024-11-20,Basic,136.92
5413,Chloe Moss,chloe.moss5413@example.com,France,2026-04-12,Premium,3076.47
5414,Jade Walsh,jade.walsh5414@example.com,United Kingdom,2024-06-01,Premium,738.20
5415,Leo Hale,leo.hale5415@example.com,United Kingdom,2024-04-03,Standard,321.61
5416,Caleb Cole,caleb.cole5416@example.com,United States,2022-04-10,Basic,143.81
5417,Ivy Dunn,ivy.dunn5417@example.com,United States,2022-03-08,Basic,44.13
5418,Leo Bell,leo.bell5418@example.com,United Kingdom,2023-11-10,Basic,70.09
5419,Owen Park,owen.park5419@example.com,Germany,2026-06-16,Standard,367.13
5420,Ava Hale,ava.hale5420@example.com,United Kingdom,2025-11-09,Standard,780.34
5421,Jonah Walsh,jonah.walsh5421@example.com,United States,2024-05-01,Standard,191.20
5422,Leo Frost,leo.frost5422@example.com,India,2022-01-26,Standard,185.65
5423,Zoe Drew,zoe.drew5423@example.com,United States,2024-02-07,Basic,95.05
5424,Nora Lane,nora.lane5424@example.com,United States,2023-12-02,Premium,2050.77
5425,Sadie Brooks,sadie.brooks5425@example.com,India,2022-03-16,Standard,788.70
5426,Sadie Zane,sadie.zane5426@example.com,United States,2024-10-12,Standard,576.20
5427,Piper Vale,piper.vale5427@example.com,Germany,2022-10-04,Standard,456.13
5428,Ella Walsh,ella.walsh5428@example.com,United States,2026-06-23,Standard,419.75
5429,Owen Bell,owen.bell5429@example.com,India,2022-02-26,Standard,89.20
5430,Sadie Quinn,sadie.quinn5430@example.com,United Kingdom,2025-06-13,Standard,452.67
5431,Asher Zane,asher.zane5431@example.com,United States,2025-11-17,Standard,414.35
5432,Liam Vale,liam.vale5432@example.com,France,2025-08-11,Basic,135.25
5433,Nora Drew,nora.drew5433@example.com,Canada,2024-11-14,Standard,700.81
5434,Iris Blair,iris.blair5434@example.com,Germany,2026-06-24,Standard,544.91
5435,Ethan Nash,ethan.nash5435@example.com,Canada,2023-11-02,Standard,579.81
5436,Noah Hart,noah.hart5436@example.com,United States,2022-09-23,Standard,344.19
5437,Jade Frost,jade.frost5437@example.com,Canada,2024-08-16,Premium,2867.72
5438,Nico West,nico.west5438@example.com,United States,2024-01-07,Basic,25.82
5439,Felix Moss,felix.moss5439@example.com,India,2026-08-19,Standard,393.92
5440,Liam Zane,liam.zane5440@example.com,Australia,2026-05-01,Standard,714.32
5441,Jade Zane,jade.zane5441@example.com,United States,2024-04-04,Premium,2761.55
5442,Noah Kerr,noah.kerr5442@example.com,United States,2023-01-04,Standard,335.09
5443,Sadie Nash,sadie.nash5443@example.com,France,2026-04-29,Standard,410.98
5444,Jonah Gray,jonah.gray5444@example.com,France,2024-02-21,Standard,303.88
5445,Miles Quinn,miles.quinn5445@example.com,Germany,2025-06-06,Standard,473.30
5446,Wren Cruz,wren.cruz5446@example.com,Brazil,2023-08-01,Basic,99.20
5447,Caleb Nash,caleb.nash5447@example.com,United States,2023-06-16,Premium,4138.97
5448,Theo Nash,,France,2024-03-15,Standard,300.86
5449,Hugo Quinn,hugo.quinn5449@example.com,Germany,2024-08-04,Standard,150.67
5450,Caleb Moss,caleb.moss5450@example.com,Spain,2022-08-14,Premium,3294.52
5451,Noah Kerr,noah.kerr5451@example.com,India,2025-07-16,Standard,209.62
5452,Arlo Drew,arlo.drew5452@example.com,France,2023-05-25,Basic,188.00
5453,Miles Hart,miles.hart5453@example.com,United States,2024-07-19,Standard,171.26
5454,Nico Bell,nico.bell5454@example.com,India,2026-08-29,Standard,183.60
5455,Wren Dunn,wren.dunn5455@example.com,Australia,2026-02-11,Basic,103.32
5456,Nico Pike,nico.pike5456@example.com,India,2022-10-20,Basic,99.54
5457,Hugo York,hugo.york5457@example.com,France,2026-05-11,Standard,327.11
5458,Caleb Quinn,caleb.quinn5458@example.com,United States,2022-06-10,Basic,92.04
5459,Mia Blair,mia.blair5459@example.com,Germany,2022-08-16,Basic,184.27
5460,Piper Walsh,piper.walsh5460@example.com,Spain,2023-12-02,Standard,162.62
5461,Iris Kerr,iris.kerr5461@example.com,United Kingdom,2022-08-26,Standard,633.18
5462,Nico Dunn,nico.dunn5462@example.com,United Kingdom,2024-07-11,Basic,12.63
5463,Lila Moss,lila.moss5463@example.com,France,2023-07-17,Standard,112.60
5464,Silas Young,silas.young5464@example.com,United States,2025-09-14,Standard,709.72
5465,Chloe Bell,chloe.bell5465@example.com,United States,2022-08-03,Standard,394.29
5466,Silas Snow,silas.snow5466@example.com,Netherlands,2023-07-11,Standard,462.48
5467,Jonah Nash,jonah.nash5467@example.com,United States,2023-11-03,Basic,154.79
5468,Asher Drew,asher.drew5468@example.com,Canada,2023-07-03,Basic,8.95
5469,Owen Blair,owen.blair5469@example.com,Netherlands,2023-06-28,Basic,84.63
5470,Asher Gray,asher.gray5470@example.com,Netherlands,2024-12-11,Standard,639.53
5471,Ava Finn,ava.finn5471@example.com,United States,2022-08-07,Basic,74.95
5472,Ella Lang,ella.lang5472@example.com,Australia,2022-07-02,Basic,60.89
5473,Wren Gray,wren.gray5473@example.com,United Kingdom,2022-01-09,Standard,555.03
5474,Ava Cole,ava.cole5474@example.com,India,2024-07-12,Standard,509.52
5475,Owen Quinn,owen.quinn5475@example.com,France,2023-12-14,Basic,160.20
5476,Arlo Pike,arlo.pike5476@example.com,India,2022-03-16,Standard,156.44
5477,Ava Cruz,ava.cruz5477@example.com,Australia,2023-08-28,Standard,583.46
5478,Silas Walsh,silas.walsh5478@example.com,United States,2022-03-18,Standard,559.21
5479,Arlo Frost,arlo.frost5479@example.com,United Kingdom,2023-08-19,Premium,3231.82
5480,Ella Vale,ella.vale5480@example.com,Brazil,2024-02-15,Standard,730.03
5481,Sadie Drew,sadie.drew5481@example.com,Germany,2024-08-15,Standard,65.88
5482,Jade Gray,jade.gray5482@example.com,Japan,2022-02-21,Standard,120.19
5483,Arlo Young,arlo.young5483@example.com,Germany,2026-03-24,Standard,144.13
5484,Chloe York,chloe.york5484@example.com,India,2023-03-31,Basic,157.44
5485,Nora Dunn,nora.dunn5485@example.com,France,2026-07-15,Basic,66.18
5486,Wren Zane,wren.zane5486@example.com,Germany,2022-08-15,Premium,887.36
5487,Chloe Walsh,chloe.walsh5487@example.com,India,2022-04-17,Standard,97.85
5488,Ruby Finn,ruby.finn5488@example.com,Netherlands,2023-07-03,Premium,2002.68
5489,Caleb Quinn,caleb.quinn5489@example.com,Japan,2023-11-16,Basic,193.95
5490,Miles Vale,miles.vale5490@example.com,United States,2025-09-25,Standard,730.24
5491,Caleb Hale,caleb.hale5491@example.com,Canada,2025-12-07,Standard,498.84
5492,Leo Reed,leo.reed5492@example.com,Mexico,2024-09-10,Standard,84.75
5493,Wren Blair,wren.blair5493@example.com,United Kingdom,2022-01-03,Basic,18.15
5494,Caleb Finn,caleb.finn5494@example.com,France,2023-01-04,Basic,126.06
5495,Piper Pike,piper.pike5495@example.com,United States,2024-03-01,Basic,36.59
5496,Hugo Finn,hugo.finn5496@example.com,Japan,2023-04-28,Standard,186.00
5497,Chloe Blair,chloe.blair5497@example.com,Brazil,2026-04-13,Basic,140.10
5498,Iris Zane,iris.zane5498@example.com,Germany,2026-01-09,Standard,249.53
5499,Arlo Zane,arlo.zane5499@example.com,India,2025-02-21,Standard,507.43
5500,Nico Bell,nico.bell5500@example.com,United Kingdom,2025-09-16,Standard,369.29
5501,Wren Finn,wren.finn5501@example.com,Germany,2026-07-22,Standard,558.58
5502,Theo Vale,theo.vale5502@example.com,United States,2022-06-10,Basic,79.11
5503,Ruby Dunn,ruby.dunn5503@example.com,United States,2026-04-16,Standard,681.24
5504,Arlo Finn,arlo.finn5504@example.com,Netherlands,2024-05-31,Standard,57.68
5505,Leo Moss,leo.moss5505@example.com,United States,2023-04-14,Standard,468.68
5506,Chloe Finn,chloe.finn5506@example.com,Brazil,2022-09-06,Standard,559.32
5507,Zoe Lane,zoe.lane5507@example.com,India,2025-04-18,Premium,3421.81
5508,Asher Blair,asher.blair5508@example.com,United Kingdom,2023-06-23,Basic,128.82
5509,Caleb Pike,caleb.pike5509@example.com,France,2025-11-22,Standard,637.01
5510,Ava Walsh,ava.walsh5510@example.com,Australia,2025-07-10,Basic,107.36
5511,Leo York,leo.york5511@example.com,Brazil,2025-05-12,Premium,4260.96
5512,Owen Drew,owen.drew5512@example.com,Germany,2022-07-22,Basic,177.27
5513,Ella Pike,ella.pike5513@example.com,France,2022-11-06,Basic,118.65
5514,Nora Nash,nora.nash5514@example.com,Brazil,2022-04-23,Standard,481.57
5515,Ava Finn,ava.finn5515@example.com,Canada,2022-04-20,Basic,2.32
5516,Noah Hale,noah.hale5516@example.com,Spain,2026-08-05,Premium,1082.41
5517,Felix Park,felix.park5517@example.com,United States,2023-11-01,Basic,138.97
5518,Mia Shaw,mia.shaw5518@example.com,France,2023-01-30,Premium,3445.70
5519,Ruby Snow,ruby.snow5519@example.com,India,2025-06-30,Standard,724.06
5520,Mia Nash,mia.nash5520@example.com,Brazil,2022-01-03,Basic,15.36
5521,Felix Lang,felix.lang5521@example.com,United States,2026-04-14,Standard,303.25
5522,Lila West,lila.west5522@example.com,Mexico,2026-09-08,Standard,117.15
5523,Mila Hale,mila.hale5523@example.com,Brazil,2025-12-22,Basic,183.72
5524,Nico Pike,nico.pike5524@example.com,United States,2023-03-23,Standard,146.43
5525,Noah Drew,noah.drew5525@example.com,Germany,2024-10-08,Basic,152.76
5526,Piper Cole,piper.cole5526@example.com,Canada,2024-01-14,Standard,465.51
5527,Hugo Shaw,hugo.shaw5527@example.com,United States,2022-05-28,Premium,4548.02
5528,Lila Cruz,lila.cruz5528@example.com,United States,2024-04-21,Standard,329.60
5529,Mila Quinn,mila.quinn5529@example.com,Mexico,2026-08-11,Standard,426.73
5530,Liam York,liam.york5530@example.com,Australia,2025-07-08,Standard,342.74
5531,Wren Hart,wren.hart5531@example.com,Canada,2026-04-15,Standard,202.52
5532,Iris Gray,iris.gray5532@example.com,United States,2024-11-03,Standard,298.08
5533,Nora Zane,nora.zane5533@example.com,France,2024-04-27,Standard,656.13
5534,Miles Drew,miles.drew5534@example.com,United States,2023-04-07,Premium,4597.58
5535,Sadie Hale,sadie.hale5535@example.com,France,2023-04-13,Premium,3952.90
5536,Ethan Lane,ethan.lane5536@example.com,Brazil,2022-11-02,Standard,577.32
5537,Silas Vale,silas.vale5537@example.com,United States,2025-05-18,Basic,78.77
5538,Chloe Dunn,chloe.dunn5538@example.com,Japan,2025-03-08,Standard,470.58
5539,Nico West,nico.west5539@example.com,United States,2023-01-14,Standard,593.25
5540,Mila Drew,mila.drew5540@example.com,India,2023-07-25,Standard,375.46
5541,Silas Zane,silas.zane5541@example.com,Canada,2025-12-11,Basic,177.64
5542,Miles Bell,miles.bell5542@example.com,Mexico,2022-08-26,Premium,889.99
5543,Caleb Snow,caleb.snow5543@example.com,United States,2024-05-22,Basic,84.37
5544,Ava Finn,ava.finn5544@example.com,United States,2025-02-24,Basic,163.73
5545,Jonah Quinn,jonah.quinn5545@example.com,United Kingdom,2023-12-14,Basic,194.58
5546,Felix Hale,felix.hale5546@example.com,United States,2025-08-04,Basic,127.35
5547,Iris Young,iris.young5547@example.com,Germany,2024-09-07,Standard,118.32
5548,Ethan Zane,ethan.zane5548@example.com,United States,2022-11-08,Standard,70.72
5549,Iris Lang,iris.lang5549@example.com,Canada,2023-04-28,Standard,663.36
5550,Ethan Walsh,ethan.walsh5550@example.com,Brazil,2024-03-23,Standard,568.08
5551,Hugo Hart,hugo.hart5551@example.com,United States,2024-11-07,Standard,439.22
5552,Mia Cruz,mia.cruz5552@example.com,United States,2023-10-17,Basic,112.95
5553,Felix Finn,felix.finn5553@example.com,Spain,2024-08-17,Standard,348.02
5554,Hugo Vale,hugo.vale5554@example.com,Japan,2023-02-05,Basic,197.14
5555,Wren Moss,wren.moss5555@example.com,Brazil,2023-10-09,Basic,113.46
5556,Mia Dunn,mia.dunn5556@example.com,Japan,2023-06-06,Basic,147.92
5557,Ruby Hale,ruby.hale5557@example.com,United States,2025-10-15,Premium,1635.45
5558,Ella Zane,ella.zane5558@example.com,United States,2024-12-16,Standard,607.96
5559,Zoe Moss,zoe.moss5559@example.com,Australia,2024-06-01,Standard,186.41
5560,Liam Reed,liam.reed5560@example.com,France,2026-02-04,Standard,260.19
5561,Ivy Blair,ivy.blair5561@example.com,United States,2022-03-29,Premium,2395.26
5562,Ella Cole,ella.cole5562@example.com,Spain,2025-12-03,Premium,1266.26
5563,Sadie Reed,sadie.reed5563@example.com,Mexico,2025-02-18,Standard,232.60
5564,Lila Vale,lila.vale5564@example.com,Netherlands,2022-12-17,Standard,195.00
5565,Noah Young,noah.young5565@example.com,India,2024-12-10,Standard,315.71
5566,Mia Reed,mia.reed5566@example.com,United States,2024-05-24,Standard,512.87
5567,Mila Zane,mila.zane5567@example.com,United Kingdom,2023-01-12,Standard,53.49
5568,Jonah Nash,jonah.nash5568@example.com,Australia,2022-02-16,Premium,3385.75
5569,Caleb Nash,caleb.nash5569@example.com,United States,2025-10-11,Standard,140.90
5570,Miles Hale,miles.hale5570@example.com,Germany,2025-11-30,Basic,140.86
5571,Mila Young,mila.young5571@example.com,Canada,2022-05-16,Standard,255.79
5572,Asher Lang,asher.lang5572@example.com,United Kingdom,2022-07-07,Basic,6.38
5573,Ava Moss,ava.moss5573@example.com,United States,2022-08-24,Basic,99.47
5574,Iris Cruz,iris.cruz5574@example.com,India,2022-09-21,Basic,140.66
5575,Jade Reed,jade.reed5575@example.com,United States,2023-03-06,Standard,598.32
5576,Ava Vale,ava.vale5576@example.com,United States,2022-03-20,Standard,251.24
5577,Hugo Gray,hugo.gray5577@example.com,United States,2023-01-25,Standard,406.14
5578,Felix Nash,felix.nash5578@example.com,Australia,2023-02-09,Basic,149.71
5579,Nora Snow,nora.snow5579@example.com,United States,2024-06-09,Standard,235.52
5580,Nico Cruz,nico.cruz5580@example.com,France,2024-05-01,Premium,4219.63
5581,Ella Cole,ella.cole5581@example.com,Japan,2026-05-26,Standard,608.72
5582,Asher Pike,asher.pike5582@example.com,Germany,2025-10-16,Basic,100.12
5583,Ava Cole,ava.cole5583@example.com,United States,2024-02-05,Standard,414.96
5584,Arlo Drew,arlo.drew5584@example.com,United States,2022-07-23,Premium,2785.34
5585,Ella Drew,ella.drew5585@example.com,United States,2025-11-05,Standard,766.43
5586,Caleb Frost,caleb.frost5586@example.com,United Kingdom,2022-02-26,Basic,32.71
5587,Nora Lang,nora.lang5587@example.com,Germany,2023-09-06,Basic,46.76
5588,Sadie Shaw,sadie.shaw5588@example.com,United States,2022-01-08,Basic,192.13
5589,Zoe Frost,zoe.frost5589@example.com,United Kingdom,2023-10-13,Premium,4789.28
5590,Ava Gray,ava.gray5590@example.com,Japan,2025-06-14,Standard,594.86
5591,Liam Lang,liam.lang5591@example.com,United States,2023-11-07,Basic,53.22
5592,Iris Lane,iris.lane5592@example.com,India,2025-11-27,Standard,263.18
5593,Zoe Hale,zoe.hale5593@example.com,France,2022-04-09,Basic,106.29
5594,Lila Tate,lila.tate5594@example.com,Mexico,2025-08-19,Standard,633.34
5595,Piper Frost,piper.frost5595@example.com,Netherlands,2026-02-24,Standard,125.05
5596,Iris West,iris.west5596@example.com,Germany,2024-04-08,Basic,57.13
5597,Nora Lang,nora.lang5597@example.com,United States,2024-01-16,Basic,15.31
5598,Mila Walsh,mila.walsh5598@example.com,Netherlands,2026-05-09,Premium,1334.44
5599,Wren Lane,wren.lane5599@example.com,India,2023-01-07,Standard,656.87
5600,Chloe Kerr,chloe.kerr5600@example.com,Germany,2024-04-03,Standard,102.92
5601,Owen Quinn,owen.quinn5601@example.com,United States,2025-04-18,Basic,6.12
5602,Owen Hart,owen.hart5602@example.com,Spain,2026-07-02,Standard,749.46
5603,Jade Snow,jade.snow5603@example.com,India,2025-04-29,Standard,667.20
5604,Liam Tate,liam.tate5604@example.com,United States,2023-09-26,Standard,222.02
5605,Ethan Finn,ethan.finn5605@example.com,United States,2025-12-09,Basic,107.63
5606,Iris Park,iris.park5606@example.com,India,2025-05-06,Standard,287.30
5607,Noah Lane,noah.lane5607@example.com,United Kingdom,2024-04-13,Basic,145.14
5608,Nora Vale,nora.vale5608@example.com,France,2022-06-30,Standard,190.21
5609,Felix Blair,felix.blair5609@example.com,Mexico,2026-06-22,Basic,179.65
5610,Owen Hart,owen.hart5610@example.com,India,2024-08-15,Basic,134.89
5611,Zoe Vale,zoe.vale5611@example.com,United Kingdom,2025-10-30,Basic,34.10
5612,Mia Pike,mia.pike5612@example.com,France,2024-01-01,Premium,3281.90
5613,Sadie Vale,sadie.vale5613@example.com,United States,2026-03-30,Basic,35.72
5614,Jade Moss,jade.moss5614@example.com,Spain,2023-01-07,Basic,38.10
5615,Mila Blair,mila.blair5615@example.com,India,2026-09-28,Standard,542.77
5616,Noah Hart,noah.hart5616@example.com,United States,2024-07-28,Basic,141.76
5617,Felix Lang,felix.lang5617@example.com,India,2025-07-25,Premium,3529.16
5618,Jade Bell,jade.bell5618@example.com,India,2022-01-15,Standard,699.91
5619,Ruby Pike,ruby.pike5619@example.com,India,2026-03-12,Basic,80.74
5620,Hugo Tate,hugo.tate5620@example.com,India,2024-09-08,Standard,215.99
5621,Chloe Walsh,chloe.walsh5621@example.com,Netherlands,2025-11-26,Standard,566.35
5622,Arlo Brooks,arlo.brooks5622@example.com,Brazil,2023-03-28,Basic,69.22
5623,Lila Hale,lila.hale5623@example.com,France,2024-11-29,Standard,512.37
5624,Jade Tate,jade.tate5624@example.com,United Kingdom,2025-08-09,Standard,785.07
5625,Nico Finn,nico.finn5625@example.com,Germany,2022-08-03,Standard,765.78
5626,Mila Park,mila.park5626@example.com,United States,2025-03-24,Standard,662.64
5627,Ella Kerr,ella.kerr5627@example.com,India,2025-03-10,Standard,61.21
5628,Piper Hart,piper.hart5628@example.com,Germany,2023-08-06,Standard,439.53
5629,Silas Drew,silas.drew5629@example.com,India,2025-08-08,Standard,381.15
5630,Nico Snow,nico.snow5630@example.com,United States,2022-03-30,Standard,642.31
5631,Ella Dunn,ella.dunn5631@example.com,United States,2024-05-22,Basic,44.38
5632,Ella Gray,ella.gray5632@example.com,United Kingdom,2025-09-01,Basic,76.10
5633,Caleb Park,caleb.park5633@example.com,United Kingdom,2025-03-09,Standard,193.03
5634,Iris Pike,iris.pike5634@example.com,Japan,2023-06-15,Premium,1808.02
5635,Nora Dunn,nora.dunn5635@example.com,Germany,2025-06-05,Basic,168.99
5636,Nora Gray,nora.gray5636@example.com,Brazil,2026-02-26,Standard,121.02
5637,Chloe Snow,chloe.snow5637@example.com,India,2024-05-28,Standard,526.93
5638,Lila West,lila.west5638@example.com,Germany,2023-04-02,Standard,701.26
5639,Nora Shaw,nora.shaw5639@example.com,Japan,2022-05-28,Basic,123.99
5640,Jonah Bell,jonah.bell5640@example.com,Japan,2023-09-20,Standard,101.04
5641,Jonah Tate,jonah.tate5641@example.com,United States,2024-06-25,Basic,32.06
5642,Silas Hale,silas.hale5642@example.com,Germany,2024-03-05,Basic,30.77
5643,Jade Zane,jade.zane5643@example.com,Brazil,2023-10-10,Basic,8.36
5644,Piper Gray,piper.gray5644@example.com,Germany,2023-03-23,Premium,2533.73
5645,Sadie Reed,sadie.reed5645@example.com,United States,2025-12-28,Standard,706.73
5646,Nora Frost,nora.frost5646@example.com,Netherlands,2024-04-17,Premium,3549.48
5647,Sadie Finn,sadie.finn5647@example.com,Spain,2026-09-27,Standard,106.64
5648,Hugo Reed,hugo.reed5648@example.com,India,2022-10-11,Standard,564.57
5649,Nora Blair,nora.blair5649@example.com,United States,2025-11-23,Standard,483.86
5650,Silas Walsh,silas.walsh5650@example.com,Canada,2023-06-22,Standard,120.29
5651,Ivy Nash,ivy.nash5651@example.com,United States,2024-09-14,Basic,159.67
5652,Mia Frost,mia.frost5652@example.com,Australia,2022-03-10,Standard,368.53
5653,Iris Moss,iris.moss5653@example.com,United Kingdom,2024-07-13,Standard,104.92
5654,Arlo Nash,arlo.nash5654@example.com,Canada,2024-08-21,Premium,1818.46
5655,Mia Blair,mia.blair5655@example.com,United Kingdom,2026-06-12,Standard,522.45
5656,Sadie Drew,sadie.drew5656@example.com,Japan,2022-08-16,Basic,52.46
5657,Liam Cruz,liam.cruz5657@example.com,Netherlands,2025-05-07,Standard,172.21
5658,Piper Nash,piper.nash5658@example.com,India,2026-05-29,Standard,68.70
5659,Wren Shaw,wren.shaw5659@example.com,Canada,2024-04-09,Standard,185.48
5660,Jade Nash,jade.nash5660@example.com,United States,2025-01-13,Standard,360.45
5661,Piper Kerr,piper.kerr5661@example.com,United Kingdom,2023-08-30,Standard,421.30
5662,Miles Cruz,miles.cruz5662@example.com,United States,2022-01-09,Basic,84.10
5663,Leo Moss,leo.moss5663@example.com,Netherlands,2025-04-04,Standard,486.42
5664,Noah Nash,noah.nash5664@example.com,United States,2023-11-13,Basic,140.47
5665,Ava York,ava.york5665@example.com,India,2025-05-25,Standard,458.43
5666,Arlo Snow,arlo.snow5666@example.com,Australia,2024-09-26,Standard,587.31
5667,Nico Blair,nico.blair5667@example.com,France,2023-06-23,Standard,588.78
5668,Noah Hart,noah.hart5668@example.com,India,2026-08-17,Standard,370.07
5669,Ella Dunn,ella.dunn5669@example.com,Australia,2026-08-06,Standard,236.27
5670,Miles Young,miles.young5670@example.com,United States,2025-11-05,Basic,60.21
5671,Zoe Brooks,zoe.brooks5671@example.com,United Kingdom,2023-11-22,Standard,80.62
5672,Ella Walsh,ella.walsh5672@example.com,France,2024-06-03,Standard,655.85
5673,Ava Zane,ava.zane5673@example.com,Spain,2025-10-20,Basic,35.32
5674,Ethan Brooks,ethan.brooks5674@example.com,France,2023-03-04,Premium,1825.66
5675,Caleb Finn,caleb.finn5675@example.com,Canada,2024-09-01,Premium,1357.68
5676,Arlo Walsh,arlo.walsh5676@example.com,India,2025-02-02,Standard,303.80
5677,Felix Cole,felix.cole5677@example.com,Japan,2025-04-19,Basic,23.77
5678,Hugo Finn,hugo.finn5678@example.com,Netherlands,2026-05-23,Standard,242.29
5679,Liam Hart,liam.hart5679@example.com,United States,2024-09-10,Basic,27.86
5680,Ethan Reed,ethan.reed5680@example.com,United States,2022-04-24,Basic,183.24
5681,Zoe Young,zoe.young5681@example.com,United States,2024-08-06,Standard,632.57
5682,Hugo Drew,hugo.drew5682@example.com,India,2023-10-09,Standard,424.96
5683,Asher Cruz,asher.cruz5683@example.com,India,2025-01-01,Standard,633.14
5684,Silas Reed,silas.reed5684@example.com,Netherlands,2022-05-08,Basic,131.14
5685,Ivy Nash,ivy.nash5685@example.com,Australia,2026-08-29,Standard,83.80
5686,Mia Reed,mia.reed5686@example.com,France,2022-04-19,Standard,431.59
5687,Ruby Shaw,ruby.shaw5687@example.com,United Kingdom,2025-04-02,Basic,106.18
5688,Zoe Lang,zoe.lang5688@example.com,Germany,2022-01-27,Basic,186.07
5689,Miles Tate,miles.tate5689@example.com,United States,2024-05-23,Basic,86.92
5690,Chloe Nash,chloe.nash5690@example.com,United States,2026-07-31,Basic,112.27
5691,Ethan Moss,ethan.moss5691@example.com,Canada,2024-08-11,Standard,378.47
5692,Jonah York,jonah.york5692@example.com,Germany,2022-01-29,Standard,628.70
5693,Ava Snow,ava.snow5693@example.com,France,2024-05-03,Basic,104.22
5694,Jonah Vale,jonah.vale5694@example.com,Brazil,2024-06-07,Standard,163.26
5695,Zoe Young,zoe.young5695@example.com,Germany,2024-07-18,Standard,250.74
5696,Theo Frost,theo.frost5696@example.com,Germany,2026-06-18,Standard,228.69
5697,Lila Snow,lila.snow5697@example.com,Brazil,2025-11-08,Basic,23.33
5698,Iris Gray,iris.gray5698@example.com,United States,2024-06-15,Basic,8.79
5699,Ava Lane,ava.lane5699@example.com,Germany,2025-08-14,Standard,726.26
5700,Miles Brooks,miles.brooks5700@example.com,India,2024-03-25,Standard,761.39
5701,Lila Hart,lila.hart5701@example.com,United States,2025-08-06,Basic,131.53
5702,Ella Frost,ella.frost5702@example.com,Spain,2025-03-28,Basic,120.48
5703,Piper Quinn,piper.quinn5703@example.com,France,2023-01-26,Standard,211.49
5704,Jade Reed,jade.reed5704@example.com,Mexico,2022-10-01,Basic,182.40
5705,Felix Moss,felix.moss5705@example.com,United Kingdom,2025-11-05,Standard,403.96
5706,Mia Tate,mia.tate5706@example.com,United States,2025-03-27,Standard,162.19
5707,Asher Cruz,asher.cruz5707@example.com,France,2024-12-05,Basic,144.17
5708,Ava Zane,ava.zane5708@example.com,Germany,2025-11-18,Basic,168.57
5709,Mila Lang,mila.lang5709@example.com,Germany,2022-07-30,Basic,120.26
5710,Ethan Brooks,ethan.brooks5710@example.com,Australia,2026-01-23,Standard,121.84
5711,Jonah Tate,jonah.tate5711@example.com,United Kingdom,2023-04-06,Standard,606.59
5712,Theo Dunn,theo.dunn5712@example.com,Canada,2024-02-16,Standard,643.77
5713,Iris Nash,iris.nash5713@example.com,United Kingdom,2022-06-20,Standard,120.39
5714,Nora Quinn,nora.quinn5714@example.com,Netherlands,2025-03-14,Premium,502.64
5715,Noah Hale,noah.hale5715@example.com,Japan,2024-10-13,Standard,777.80
5716,Hugo Moss,hugo.moss5716@example.com,United States,2024-02-02,Premium,752.00
5717,Zoe Moss,zoe.moss5717@example.com,France,2022-12-01,Basic,75.24
5718,Iris Hale,iris.hale5718@example.com,United States,2022-01-25,Standard,275.63
5719,Asher Young,asher.young5719@example.com,United Kingdom,2025-07-02,Basic,197.60
5720,Jonah Drew,jonah.drew5720@example.com,India,2025-09-01,Standard,487.46
5721,Piper Cole,piper.cole5721@example.com,Canada,2025-05-03,Basic,147.88
5722,Hugo Frost,hugo.frost5722@example.com,India,2023-12-11,Standard,248.37
5723,Ella Hale,ella.hale5723@example.com,Australia,2026-02-28,Basic,84.51
5724,Felix Gray,felix.gray5724@example.com,United Kingdom,2024-04-08,Standard,422.52
5725,Liam Moss,liam.moss5725@example.com,United States,2023-08-21,Basic,12.89
5726,Silas Snow,silas.snow5726@example.com,United Kingdom,2023-01-20,Basic,78.10
5727,Chloe Zane,chloe.zane5727@example.com,Australia,2023-04-16,Basic,145.53
5728,Silas Shaw,silas.shaw5728@example.com,Canada,2025-03-20,Basic,199.20
5729,Chloe Pike,chloe.pike5729@example.com,India,2024-02-11,Standard,56.28
5730,Wren Bell,wren.bell5730@example.com,Germany,2022-07-01,Standard,650.05
5731,Caleb Finn,caleb.finn5731@example.com,Japan,2024-12-02,Basic,97.73
5732,Asher Lang,asher.lang5732@example.com,Germany,2023-07-18,Standard,407.65
5733,Sadie Finn,sadie.finn5733@example.com,United States,2026-08-06,Premium,4678.38
5734,Nora Bell,nora.bell5734@example.com,United Kingdom,2022-04-03,Standard,515.94
5735,Chloe Drew,chloe.drew5735@example.com,United States,2025-06-18,Standard,781.17
5736,Miles Blair,miles.blair5736@example.com,United Kingdom,2023-05-14,Standard,465.94
5737,Zoe Vale,zoe.vale5737@example.com,United States,2022-08-27,Basic,29.66
5738,Iris Brooks,iris.brooks5738@example.com,Germany,2026-06-28,Basic,23.20
5739,Theo Drew,theo.drew5739@example.com,Canada,2024-11-13,Standard,776.01
5740,Felix Lang,felix.lang5740@example.com,United States,2022-12-06,Standard,150.10
5741,Owen Moss,owen.moss5741@example.com,Canada,2024-10-21,Basic,68.69
5742,Noah Tate,noah.tate5742@example.com,India,2023-02-11,Basic,90.11
5743,Iris Zane,iris.zane5743@example.com,United States,2026-04-05,Basic,13.06
5744,Jade Nash,jade.nash5744@example.com,Brazil,2023-06-27,Standard,252.98
5745,Leo Finn,leo.finn5745@example.com,Germany,2022-10-02,Basic,2.83
5746,Nora West,nora.west5746@example.com,France,2022-12-02,Standard,727.69
5747,Nico Young,nico.young5747@example.com,Netherlands,2025-01-27,Basic,33.41
5748,Iris Finn,iris.finn5748@example.com,United States,2026-04-03,Standard,419.51
5749,Jonah Hale,jonah.hale5749@example.com,India,2023-07-28,Standard,635.70
5750,Caleb Pike,caleb.pike5750@example.com,United States,2023-05-23,Premium,2889.00
5751,Liam York,liam.york5751@example.com,Netherlands,2025-10-29,Basic,155.46
5752,Silas Young,silas.young5752@example.com,United States,2022-06-10,Standard,650.32
5753,Ethan York,ethan.york5753@example.com,United States,2023-07-10,Standard,501.06
5754,Silas Nash,silas.nash5754@example.com,Brazil,2024-05-17,Standard,634.59
5755,Nico Tate,nico.tate5755@example.com,Netherlands,2024-11-27,Standard,646.37
5756,Sadie Cruz,sadie.cruz5756@example.com,Spain,2023-11-09,Standard,434.29
5757,Ruby Lane,ruby.lane5757@example.com,Brazil,2026-04-03,Standard,436.54
5758,Mia Cole,mia.cole5758@example.com,United States,2025-06-04,Standard,228.51
5759,Hugo Zane,hugo.zane5759@example.com,India,2023-03-13,Standard,595.19
5760,Jade Zane,jade.zane5760@example.com,United Kingdom,2025-05-18,Premium,2780.46
5761,Ethan Kerr,ethan.kerr5761@example.com,Australia,2022-05-12,Standard,323.67
5762,Ruby Pike,ruby.pike5762@example.com,Germany,2022-02-25,Basic,36.33
5763,Zoe Tate,zoe.tate5763@example.com,Mexico,2023-08-10,Standard,436.14
5764,Jonah Finn,jonah.finn5764@example.com,India,2025-10-02,Standard,508.06
5765,Miles Walsh,miles.walsh5765@example.com,United States,2024-01-08,Basic,134.21
5766,Theo Snow,theo.snow5766@example.com,India,2025-12-07,Standard,364.56
5767,Nico Young,nico.young5767@example.com,Spain,2024-08-11,Premium,647.96
5768,Felix Shaw,felix.shaw5768@example.com,United States,2022-03-03,Standard,464.28
5769,Owen Walsh,owen.walsh5769@example.com,United States,2022-09-25,Standard,639.18
5770,Piper Zane,piper.zane5770@example.com,United States,2023-03-13,Standard,626.70
5771,Felix Reed,felix.reed5771@example.com,Netherlands,2026-01-05,Basic,161.23
5772,Mia Cruz,mia.cruz5772@example.com,Australia,2023-08-06,Standard,440.92
5773,Chloe West,chloe.west5773@example.com,Canada,2022-05-09,Basic,34.45
5774,Zoe Gray,zoe.gray5774@example.com,France,2022-01-30,Premium,3077.09
5775,Theo West,theo.west5775@example.com,Netherlands,2025-01-10,Standard,112.24
5776,Jade Pike,jade.pike5776@example.com,United Kingdom,2023-09-04,Standard,504.44
5777,Asher West,asher.west5777@example.com,Germany,2024-02-11,Standard,353.62
5778,Leo Shaw,leo.shaw5778@example.com,Japan,2022-06-13,Standard,735.35
5779,Arlo Hart,arlo.hart5779@example.com,Brazil,2025-10-25,Standard,734.52
5780,Ethan Lane,ethan.lane5780@example.com,Netherlands,2025-09-19,Standard,735.91
5781,Iris Cruz,iris.cruz5781@example.com,France,2023-10-10,Standard,407.18
5782,Ella Dunn,ella.dunn5782@example.com,France,2026-04-08,Basic,101.63
5783,Ethan Cruz,ethan.cruz5783@example.com,United States,2025-11-19,Standard,748.10
5784,Caleb Vale,caleb.vale5784@example.com,United Kingdom,2022-04-02,Basic,79.47
5785,Mia Hale,mia.hale5785@example.com,India,2026-07-27,Standard,758.30
5786,Theo West,theo.west5786@example.com,United States,2026-02-11,Basic,54.91
5787,Ivy Lang,ivy.lang5787@example.com,United States,2024-06-04,Standard,550.21
5788,Lila Shaw,lila.shaw5788@example.com,United States,2024-06-25,Basic,157.46
5789,Theo Pike,theo.pike5789@example.com,Spain,2025-12-09,Standard,492.92
5790,Ethan York,ethan.york5790@example.com,Germany,2024-02-15,Standard,88.08
5791,Hugo Cole,hugo.cole5791@example.com,Germany,2024-09-16,Standard,638.29
5792,Theo Cole,theo.cole5792@example.com,Canada,2022-06-13,Basic,2.37
5793,Miles Reed,miles.reed5793@example.com,United States,2023-03-31,Basic,87.14
5794,Piper Gray,piper.gray5794@example.com,Brazil,2026-03-30,Standard,532.71
5795,Jonah Cole,jonah.cole5795@example.com,Canada,2023-01-31,Standard,219.16
5796,Nico Snow,nico.snow5796@example.com,Canada,2025-08-12,Basic,11.97
5797,Noah Drew,noah.drew5797@example.com,United Kingdom,2024-01-01,Standard,665.79
5798,Ivy Brooks,ivy.brooks5798@example.com,India,2023-03-28,Basic,41.47
5799,Ethan Cruz,ethan.cruz5799@example.com,Netherlands,2024-07-06,Standard,79.68
5800,Caleb Kerr,caleb.kerr5800@example.com,United States,2026-04-13,Standard,249.74
5801,Nora Lane,nora.lane5801@example.com,Netherlands,2024-12-03,Standard,342.20
5802,Sadie Snow,sadie.snow5802@example.com,Netherlands,2024-07-27,Standard,100.69
5803,Caleb Walsh,caleb.walsh5803@example.com,Germany,2025-02-16,Premium,3317.71
5804,Nico Quinn,nico.quinn5804@example.com,France,2025-07-29,Standard,424.19
5805,Ella West,ella.west5805@example.com,United States,2024-03-11,Standard,499.93
5806,Ella Finn,ella.finn5806@example.com,Spain,2023-07-25,Premium,3199.55
5807,Felix Zane,felix.zane5807@example.com,India,2024-06-02,Basic,163.66
5808,Hugo Cole,hugo.cole5808@example.com,India,2025-07-01,Standard,142.47
5809,Iris Reed,iris.reed5809@example.com,France,2023-12-23,Standard,750.78
5810,Chloe Zane,chloe.zane5810@example.com,United States,2025-09-12,Basic,138.68
5811,Jade Reed,jade.reed5811@example.com,Australia,2023-10-03,Standard,415.75
5812,Ethan Shaw,ethan.shaw5812@example.com,Germany,2022-02-19,Standard,777.65
5813,Asher Lane,asher.lane5813@example.com,United States,2026-01-11,Standard,111.86
5814,Owen West,owen.west5814@example.com,France,2022-03-01,Basic,38.44
5815,Owen Lang,owen.lang5815@example.com,Germany,2026-04-04,Basic,123.18
5816,Zoe Cruz,zoe.cruz5816@example.com,United Kingdom,2025-01-30,Standard,119.91
5817,Nora Young,nora.young5817@example.com,India,2022-06-05,Basic,12.51
5818,Theo Hale,theo.hale5818@example.com,United States,2026-08-04,Premium,1645.35
5819,Ivy Vale,ivy.vale5819@example.com,Japan,2023-10-30,Standard,579.13
5820,Chloe Hart,chloe.hart5820@example.com,Australia,2024-10-02,Standard,267.18
5821,Lila Park,lila.park5821@example.com,Mexico,2024-02-20,Standard,529.48
5822,Asher Shaw,asher.shaw5822@example.com,United Kingdom,2025-11-28,Basic,190.50
5823,Felix Young,felix.young5823@example.com,Spain,2023-11-29,Standard,794.94
5824,Nora Finn,nora.finn5824@example.com,Mexico,2022-02-22,Standard,499.05
5825,Nora Young,nora.young5825@example.com,India,2024-03-03,Standard,225.64
5826,Sadie Kerr,sadie.kerr5826@example.com,Canada,2023-09-08,Standard,723.63
5827,Leo Young,leo.young5827@example.com,Japan,2022-06-02,Basic,183.22
5828,Owen Finn,owen.finn5828@example.com,United States,2023-10-03,Standard,221.68
5829,Hugo West,hugo.west5829@example.com,United Kingdom,2026-07-15,Basic,20.21
5830,Chloe Young,chloe.young5830@example.com,Germany,2024-10-22,Basic,53.74
5831,Mila Park,mila.park5831@example.com,Australia,2022-07-17,Premium,851.80
5832,Asher Gray,asher.gray5832@example.com,United States,2024-02-06,Basic,161.03
5833,Caleb Kerr,caleb.kerr5833@example.com,United States,2026-07-05,Standard,318.05
5834,Noah Snow,noah.snow5834@example.com,United States,2025-07-15,Basic,126.39
5835,Mila Finn,mila.finn5835@example.com,Germany,2022-02-22,Basic,168.06
5836,Hugo Park,hugo.park5836@example.com,United Kingdom,2022-04-27,Standard,297.13
5837,Wren Lang,wren.lang5837@example.com,Brazil,2022-12-19,Standard,170.01
5838,Silas Reed,silas.reed5838@example.com,United Kingdom,2023-08-09,Basic,3.14
5839,Hugo Kerr,hugo.kerr5839@example.com,United States,2026-05-02,Standard,622.13
5840,Owen Frost,owen.frost5840@example.com,Japan,2022-02-15,Standard,378.35
5841,Mia Reed,mia.reed5841@example.com,United States,2025-02-03,Basic,12.70
5842,Leo Kerr,leo.kerr5842@example.com,United States,2024-09-06,Basic,187.32
5843,Nora Dunn,nora.dunn5843@example.com,India,2023-08-02,Standard,677.11
5844,Asher Zane,asher.zane5844@example.com,United States,2025-09-04,Standard,360.20
5845,Jade Nash,jade.nash5845@example.com,Canada,2022-06-26,Standard,775.73
5846,Jade Finn,jade.finn5846@example.com,Spain,2022-08-22,Premium,1569.26
5847,Silas Frost,silas.frost5847@example.com,India,2023-04-23,Basic,85.84
5848,Silas Bell,silas.bell5848@example.com,Germany,2023-02-18,Basic,70.23
5849,Asher Park,asher.park5849@example.com,Canada,2022-12-27,Basic,151.28
5850,Miles Cruz,miles.cruz5850@example.com,United States,2023-05-05,Standard,430.57
5851,Wren Nash,wren.nash5851@example.com,United States,2022-02-23,Premium,4554.17
5852,Ethan Finn,ethan.finn5852@example.com,India,2023-02-22,Premium,3134.55
5853,Mia Cole,mia.cole5853@example.com,United Kingdom,2023-09-18,Premium,3438.54
5854,Noah Reed,noah.reed5854@example.com,Spain,2022-04-14,Standard,778.83
5855,Theo Gray,theo.gray5855@example.com,United States,2024-02-17,Standard,590.23
5856,Caleb Snow,caleb.snow5856@example.com,United States,2026-08-16,Standard,191.15
5857,Felix Dunn,felix.dunn5857@example.com,United States,2022-11-12,Basic,22.97
5858,Felix Blair,felix.blair5858@example.com,Canada,2025-02-24,Standard,321.18
5859,Liam Vale,liam.vale5859@example.com,United States,2024-06-01,Basic,130.64
5860,Jonah Brooks,jonah.brooks5860@example.com,Mexico,2025-12-28,Basic,22.67
5861,Arlo York,arlo.york5861@example.com,Brazil,2023-03-22,Premium,4121.68
5862,Theo Young,theo.young5862@example.com,Australia,2024-11-02,Standard,678.01
5863,Caleb Brooks,caleb.brooks5863@example.com,Brazil,2022-08-18,Standard,363.49
5864,Hugo Blair,hugo.blair5864@example.com,United States,2023-05-25,Basic,89.27
5865,Silas Drew,silas.drew5865@example.com,Canada,2024-10-06,Standard,150.41
5866,Ruby Young,ruby.young5866@example.com,India,2023-12-08,Standard,126.06
5867,Wren Kerr,wren.kerr5867@example.com,United Kingdom,2025-12-11,Standard,251.19
5868,Leo Kerr,leo.kerr5868@example.com,Canada,2023-04-09,Basic,24.65
5869,Wren Pike,wren.pike5869@example.com,United States,2024-03-18,Basic,8.55
5870,Wren Blair,wren.blair5870@example.com,Spain,2024-10-28,Basic,25.17
5871,Mia Gray,mia.gray5871@example.com,India,2026-04-25,Basic,17.97
5872,Nora Park,nora.park5872@example.com,India,2022-03-05,Basic,61.59
5873,Mila West,mila.west5873@example.com,United Kingdom,2026-04-30,Standard,319.71
5874,Noah Shaw,noah.shaw5874@example.com,Germany,2022-01-28,Standard,502.68
5875,Asher Finn,asher.finn5875@example.com,Netherlands,2024-03-23,Standard,570.63
5876,Felix Finn,felix.finn5876@example.com,India,2026-04-18,Standard,374.82
5877,Ivy Kerr,ivy.kerr5877@example.com,United States,2022-08-10,Standard,467.17
5878,Lila Tate,lila.tate5878@example.com,United States,2024-10-11,Premium,844.46
5879,Ruby Gray,ruby.gray5879@example.com,Canada,2023-05-27,Premium,1457.37
5880,Ivy Frost,ivy.frost5880@example.com,United States,2026-03-22,Standard,582.44
5881,Nora Young,nora.young5881@example.com,Germany,2023-08-08,Standard,760.03
5882,Iris Bell,iris.bell5882@example.com,Australia,2025-08-26,Standard,274.26
5883,Owen Vale,owen.vale5883@example.com,India,2025-03-29,Standard,696.03
5884,Ethan Nash,ethan.nash5884@example.com,Brazil,2025-01-14,Standard,235.30
5885,Felix Moss,felix.moss5885@example.com,United Kingdom,2023-07-16,Standard,516.70
5886,Nora West,nora.west5886@example.com,Australia,2022-08-23,Premium,3520.46
5887,Miles Snow,miles.snow5887@example.com,United States,2023-09-29,Premium,3223.04
5888,Nico Reed,nico.reed5888@example.com,United States,2024-10-12,Basic,177.81
5889,Theo Zane,theo.zane5889@example.com,India,2023-02-05,Standard,569.54
5890,Jade Dunn,jade.dunn5890@example.com,United States,2023-05-08,Basic,174.28
5891,Ava Brooks,ava.brooks5891@example.com,United States,2023-06-07,Standard,625.37
5892,Leo Bell,leo.bell5892@example.com,Canada,2026-06-26,Standard,408.44
5893,Lila Shaw,lila.shaw5893@example.com,Spain,2023-06-29,Basic,32.19
5894,Ella Cole,ella.cole5894@example.com,United States,2022-03-21,Standard,574.71
5895,Owen Walsh,owen.walsh5895@example.com,United Kingdom,2022-12-12,Standard,629.68
5896,Jonah Pike,jonah.pike5896@example.com,United States,2024-11-17,Premium,2082.87
5897,Ava Bell,ava.bell5897@example.com,India,2023-07-06,Premium,1826.77
5898,Silas Quinn,silas.quinn5898@example.com,United States,2022-08-19,Standard,458.42
5899,Iris Blair,iris.blair5899@example.com,Brazil,2022-05-29,Basic,135.68
5900,Theo Pike,theo.pike5900@example.com,United Kingdom,2022-03-05,Premium,1539.36
5901,Jade Pike,jade.pike5901@example.com,Germany,2022-12-07,Premium,2595.41
5902,Hugo Lang,hugo.lang5902@example.com,United Kingdom,2023-11-27,Premium,4218.65
5903,Piper Drew,piper.drew5903@example.com,United Kingdom,2023-06-13,Standard,279.96
5904,Hugo Pike,hugo.pike5904@example.com,United States,2024-11-03,Standard,384.87
5905,Arlo West,arlo.west5905@example.com,Mexico,2023-04-20,Basic,163.78
5906,Chloe Quinn,chloe.quinn5906@example.com,Japan,2023-02-11,Basic,95.04
5907,Jade Snow,jade.snow5907@example.com,Australia,2023-10-07,Basic,92.01
5908,Nora West,nora.west5908@example.com,India,2026-06-02,Standard,605.73
5909,Ava Hart,ava.hart5909@example.com,United States,2022-06-26,Standard,171.52
5910,Asher Shaw,asher.shaw5910@example.com,United States,2024-10-13,Standard,246.39
5911,Owen Bell,owen.bell5911@example.com,France,2023-07-01,Standard,214.76
5912,Iris Walsh,iris.walsh5912@example.com,India,2026-04-18,Basic,145.82
5913,Hugo West,hugo.west5913@example.com,Canada,2024-12-22,Basic,75.94
5914,Theo Moss,theo.moss5914@example.com,Brazil,2025-04-04,Basic,106.44
5915,Wren Hale,wren.hale5915@example.com,United States,2026-06-06,Standard,303.85
5916,Ruby Hart,ruby.hart5916@example.com,France,2022-06-24,Basic,133.16
5917,Felix Zane,felix.zane5917@example.com,United States,2022-08-21,Basic,22.81
5918,Ivy Shaw,ivy.shaw5918@example.com,Japan,2026-03-24,Basic,6.31
5919,Owen Drew,owen.drew5919@example.com,Australia,2025-02-24,Basic,89.13
5920,Ivy West,ivy.west5920@example.com,Germany,2024-08-07,Basic,11.11
5921,Ava Kerr,ava.kerr5921@example.com,Japan,2025-03-14,Standard,483.48
5922,Iris Hale,iris.hale5922@example.com,Brazil,2022-09-12,Standard,449.61
5923,Silas Reed,silas.reed5923@example.com,United Kingdom,2023-08-07,Standard,557.50
5924,Miles Dunn,miles.dunn5924@example.com,United States,2022-06-23,Standard,673.87
5925,Wren Kerr,wren.kerr5925@example.com,United Kingdom,2024-06-10,Basic,42.73
5926,Jonah Lane,jonah.lane5926@example.com,United States,2022-01-25,Standard,197.12
5927,Miles Zane,miles.zane5927@example.com,Mexico,2026-01-11,Basic,21.90
5928,Piper Vale,piper.vale5928@example.com,United Kingdom,2025-04-02,Standard,422.98
5929,Iris Park,iris.park5929@example.com,United States,2023-10-04,Standard,204.06
5930,Wren Shaw,wren.shaw5930@example.com,France,2026-08-14,Basic,53.18
5931,Miles Drew,miles.drew5931@example.com,Germany,2024-09-23,Basic,29.85
5932,Felix Hale,,United States,2024-06-30,Basic,4.18
5933,Chloe Cruz,chloe.cruz5933@example.com,United States,2025-10-30,Basic,93.01
5934,Piper Gray,piper.gray5934@example.com,Canada,2022-06-03,Standard,363.79
5935,Noah West,noah.west5935@example.com,Mexico,2025-03-05,Standard,445.49
5936,Theo Frost,theo.frost5936@example.com,Netherlands,2023-08-14,Premium,1410.84
5937,Piper Kerr,piper.kerr5937@example.com,Japan,2026-06-28,Basic,80.35
5938,Nora Kerr,nora.kerr5938@example.com,United States,2026-07-25,Standard,760.17
5939,Ivy Gray,ivy.gray5939@example.com,United States,2024-12-31,Standard,668.49
5940,Iris Moss,iris.moss5940@example.com,Australia,2025-03-21,Basic,181.79
5941,Liam Hale,liam.hale5941@example.com,Netherlands,2024-04-29,Standard,476.91
5942,Ella Drew,ella.drew5942@example.com,Spain,2024-08-25,Standard,175.64
5943,Wren Quinn,wren.quinn5943@example.com,France,2026-02-01,Standard,134.86
5944,Wren Bell,wren.bell5944@example.com,Spain,2022-03-18,Basic,170.96
5945,Silas Finn,silas.finn5945@example.com,Netherlands,2022-01-05,Standard,689.16
5946,Hugo Dunn,hugo.dunn5946@example.com,Mexico,2022-09-02,Standard,149.70
5947,Caleb Zane,caleb.zane5947@example.com,United States,2025-12-30,Standard,157.11
5948,Liam Dunn,liam.dunn5948@example.com,United States,2026-04-02,Basic,188.92
5949,Chloe Moss,chloe.moss5949@example.com,United States,2026-04-21,Basic,98.95
5950,Nico Zane,nico.zane5950@example.com,Spain,2026-07-24,Standard,726.56
5951,Arlo Cruz,arlo.cruz5951@example.com,India,2025-12-25,Basic,60.53
5952,Owen York,owen.york5952@example.com,Australia,2023-08-22,Basic,183.35
5953,Felix Tate,felix.tate5953@example.com,Germany,2022-01-10,Basic,18.51
5954,Jonah Cruz,jonah.cruz5954@example.com,United States,2022-10-29,Standard,496.47
5955,Owen Reed,owen.reed5955@example.com,United States,2022-06-27,Standard,777.35
5956,Wren Hart,wren.hart5956@example.com,United States,2022-12-06,Standard,582.38
5957,Jonah Dunn,jonah.dunn5957@example.com,United States,2024-04-17,Basic,132.99
5958,Miles Lang,miles.lang5958@example.com,France,2024-01-09,Premium,4269.23
5959,Wren Blair,wren.blair5959@example.com,United States,2025-03-15,Standard,523.17
5960,Chloe Quinn,chloe.quinn5960@example.com,Canada,2026-08-18,Standard,744.16
5961,Zoe Walsh,zoe.walsh5961@example.com,United States,2022-01-29,Basic,61.90
5962,Felix Lang,felix.lang5962@example.com,Japan,2026-03-15,Standard,77.75
5963,Chloe Brooks,chloe.brooks5963@example.com,Germany,2026-05-10,Basic,19.91
5964,Lila Gray,lila.gray5964@example.com,India,2026-01-01,Standard,619.69
5965,Mila Snow,mila.snow5965@example.com,United States,2022-03-16,Basic,163.41
5966,Silas Tate,silas.tate5966@example.com,India,2025-03-14,Basic,168.70
5967,Owen Drew,owen.drew5967@example.com,France,2025-10-09,Standard,620.41
5968,Jonah Lang,jonah.lang5968@example.com,Canada,2024-04-18,Standard,280.68
5969,Asher Shaw,asher.shaw5969@example.com,Brazil,2026-06-24,Standard,425.38
5970,Felix West,felix.west5970@example.com,United Kingdom,2023-10-11,Standard,628.86
5971,Zoe Shaw,zoe.shaw5971@example.com,United Kingdom,2023-07-20,Standard,167.71
5972,Mila Finn,mila.finn5972@example.com,Germany,2024-07-03,Standard,405.79
5973,Jonah York,jonah.york5973@example.com,United States,2026-07-10,Standard,102.89
5974,Ivy Frost,ivy.frost5974@example.com,United States,2022-11-02,Standard,129.96
5975,Ethan Shaw,ethan.shaw5975@example.com,Canada,2023-04-08,Basic,19.11
5976,Ivy Nash,ivy.nash5976@example.com,Canada,2023-06-08,Basic,113.15
5977,Ethan Zane,ethan.zane5977@example.com,Canada,2023-05-10,Standard,63.25
5978,Asher Zane,asher.zane5978@example.com,United States,2024-08-03,Basic,84.51
5979,Mila Park,mila.park5979@example.com,Canada,2023-11-18,Premium,953.72
5980,Miles Bell,miles.bell5980@example.com,Australia,2023-07-11,Standard,659.46
5981,Ella Lang,ella.lang5981@example.com,United States,2023-12-03,Standard,781.35
5982,Ivy York,ivy.york5982@example.com,France,2022-02-20,Basic,20.26
5983,Hugo Snow,hugo.snow5983@example.com,Japan,2023-03-06,Standard,573.55
5984,Hugo Zane,hugo.zane5984@example.com,France,2023-03-04,Basic,63.61
5985,Zoe York,zoe.york5985@example.com,United States,2023-06-13,Standard,219.76
5986,Zoe Cruz,zoe.cruz5986@example.com,India,2022-11-23,Basic,170.27
5987,Owen Vale,owen.vale5987@example.com,India,2026-07-25,Standard,337.19
5988,Jonah Hale,jonah.hale5988@example.com,United Kingdom,2025-04-02,Standard,322.49
5989,Liam Brooks,liam.brooks5989@example.com,United States,2024-08-23,Standard,119.73
5990,Ava Cruz,ava.cruz5990@example.com,United Kingdom,2025-09-03,Basic,68.03
5991,Ruby Zane,ruby.zane5991@example.com,United States,2024-07-01,Basic,3.65
5992,Ruby Blair,ruby.blair5992@example.com,Brazil,2023-02-07,Standard,212.25
5993,Piper Gray,piper.gray5993@example.com,Japan,2023-03-08,Standard,749.10
5994,Ruby Moss,ruby.moss5994@example.com,India,2022-06-18,Standard,217.61
5995,Leo Gray,leo.gray5995@example.com,France,2022-01-26,Standard,403.08
5996,Chloe Cole,chloe.cole5996@example.com,France,2026-06-29,Standard,537.17
5997,Mila Zane,mila.zane5997@example.com,United States,2024-05-12,Basic,187.22
5998,Felix Pike,felix.pike5998@example.com,Brazil,2025-08-29,Standard,556.15
5999,Caleb Moss,caleb.moss5999@example.com,United Kingdom,2023-09-12,Basic,47.21
6000,Liam Moss,liam.moss6000@example.com,India,2026-06-10,Standard,341.57
6001,Chloe Finn,chloe.finn6001@example.com,Canada,2022-03-03,Basic,105.90
6002,Ivy Kerr,ivy.kerr6002@example.com,Japan,2023-02-10,Standard,611.87
6003,Lila Bell,lila.bell6003@example.com,United States,2026-01-26,Standard,224.04
6004,Lila Cruz,lila.cruz6004@example.com,Japan,2022-03-19,Standard,339.60
6005,Asher Vale,asher.vale6005@example.com,France,2025-10-18,Standard,728.79
6006,Nico Blair,nico.blair6006@example.com,United States,2024-02-02,Basic,7.48
6007,Owen Reed,owen.reed6007@example.com,Germany,2026-04-01,Premium,3549.54
6008,Wren Hale,wren.hale6008@example.com,United Kingdom,2024-01-14,Standard,155.77
6009,Felix Hale,felix.hale6009@example.com,United States,2022-01-24,Basic,129.80
6010,Miles Shaw,miles.shaw6010@example.com,India,2024-12-09,Basic,132.64
6011,Piper Hale,piper.hale6011@example.com,Canada,2024-07-26,Basic,73.12
6012,Caleb York,caleb.york6012@example.com,United States,2023-09-02,Standard,794.80
6013,Sadie Hale,sadie.hale6013@example.com,United States,2025-02-19,Standard,519.72
6014,Hugo Finn,hugo.finn6014@example.com,India,2023-04-19,Premium,3266.86
6015,Nora Reed,nora.reed6015@example.com,Brazil,2024-02-20,Standard,271.37
6016,Zoe Walsh,zoe.walsh6016@example.com,France,2024-03-31,Standard,367.21
6017,Arlo Hale,arlo.hale6017@example.com,United States,2025-10-17,Standard,593.46
6018,Owen Finn,owen.finn6018@example.com,Australia,2025-05-06,Standard,428.83
6019,Ava Blair,ava.blair6019@example.com,United Kingdom,2026-06-02,Standard,424.86
6020,Miles Moss,miles.moss6020@example.com,Australia,2024-01-24,Standard,310.02
6021,Mia York,mia.york6021@example.com,Germany,2022-03-06,Premium,780.88
6022,Zoe Lang,zoe.lang6022@example.com,United States,2022-10-27,Basic,153.26
6023,Ivy Pike,ivy.pike6023@example.com,United States,2026-03-02,Basic,54.96
6024,Leo Lang,leo.lang6024@example.com,Japan,2023-02-24,Standard,293.64
6025,Ethan Lang,ethan.lang6025@example.com,Netherlands,2024-07-14,Standard,401.14
6026,Sadie Blair,sadie.blair6026@example.com,United States,2025-09-29,Standard,563.06
6027,Ava Snow,ava.snow6027@example.com,United States,2025-05-20,Premium,554.40
6028,Caleb Cruz,caleb.cruz6028@example.com,Canada,2026-01-29,Standard,80.02
6029,Hugo Vale,hugo.vale6029@example.com,Brazil,2022-11-12,Standard,591.78
6030,Caleb Frost,caleb.frost6030@example.com,Canada,2026-04-24,Basic,182.72
6031,Jade Dunn,jade.dunn6031@example.com,United States,2024-08-18,Standard,723.83
6032,Leo Finn,leo.finn6032@example.com,Netherlands,2022-07-07,Standard,684.83
6033,Miles Snow,miles.snow6033@example.com,Japan,2025-10-05,Premium,621.68
6034,Asher Blair,asher.blair6034@example.com,Netherlands,2023-08-23,Standard,529.39
6035,Piper Cruz,piper.cruz6035@example.com,United Kingdom,2026-03-19,Premium,3073.42
6036,Wren Cole,wren.cole6036@example.com,Canada,2025-03-22,Basic,98.35
6037,Ruby Zane,ruby.zane6037@example.com,United States,2023-04-24,Standard,757.21
6038,Chloe Park,chloe.park6038@example.com,United States,2026-04-28,Standard,476.74
6039,Zoe Bell,zoe.bell6039@example.com,United States,2023-11-11,Basic,127.46
6040,Miles Moss,miles.moss6040@example.com,United States,2023-01-27,Basic,144.99
6041,Theo Snow,theo.snow6041@example.com,India,2024-06-25,Basic,29.67
6042,Sadie Bell,sadie.bell6042@example.com,Germany,2023-04-30,Basic,145.83
6043,Ruby Cole,ruby.cole6043@example.com,United Kingdom,2025-05-26,Basic,132.14
6044,Lila Lane,lila.lane6044@example.com,Germany,2024-03-20,Standard,256.75
6045,Hugo Lane,hugo.lane6045@example.com,United States,2024-11-13,Premium,3491.84
6046,Piper Dunn,piper.dunn6046@example.com,Canada,2024-03-16,Basic,199.31
6047,Piper Reed,piper.reed6047@example.com,United States,2026-05-06,Standard,354.34
6048,Leo Drew,leo.drew6048@example.com,France,2022-12-29,Standard,196.92
6049,Ethan Tate,ethan.tate6049@example.com,United Kingdom,2022-03-07,Premium,4812.50
6050,Owen Bell,owen.bell6050@example.com,United States,2025-01-23,Standard,108.99
6051,Ivy Lane,ivy.lane6051@example.com,Canada,2023-08-19,Basic,125.09
6052,Miles Hart,miles.hart6052@example.com,France,2022-05-01,Basic,69.44
6053,Jonah Pike,jonah.pike6053@example.com,United States,2024-05-31,Standard,210.59
6054,Felix Lang,felix.lang6054@example.com,Canada,2023-01-17,Basic,58.13
6055,Liam Snow,liam.snow6055@example.com,Mexico,2023-05-02,Standard,580.92
6056,Iris Lane,iris.lane6056@example.com,France,2024-04-17,Basic,164.72
6057,Iris Zane,iris.zane6057@example.com,Australia,2025-08-01,Basic,14.55
6058,Noah Snow,noah.snow6058@example.com,United States,2024-12-03,Basic,197.32
6059,Owen Blair,owen.blair6059@example.com,United States,2025-01-18,Standard,595.23
6060,Iris Kerr,iris.kerr6060@example.com,United States,2026-07-27,Basic,73.21
6061,Lila Lane,lila.lane6061@example.com,United States,2022-02-23,Standard,269.34
6062,Sadie Lane,sadie.lane6062@example.com,Germany,2026-06-06,Basic,169.95
6063,Ava Walsh,ava.walsh6063@example.com,Brazil,2022-05-21,Basic,60.41
6064,Nico Frost,nico.frost6064@example.com,Brazil,2022-07-13,Basic,177.59
6065,Mia Zane,mia.zane6065@example.com,United States,2026-03-12,Standard,168.77
6066,Asher Frost,asher.frost6066@example.com,India,2022-08-26,Standard,298.63
6067,Arlo Pike,arlo.pike6067@example.com,India,2022-03-16,Standard,516.93
6068,Nora Walsh,nora.walsh6068@example.com,India,2026-02-23,Standard,341.78
6069,Wren Zane,wren.zane6069@example.com,Germany,2022-06-16,Standard,707.54
6070,Miles Snow,miles.snow6070@example.com,United States,2022-01-16,Basic,175.72
6071,Ava Gray,ava.gray6071@example.com,Spain,2025-05-08,Standard,317.39
6072,Iris Reed,iris.reed6072@example.com,Spain,2025-02-17,Basic,119.81
6073,Ava York,ava.york6073@example.com,India,2025-05-14,Basic,138.46
6074,Mia Nash,mia.nash6074@example.com,United States,2026-07-23,Basic,46.03
6075,Mia Park,mia.park6075@example.com,France,2022-12-01,Standard,226.64
6076,Noah Dunn,noah.dunn6076@example.com,Brazil,2026-07-14,Basic,86.89
6077,Noah Hale,noah.hale6077@example.com,Mexico,2023-03-13,Premium,3006.09
6078,Nico Hale,nico.hale6078@example.com,Netherlands,2024-10-12,Premium,2404.29
6079,Lila Cruz,lila.cruz6079@example.com,United States,2024-07-08,Standard,384.08
6080,Theo Hart,theo.hart6080@example.com,United States,2025-11-15,Standard,287.65
6081,Jade Shaw,jade.shaw6081@example.com,India,2026-01-16,Basic,10.75
6082,Piper Cole,piper.cole6082@example.com,Mexico,2025-04-27,Basic,121.43
6083,Mia Shaw,mia.shaw6083@example.com,India,2022-12-11,Standard,194.39
6084,Liam Cruz,liam.cruz6084@example.com,Japan,2022-05-10,Standard,760.46
6085,Mia Young,mia.young6085@example.com,India,2025-09-30,Standard,351.49
6086,Nico Hale,nico.hale6086@example.com,France,2023-03-30,Standard,306.46
6087,Noah Reed,noah.reed6087@example.com,France,2026-03-07,Standard,715.80
6088,Mila York,mila.york6088@example.com,Netherlands,2022-05-02,Standard,612.54
6089,Silas Nash,silas.nash6089@example.com,Japan,2026-07-30,Standard,496.75
6090,Asher Shaw,asher.shaw6090@example.com,India,2025-12-06,Standard,188.22
6091,Nico Hart,nico.hart6091@example.com,India,2025-07-20,Basic,35.30
6092,Sadie Park,sadie.park6092@example.com,France,2023-08-14,Standard,520.95
6093,Ava Moss,ava.moss6093@example.com,United States,2026-03-26,Standard,114.16
6094,Wren Blair,wren.blair6094@example.com,United States,2022-09-08,Basic,132.69
6095,Silas Drew,silas.drew6095@example.com,Spain,2025-02-14,Basic,4.36
6096,Ruby Drew,ruby.drew6096@example.com,Japan,2022-03-29,Basic,177.31
6097,Iris Quinn,iris.quinn6097@example.com,Germany,2022-07-29,Basic,84.10
6098,Noah Snow,noah.snow6098@example.com,Japan,2023-07-14,Basic,139.21
6099,Sadie Lane,sadie.lane6099@example.com,France,2023-12-23,Standard,89.10
6100,Wren Pike,wren.pike6100@example.com,India,2026-02-24,Premium,2242.82
6101,Wren Zane,wren.zane6101@example.com,United States,2026-08-23,Basic,43.15
6102,Iris Vale,iris.vale6102@example.com,Canada,2025-05-01,Standard,780.72
6103,Owen Hale,owen.hale6103@example.com,France,2023-12-15,Standard,799.07
6104,Piper Brooks,piper.brooks6104@example.com,United States,2023-07-16,Standard,152.46
6105,Caleb Nash,caleb.nash6105@example.com,Australia,2023-08-18,Basic,117.66
6106,Chloe Zane,chloe.zane6106@example.com,Australia,2024-06-01,Basic,58.70
6107,Nora West,nora.west6107@example.com,India,2024-12-28,Standard,427.03
6108,Chloe Pike,chloe.pike6108@example.com,France,2025-05-14,Basic,113.17
6109,Ivy Brooks,ivy.brooks6109@example.com,Netherlands,2023-08-09,Premium,3097.16
6110,Zoe Bell,zoe.bell6110@example.com,Canada,2024-08-19,Basic,96.17
6111,Felix Kerr,felix.kerr6111@example.com,Germany,2025-04-07,Standard,68.77
6112,Zoe Snow,zoe.snow6112@example.com,Canada,2025-05-31,Basic,146.14
6113,Ella Quinn,ella.quinn6113@example.com,Canada,2022-10-08,Standard,757.97
6114,Ella Shaw,ella.shaw6114@example.com,United States,2025-05-07,Premium,3237.27
6115,Zoe Drew,zoe.drew6115@example.com,Canada,2025-01-28,Basic,194.80
6116,Arlo Gray,arlo.gray6116@example.com,India,2024-09-16,Basic,15.06
6117,Liam Pike,liam.pike6117@example.com,United States,2024-10-16,Standard,693.65
6118,Wren Hale,wren.hale6118@example.com,United States,2024-01-16,Standard,701.74
6119,Zoe Blair,zoe.blair6119@example.com,Netherlands,2023-10-23,Premium,1275.73
6120,Ruby Reed,ruby.reed6120@example.com,United Kingdom,2023-12-01,Basic,127.88
6121,Wren Brooks,wren.brooks6121@example.com,United Kingdom,2024-12-06,Premium,4891.88
6122,Asher Frost,asher.frost6122@example.com,Brazil,2024-07-15,Standard,285.60
6123,Liam Moss,liam.moss6123@example.com,United States,2026-05-02,Basic,49.21
6124,Ava Gray,ava.gray6124@example.com,India,2023-04-12,Standard,483.13
6125,Ivy Park,ivy.park6125@example.com,India,2024-11-20,Premium,1927.08
6126,Leo Zane,leo.zane6126@example.com,United Kingdom,2026-08-26,Standard,351.38
6127,Caleb Hale,caleb.hale6127@example.com,United States,2026-01-26,Standard,211.97
6128,Ava Finn,ava.finn6128@example.com,United States,2025-03-31,Premium,1920.12
6129,Arlo Drew,arlo.drew6129@example.com,United States,2022-08-12,Basic,90.82
6130,Arlo Kerr,arlo.kerr6130@example.com,United States,2022-03-05,Standard,755.49
6131,Arlo Snow,arlo.snow6131@example.com,United States,2025-11-23,Standard,307.99
6132,Felix Tate,felix.tate6132@example.com,Brazil,2024-09-13,Standard,763.02
6133,Zoe Kerr,zoe.kerr6133@example.com,United States,2022-11-01,Basic,31.67
6134,Arlo Walsh,arlo.walsh6134@example.com,Germany,2023-04-13,Standard,171.54
6135,Ivy York,ivy.york6135@example.com,France,2025-10-27,Standard,727.70
6136,Mia Bell,mia.bell6136@example.com,United States,2022-03-29,Premium,4715.37
6137,Felix Dunn,felix.dunn6137@example.com,Brazil,2022-11-30,Standard,585.29
6138,Leo Vale,leo.vale6138@example.com,Australia,2026-07-08,Standard,620.45
6139,Silas Blair,silas.blair6139@example.com,United Kingdom,2024-08-27,Basic,147.99
6140,Caleb Park,caleb.park6140@example.com,United Kingdom,2022-09-19,Basic,136.64
6141,Ivy Park,ivy.park6141@example.com,Germany,2024-12-27,Basic,47.08
6142,Ivy Lang,ivy.lang6142@example.com,Germany,2025-07-07,Basic,48.85
6143,Nora Frost,nora.frost6143@example.com,United States,2025-08-02,Standard,471.95
6144,Ivy Lane,ivy.lane6144@example.com,Brazil,2024-12-14,Premium,4062.86
6145,Theo Park,theo.park6145@example.com,United States,2022-04-05,Standard,377.06
6146,Ruby Lane,ruby.lane6146@example.com,France,2024-12-15,Standard,294.69
6147,Lila York,lila.york6147@example.com,Mexico,2024-06-22,Standard,569.97
6148,Jonah Shaw,jonah.shaw6148@example.com,United Kingdom,2022-04-01,Standard,747.66
6149,Zoe Cruz,zoe.cruz6149@example.com,Germany,2023-10-20,Standard,706.08
6150,Chloe Quinn,chloe.quinn6150@example.com,United States,2025-07-05,Basic,154.87
6151,Nora Blair,nora.blair6151@example.com,Japan,2023-03-17,Premium,4258.00
6152,Arlo Pike,arlo.pike6152@example.com,France,2022-07-30,Standard,536.82
6153,Mila Park,mila.park6153@example.com,Canada,2022-07-15,Basic,11.29
6154,Jonah Tate,jonah.tate6154@example.com,Brazil,2022-06-18,Standard,386.75
6155,Silas Drew,silas.drew6155@example.com,Australia,2022-09-07,Standard,69.95
6156,Silas Pike,silas.pike6156@example.com,Netherlands,2023-12-30,Premium,1246.25
6157,Sadie Snow,sadie.snow6157@example.com,Canada,2023-09-19,Basic,115.51
6158,Iris Vale,iris.vale6158@example.com,Netherlands,2023-03-14,Standard,140.60
6159,Asher Snow,asher.snow6159@example.com,Germany,2026-07-19,Standard,210.53
6160,Felix West,felix.west6160@example.com,United States,2023-05-13,Standard,412.58
6161,Silas Dunn,silas.dunn6161@example.com,United States,2024-06-04,Basic,153.15
6162,Ava Quinn,ava.quinn6162@example.com,United States,2023-02-26,Premium,4651.43
6163,Piper Frost,piper.frost6163@example.com,United Kingdom,2025-05-13,Standard,700.55
6164,Leo Lang,leo.lang6164@example.com,India,2026-07-25,Basic,180.73
6165,Iris Shaw,iris.shaw6165@example.com,India,2024-12-08,Standard,713.99
6166,Mia Tate,mia.tate6166@example.com,Germany,2022-04-20,Basic,42.87
6167,Liam Moss,liam.moss6167@example.com,United States,2025-05-28,Standard,384.40
6168,Ivy Vale,ivy.vale6168@example.com,Netherlands,2024-11-20,Standard,217.20
6169,Jonah Young,jonah.young6169@example.com,Brazil,2023-03-08,Standard,331.00
6170,Liam Reed,liam.reed6170@example.com,United States,2025-05-18,Standard,471.38
6171,Ruby Cruz,ruby.cruz6171@example.com,Brazil,2022-01-29,Premium,2019.58
6172,Chloe Blair,chloe.blair6172@example.com,Mexico,2026-02-07,Basic,172.15
6173,Ivy Snow,ivy.snow6173@example.com,Germany,2024-07-30,Standard,668.13
6174,Hugo West,hugo.west6174@example.com,United States,2022-02-06,Standard,339.90
6175,Ella Pike,ella.pike6175@example.com,Mexico,2026-04-11,Standard,513.01
6176,Ella Hart,ella.hart6176@example.com,Spain,2024-02-13,Premium,4259.39
6177,Zoe Reed,zoe.reed6177@example.com,France,2022-11-13,Basic,39.36
6178,Nico Reed,nico.reed6178@example.com,Australia,2022-09-18,Basic,39.62
6179,Sadie Tate,sadie.tate6179@example.com,Brazil,2024-10-28,Basic,136.09
6180,Nico Cruz,nico.cruz6180@example.com,France,2023-06-20,Standard,627.19
6181,Zoe Shaw,zoe.shaw6181@example.com,Japan,2025-05-11,Standard,319.99
6182,Ivy West,ivy.west6182@example.com,United Kingdom,2026-05-15,Premium,2388.23
6183,Piper Dunn,piper.dunn6183@example.com,Canada,2022-12-07,Basic,12.02
6184,Jade Pike,jade.pike6184@example.com,Spain,2022-03-08,Standard,408.04
6185,Theo Moss,theo.moss6185@example.com,United States,2023-02-19,Basic,82.69
6186,Piper Zane,piper.zane6186@example.com,Mexico,2024-12-03,Standard,413.22
6187,Sadie Young,sadie.young6187@example.com,United States,2024-12-02,Basic,101.34
6188,Nico Snow,nico.snow6188@example.com,United States,2023-06-20,Standard,287.65
6189,Liam Hart,liam.hart6189@example.com,India,2024-08-15,Basic,182.62
6190,Felix Quinn,felix.quinn6190@example.com,India,2023-09-21,Standard,782.83
6191,Iris Lang,iris.lang6191@example.com,India,2023-06-01,Basic,173.35
6192,Liam Quinn,liam.quinn6192@example.com,India,2025-04-01,Basic,114.56
6193,Arlo Moss,arlo.moss6193@example.com,Japan,2026-07-10,Basic,121.98
6194,Sadie Zane,sadie.zane6194@example.com,United States,2023-05-21,Standard,704.88
6195,Sadie Park,sadie.park6195@example.com,United States,2026-04-12,Standard,587.54
6196,Ivy Zane,ivy.zane6196@example.com,United Kingdom,2024-10-13,Basic,58.08
6197,Jonah Pike,jonah.pike6197@example.com,Germany,2024-09-02,Standard,689.78
6198,Leo Dunn,leo.dunn6198@example.com,India,2024-05-20,Standard,144.24
6199,Ivy Tate,ivy.tate6199@example.com,United States,2023-06-11,Basic,195.17
6200,Mia Dunn,mia.dunn6200@example.com,India,2025-02-11,Standard,80.78
6201,Theo Gray,theo.gray6201@example.com,United Kingdom,2024-06-04,Standard,694.07
6202,Nico Nash,nico.nash6202@example.com,France,2022-01-27,Standard,692.26
6203,Nico Pike,nico.pike6203@example.com,Brazil,2022-03-09,Premium,992.70
6204,Mia Quinn,mia.quinn6204@example.com,United States,2023-09-23,Standard,739.03
6205,Ava Frost,ava.frost6205@example.com,India,2024-04-25,Standard,379.14
6206,Jonah Finn,jonah.finn6206@example.com,United States,2025-04-13,Standard,66.73
6207,Mia Hart,mia.hart6207@example.com,Germany,2024-03-17,Basic,31.86
6208,Silas Zane,silas.zane6208@example.com,Japan,2026-08-14,Standard,377.79
6209,Wren Vale,wren.vale6209@example.com,United States,2025-07-11,Basic,197.52
6210,Sadie Quinn,sadie.quinn6210@example.com,Netherlands,2023-04-05,Standard,745.09
6211,Felix Zane,felix.zane6211@example.com,Canada,2025-03-18,Premium,2496.96
6212,Chloe Hale,chloe.hale6212@example.com,Canada,2022-03-16,Standard,566.95
6213,Liam Brooks,liam.brooks6213@example.com,India,2024-07-27,Basic,59.37
6214,Miles Frost,miles.frost6214@example.com,United States,2024-01-16,Standard,717.04
6215,Silas Pike,silas.pike6215@example.com,Canada,2022-11-21,Standard,399.90
6216,Arlo Moss,arlo.moss6216@example.com,Germany,2025-09-23,Standard,527.14
6217,Leo Zane,leo.zane6217@example.com,Australia,2022-11-18,Basic,160.20
6218,Chloe Hart,chloe.hart6218@example.com,India,2023-09-24,Premium,4053.77
6219,Asher Walsh,asher.walsh6219@example.com,Germany,2024-10-19,Basic,67.37
6220,Piper Snow,piper.snow6220@example.com,Japan,2024-04-27,Standard,56.03
6221,Wren Dunn,wren.dunn6221@example.com,United Kingdom,2024-11-07,Standard,773.28
6222,Iris Cruz,iris.cruz6222@example.com,India,2024-05-10,Basic,20.59
6223,Noah Zane,noah.zane6223@example.com,United Kingdom,2025-05-23,Basic,155.41
6224,Ivy Moss,ivy.moss6224@example.com,Mexico,2024-09-07,Standard,434.49
6225,Wren Blair,wren.blair6225@example.com,Netherlands,2024-04-21,Basic,89.72
6226,Ruby Young,ruby.young6226@example.com,United States,2023-02-16,Standard,247.10
6227,Jonah Pike,jonah.pike6227@example.com,Australia,2026-07-01,Basic,114.90
6228,Asher Pike,asher.pike6228@example.com,Japan,2026-02-15,Basic,109.70
6229,Lila Vale,lila.vale6229@example.com,Canada,2025-06-21,Basic,84.96
6230,Wren Dunn,wren.dunn6230@example.com,Mexico,2026-03-05,Standard,152.63
6231,Leo Moss,leo.moss6231@example.com,Japan,2023-05-04,Basic,90.13
6232,Nico Vale,nico.vale6232@example.com,Brazil,2025-08-19,Basic,11.82
6233,Iris Gray,iris.gray6233@example.com,United States,2024-01-17,Standard,366.32
6234,Chloe York,chloe.york6234@example.com,Australia,2025-02-19,Standard,407.68
6235,Felix Tate,felix.tate6235@example.com,Australia,2023-10-07,Basic,74.38
6236,Piper Finn,piper.finn6236@example.com,Brazil,2023-05-01,Standard,627.93
6237,Silas Tate,silas.tate6237@example.com,France,2022-03-08,Standard,681.81
6238,Lila Hart,lila.hart6238@example.com,Germany,2023-02-11,Standard,749.50
6239,Leo Zane,leo.zane6239@example.com,United States,2026-01-17,Standard,208.42
6240,Owen Shaw,owen.shaw6240@example.com,United Kingdom,2026-02-25,Standard,737.94
6241,Noah Kerr,noah.kerr6241@example.com,Japan,2022-03-01,Basic,155.55
6242,Owen Vale,owen.vale6242@example.com,Spain,2023-07-17,Standard,164.50
6243,Leo Hart,leo.hart6243@example.com,Canada,2022-12-28,Basic,84.39
6244,Wren Hart,wren.hart6244@example.com,United States,2026-02-20,Standard,235.01
6245,Miles Moss,miles.moss6245@example.com,Brazil,2024-07-14,Standard,616.07
6246,Ivy Blair,ivy.blair6246@example.com,Netherlands,2024-08-14,Basic,92.12
6247,Piper Shaw,piper.shaw6247@example.com,Mexico,2026-06-04,Standard,566.54
6248,Nico Shaw,nico.shaw6248@example.com,United States,2022-10-07,Basic,159.15
6249,Ivy Tate,ivy.tate6249@example.com,Australia,2023-06-26,Basic,36.52
6250,Nora Finn,nora.finn6250@example.com,United States,2026-04-02,Standard,421.82
6251,Wren Tate,wren.tate6251@example.com,Brazil,2022-02-13,Premium,1438.68
6252,Piper York,piper.york6252@example.com,Germany,2024-12-28,Standard,194.40
6253,Felix West,felix.west6253@example.com,United States,2023-09-05,Standard,728.62
6254,Ruby Dunn,ruby.dunn6254@example.com,Germany,2025-07-22,Basic,153.79
6255,Ivy Bell,ivy.bell6255@example.com,United States,2022-02-14,Standard,609.82
6256,Mia Drew,mia.drew6256@example.com,Brazil,2024-07-04,Standard,536.54
6257,Ruby Kerr,ruby.kerr6257@example.com,Germany,2023-03-07,Basic,111.86
6258,Ava Snow,ava.snow6258@example.com,Australia,2026-04-23,Basic,60.10
6259,Miles Brooks,miles.brooks6259@example.com,Germany,2026-01-27,Standard,578.85
6260,Nico Bell,nico.bell6260@example.com,Canada,2024-08-21,Standard,129.24
6261,Jonah Quinn,jonah.quinn6261@example.com,Netherlands,2025-01-14,Standard,206.95
6262,Ethan Finn,ethan.finn6262@example.com,Brazil,2024-03-28,Standard,174.32
6263,Nico Blair,nico.blair6263@example.com,United States,2024-10-04,Standard,655.18
6264,Ruby Moss,ruby.moss6264@example.com,France,2023-09-02,Standard,184.28
6265,Iris Lang,iris.lang6265@example.com,Netherlands,2023-05-24,Basic,163.25
6266,Miles Zane,miles.zane6266@example.com,United States,2025-11-21,Standard,711.94
6267,Mila Hart,mila.hart6267@example.com,United States,2022-04-02,Standard,580.13
6268,Nico Gray,nico.gray6268@example.com,Brazil,2026-08-04,Standard,610.09
6269,Ruby Brooks,ruby.brooks6269@example.com,Spain,2024-12-16,Standard,318.67
6270,Mila Cruz,mila.cruz6270@example.com,United Kingdom,2024-12-23,Basic,88.11
6271,Lila Blair,lila.blair6271@example.com,United States,2024-11-25,Basic,115.10
6272,Chloe Blair,chloe.blair6272@example.com,Brazil,2025-09-13,Standard,423.22
6273,Iris Hale,iris.hale6273@example.com,United Kingdom,2023-06-22,Premium,3751.58
6274,Zoe York,zoe.york6274@example.com,United States,2022-01-21,Standard,297.91
6275,Liam West,liam.west6275@example.com,Brazil,2024-11-02,Standard,370.94
6276,Silas Hale,silas.hale6276@example.com,Japan,2023-06-09,Basic,80.51
6277,Hugo Quinn,hugo.quinn6277@example.com,India,2023-10-29,Standard,708.73
6278,Wren Drew,wren.drew6278@example.com,Mexico,2022-03-27,Basic,180.49
6279,Theo Hale,theo.hale6279@example.com,United Kingdom,2026-03-01,Standard,332.60
6280,Ava Blair,ava.blair6280@example.com,Mexico,2022-03-10,Basic,151.11
6281,Piper Young,piper.young6281@example.com,United States,2025-12-31,Standard,498.63
6282,Zoe Shaw,zoe.shaw6282@example.com,India,2022-09-12,Standard,523.96
6283,Ethan Blair,ethan.blair6283@example.com,Australia,2022-09-24,Basic,198.91
6284,Asher Hale,asher.hale6284@example.com,Canada,2023-03-25,Standard,77.95
6285,Asher Tate,asher.tate6285@example.com,Netherlands,2024-01-04,Basic,130.92
6286,Leo Drew,leo.drew6286@example.com,Mexico,2022-03-02,Basic,144.23
6287,Asher Gray,asher.gray6287@example.com,Japan,2023-07-18,Standard,128.80
6288,Silas Reed,silas.reed6288@example.com,United States,2022-12-01,Basic,8.43
6289,Liam Nash,liam.nash6289@example.com,Australia,2024-01-02,Basic,70.45
6290,Mia Cruz,mia.cruz6290@example.com,United Kingdom,2022-02-15,Basic,95.75
6291,Zoe Blair,zoe.blair6291@example.com,Spain,2022-10-14,Premium,4168.87
6292,Noah Park,noah.park6292@example.com,Brazil,2024-11-25,Basic,41.39
6293,Silas Zane,silas.zane6293@example.com,Germany,2022-09-12,Premium,4598.68
6294,Iris Brooks,iris.brooks6294@example.com,Netherlands,2022-04-25,Standard,504.28
6295,Caleb Bell,caleb.bell6295@example.com,Canada,2024-11-23,Standard,520.43
6296,Chloe Park,chloe.park6296@example.com,France,2023-02-23,Basic,192.31
6297,Silas Bell,silas.bell6297@example.com,United States,2026-08-29,Basic,107.97
6298,Piper Hale,piper.hale6298@example.com,Germany,2022-08-03,Standard,541.18
6299,Nico Quinn,nico.quinn6299@example.com,Germany,2025-10-21,Standard,296.14
6300,Mila Bell,mila.bell6300@example.com,Canada,2023-07-17,Basic,43.09
6301,Sadie Moss,sadie.moss6301@example.com,United States,2023-12-05,Basic,60.51
6302,Nico Moss,nico.moss6302@example.com,Germany,2024-05-07,Standard,741.88
6303,Silas Bell,silas.bell6303@example.com,United States,2023-11-25,Basic,193.90
6304,Noah Cole,noah.cole6304@example.com,Germany,2025-03-23,Premium,2718.90
6305,Hugo Lang,hugo.lang6305@example.com,Australia,2023-09-14,Basic,85.78
6306,Hugo Bell,hugo.bell6306@example.com,United States,2026-06-25,Standard,493.78
6307,Ava Tate,ava.tate6307@example.com,United Kingdom,2025-02-09,Basic,92.31
6308,Sadie Lang,sadie.lang6308@example.com,India,2023-10-29,Premium,4364.49
6309,Ava Bell,ava.bell6309@example.com,Australia,2023-08-14,Standard,583.75
6310,Iris Frost,iris.frost6310@example.com,Netherlands,2022-02-24,Premium,2825.84
6311,Arlo West,arlo.west6311@example.com,Netherlands,2023-12-11,Standard,511.76
6312,Asher Kerr,asher.kerr6312@example.com,Netherlands,2024-01-25,Basic,108.99
6313,Lila Bell,lila.bell6313@example.com,United States,2026-03-30,Premium,4231.91
6314,Zoe Hale,zoe.hale6314@example.com,Canada,2023-11-07,Standard,443.24
6315,Chloe Park,chloe.park6315@example.com,Australia,2024-10-06,Basic,88.96
6316,Leo Dunn,leo.dunn6316@example.com,United Kingdom,2025-12-21,Basic,38.49
6317,Zoe Blair,zoe.blair6317@example.com,United States,2023-08-14,Standard,375.47
6318,Jonah Finn,jonah.finn6318@example.com,United States,2024-10-07,Standard,131.42
6319,Iris Frost,iris.frost6319@example.com,Brazil,2025-05-13,Basic,93.12
6320,Theo Tate,theo.tate6320@example.com,India,2024-05-02,Standard,655.34
6321,Jade Drew,jade.drew6321@example.com,Japan,2022-08-05,Basic,142.99
6322,Miles Nash,miles.nash6322@example.com,France,2026-06-03,Standard,602.82
6323,Felix West,felix.west6323@example.com,United States,2024-01-16,Standard,339.66
6324,Nora Young,nora.young6324@example.com,United States,2024-07-11,Premium,2759.29
6325,Chloe Drew,chloe.drew6325@example.com,Japan,2024-02-09,Standard,444.69
6326,Liam Snow,liam.snow6326@example.com,India,2022-11-10,Standard,693.32
6327,Zoe Hale,zoe.hale6327@example.com,United Kingdom,2026-07-08,Standard,132.25
6328,Caleb Tate,caleb.tate6328@example.com,United States,2025-07-09,Standard,314.71
6329,Ruby Walsh,ruby.walsh6329@example.com,Netherlands,2026-08-05,Standard,114.78
6330,Noah Lane,noah.lane6330@example.com,United Kingdom,2025-02-12,Standard,365.43
6331,Silas Frost,silas.frost6331@example.com,Australia,2023-11-20,Standard,526.48
6332,Arlo Shaw,arlo.shaw6332@example.com,Spain,2024-05-18,Basic,182.92
6333,Felix Blair,felix.blair6333@example.com,Japan,2025-09-09,Standard,683.93
6334,Iris West,iris.west6334@example.com,Canada,2022-04-21,Basic,183.66
6335,Wren Snow,wren.snow6335@example.com,India,2023-09-10,Standard,170.13
6336,Ava Bell,ava.bell6336@example.com,India,2023-08-25,Standard,313.35
6337,Mia York,mia.york6337@example.com,Netherlands,2025-10-25,Premium,2972.27
6338,Theo Lane,theo.lane6338@example.com,United States,2026-01-10,Basic,189.75
6339,Chloe Dunn,chloe.dunn6339@example.com,Canada,2024-02-25,Standard,110.58
6340,Mila Finn,mila.finn6340@example.com,United States,2022-05-21,Basic,137.70
6341,Noah Bell,noah.bell6341@example.com,Spain,2024-11-26,Standard,713.46
6342,Theo Moss,theo.moss6342@example.com,United States,2022-06-30,Standard,93.79
6343,Leo Moss,leo.moss6343@example.com,France,2025-05-08,Basic,25.65
6344,Mia Walsh,mia.walsh6344@example.com,United States,2022-03-31,Standard,262.02
6345,Ella Frost,ella.frost6345@example.com,Australia,2023-01-24,Premium,4096.47
6346,Felix Lang,felix.lang6346@example.com,United States,2025-03-14,Standard,618.10
6347,Owen York,owen.york6347@example.com,United States,2022-01-05,Standard,359.59
6348,Theo Cruz,theo.cruz6348@example.com,Germany,2025-09-03,Standard,132.29
6349,Theo Cruz,,Germany,2023-08-04,Standard,639.55
6350,Lila Walsh,lila.walsh6350@example.com,Canada,2024-07-16,Basic,141.64
6351,Ella Cole,ella.cole6351@example.com,United States,2026-07-06,Basic,44.27
6352,Hugo Hart,hugo.hart6352@example.com,United Kingdom,2025-12-03,Standard,171.51
6353,Ethan Frost,ethan.frost6353@example.com,India,2024-06-09,Standard,432.86
6354,Jonah Drew,jonah.drew6354@example.com,Japan,2023-09-21,Standard,410.20
6355,Nico Hart,nico.hart6355@example.com,Australia,2023-02-02,Standard,268.17
6356,Mila York,mila.york6356@example.com,Canada,2023-05-06,Standard,629.78
6357,Asher Snow,asher.snow6357@example.com,Germany,2025-10-30,Basic,180.11
6358,Jonah Vale,jonah.vale6358@example.com,United Kingdom,2025-06-02,Basic,185.62
6359,Ethan Frost,ethan.frost6359@example.com,Canada,2022-06-30,Standard,451.02
6360,Arlo Drew,arlo.drew6360@example.com,France,2026-06-13,Standard,795.84
6361,Asher Kerr,asher.kerr6361@example.com,United States,2023-11-01,Standard,482.90
6362,Silas Shaw,silas.shaw6362@example.com,Australia,2023-02-06,Standard,415.88
6363,Ava Nash,ava.nash6363@example.com,Japan,2025-04-09,Standard,64.56
6364,Nico Cruz,nico.cruz6364@example.com,Japan,2023-07-04,Basic,193.05
6365,Ella Pike,ella.pike6365@example.com,Mexico,2024-11-29,Standard,133.72
6366,Jade Walsh,jade.walsh6366@example.com,Germany,2022-10-12,Basic,188.92
6367,Silas Snow,silas.snow6367@example.com,Australia,2025-08-24,Standard,228.78
6368,Ruby Pike,ruby.pike6368@example.com,United States,2022-04-18,Standard,346.95
6369,Chloe Blair,chloe.blair6369@example.com,India,2026-05-04,Standard,403.68
6370,Noah Pike,noah.pike6370@example.com,United States,2024-11-20,Basic,135.55
6371,Jonah Zane,jonah.zane6371@example.com,Brazil,2024-12-02,Standard,478.31
6372,Jonah Bell,jonah.bell6372@example.com,Netherlands,2026-06-01,Standard,482.14
6373,Nora Dunn,nora.dunn6373@example.com,Japan,2023-10-29,Standard,638.97
6374,Felix Pike,felix.pike6374@example.com,Australia,2026-06-08,Basic,121.84
6375,Wren Snow,wren.snow6375@example.com,Canada,2025-10-18,Standard,52.79
6376,Noah Young,noah.young6376@example.com,United States,2026-02-13,Standard,222.70
6377,Arlo Pike,arlo.pike6377@example.com,Germany,2024-05-19,Standard,392.27
6378,Piper Drew,piper.drew6378@example.com,United States,2024-04-28,Basic,73.46
6379,Ethan Vale,ethan.vale6379@example.com,Canada,2023-06-07,Premium,2777.47
6380,Leo Blair,leo.blair6380@example.com,Japan,2022-12-30,Basic,13.86
6381,Noah Frost,noah.frost6381@example.com,Mexico,2024-11-10,Standard,615.30
6382,Chloe Drew,chloe.drew6382@example.com,United States,2024-01-26,Standard,229.94
6383,Noah Cole,noah.cole6383@example.com,Australia,2022-07-09,Standard,799.27
6384,Lila Moss,lila.moss6384@example.com,Australia,2026-07-06,Basic,111.51
6385,Miles Moss,miles.moss6385@example.com,United States,2023-10-11,Standard,767.39
6386,Nora Brooks,nora.brooks6386@example.com,Australia,2023-01-20,Standard,293.30
6387,Wren Reed,wren.reed6387@example.com,Germany,2024-09-01,Basic,138.71
6388,Miles Kerr,miles.kerr6388@example.com,United States,2024-09-30,Basic,193.67
6389,Iris Kerr,iris.kerr6389@example.com,United States,2023-03-01,Premium,1571.93
6390,Theo Walsh,theo.walsh6390@example.com,United States,2026-03-04,Premium,4696.40
6391,Lila Finn,lila.finn6391@example.com,India,2024-10-02,Basic,14.16
6392,Noah Moss,noah.moss6392@example.com,France,2024-12-18,Standard,400.31
6393,Leo Vale,leo.vale6393@example.com,Australia,2023-08-29,Basic,190.17
6394,Wren Park,wren.park6394@example.com,Australia,2022-02-12,Standard,487.45
6395,Nico Nash,nico.nash6395@example.com,India,2023-12-21,Standard,612.58
6396,Liam Walsh,liam.walsh6396@example.com,United States,2024-10-28,Basic,63.48
6397,Noah Frost,noah.frost6397@example.com,United States,2024-09-18,Basic,157.00
6398,Hugo Young,hugo.young6398@example.com,United Kingdom,2023-03-29,Basic,13.15
6399,Miles Quinn,miles.quinn6399@example.com,India,2022-10-14,Premium,1070.08
6400,Ella Cruz,ella.cruz6400@example.com,United Kingdom,2026-07-04,Standard,313.67
6401,Wren Vale,wren.vale6401@example.com,Mexico,2023-05-05,Premium,4874.51
6402,Zoe Brooks,zoe.brooks6402@example.com,United States,2022-09-16,Standard,631.26
6403,Caleb Cole,caleb.cole6403@example.com,United States,2024-05-20,Basic,134.75
6404,Leo Pike,leo.pike6404@example.com,United States,2023-02-17,Basic,131.63
6405,Mia Young,mia.young6405@example.com,United Kingdom,2024-11-10,Standard,79.05
6406,Miles Park,miles.park6406@example.com,Canada,2023-11-11,Standard,493.51
6407,Zoe Shaw,zoe.shaw6407@example.com,United States,2022-04-21,Standard,367.13
6408,Ella Gray,ella.gray6408@example.com,India,2022-10-22,Basic,148.99
6409,Hugo Lane,hugo.lane6409@example.com,United States,2023-12-31,Premium,4423.38
6410,Nico Tate,nico.tate6410@example.com,Netherlands,2025-01-31,Basic,159.72
6411,Noah Shaw,noah.shaw6411@example.com,United Kingdom,2022-06-05,Standard,143.05
6412,Ethan Quinn,ethan.quinn6412@example.com,United States,2024-02-24,Basic,148.64
6413,Nico Kerr,nico.kerr6413@example.com,Japan,2023-05-09,Standard,528.38
6414,Silas Snow,silas.snow6414@example.com,Japan,2026-04-06,Standard,353.23
6415,Ava Gray,ava.gray6415@example.com,United States,2023-08-01,Basic,190.95
6416,Iris Lane,iris.lane6416@example.com,Brazil,2024-05-07,Basic,108.41
6417,Jonah Tate,jonah.tate6417@example.com,Canada,2023-08-31,Premium,1487.47
6418,Zoe West,zoe.west6418@example.com,Germany,2022-03-07,Premium,1275.45
6419,Ruby Reed,ruby.reed6419@example.com,United States,2026-03-16,Standard,742.48
6420,Silas Lane,silas.lane6420@example.com,India,2026-02-22,Standard,194.66
6421,Sadie Hart,sadie.hart6421@example.com,United States,2022-05-21,Standard,134.92
6422,Nora Kerr,nora.kerr6422@example.com,Germany,2026-05-15,Standard,464.26
6423,Liam Brooks,liam.brooks6423@example.com,United States,2024-03-12,Standard,528.44
6424,Hugo Cole,hugo.cole6424@example.com,Canada,2026-04-14,Standard,362.10
6425,Ava Lane,ava.lane6425@example.com,India,2025-12-04,Standard,446.69
6426,Ivy Vale,ivy.vale6426@example.com,United States,2025-03-29,Basic,177.03
6427,Jade Frost,jade.frost6427@example.com,India,2023-06-24,Premium,1723.09
6428,Chloe Zane,chloe.zane6428@example.com,Australia,2022-10-28,Standard,175.68
6429,Silas Vale,silas.vale6429@example.com,Spain,2023-07-07,Premium,2811.25
6430,Noah Walsh,noah.walsh6430@example.com,United Kingdom,2025-12-04,Basic,55.58
6431,Theo Young,theo.young6431@example.com,Japan,2023-03-11,Basic,185.26
6432,Hugo York,hugo.york6432@example.com,Australia,2025-01-09,Premium,2461.42
6433,Ella Bell,ella.bell6433@example.com,United Kingdom,2024-06-29,Premium,2465.95
6434,Noah Moss,noah.moss6434@example.com,Germany,2026-02-23,Standard,360.31
6435,Iris Park,iris.park6435@example.com,United States,2025-12-07,Standard,140.68
6436,Noah Hale,noah.hale6436@example.com,United Kingdom,2026-08-18,Standard,160.05
6437,Mila Pike,mila.pike6437@example.com,France,2023-05-22,Standard,146.51
6438,Jonah Dunn,jonah.dunn6438@example.com,Brazil,2023-08-12,Standard,704.79
6439,Ava Bell,ava.bell6439@example.com,Japan,2026-01-20,Standard,443.18
6440,Noah Pike,noah.pike6440@example.com,India,2025-07-13,Standard,437.99
6441,Arlo West,arlo.west6441@example.com,United States,2026-02-24,Standard,487.84
6442,Sadie Blair,sadie.blair6442@example.com,United Kingdom,2022-02-13,Basic,163.00
6443,Nico Pike,nico.pike6443@example.com,United States,2023-06-19,Basic,128.43
6444,Ethan West,ethan.west6444@example.com,Germany,2025-08-20,Premium,2179.49
6445,Miles Nash,miles.nash6445@example.com,India,2024-07-10,Basic,36.26
6446,Sadie Hale,sadie.hale6446@example.com,Canada,2026-04-06,Basic,42.16
6447,Arlo Tate,arlo.tate6447@example.com,Canada,2026-02-23,Standard,135.00
6448,Liam Cruz,liam.cruz6448@example.com,Brazil,2022-02-10,Standard,204.06
6449,Ava Finn,ava.finn6449@example.com,India,2024-06-11,Basic,1.05
6450,Sadie Gray,sadie.gray6450@example.com,United States,2025-03-16,Premium,518.28
6451,Wren Cruz,wren.cruz6451@example.com,Germany,2022-04-11,Premium,1529.20
6452,Zoe York,zoe.york6452@example.com,Australia,2024-12-16,Basic,7.90
6453,Leo Zane,leo.zane6453@example.com,Australia,2025-11-14,Basic,171.66
6454,Chloe Vale,chloe.vale6454@example.com,Brazil,2026-05-27,Basic,16.30
6455,Mia Drew,mia.drew6455@example.com,Germany,2025-11-29,Basic,126.38
6456,Lila Nash,lila.nash6456@example.com,United States,2025-02-27,Basic,110.05
6457,Miles Gray,miles.gray6457@example.com,India,2024-04-01,Basic,100.24
6458,Miles Hart,miles.hart6458@example.com,Canada,2025-07-25,Basic,104.18
6459,Asher Moss,asher.moss6459@example.com,Japan,2025-11-05,Standard,196.89
6460,Sadie Tate,sadie.tate6460@example.com,United States,2026-07-30,Standard,207.45
6461,Ivy Moss,ivy.moss6461@example.com,Brazil,2026-02-02,Standard,795.71
6462,Arlo Lang,arlo.lang6462@example.com,Japan,2026-02-05,Basic,173.88
6463,Silas Hale,silas.hale6463@example.com,United Kingdom,2022-04-10,Standard,700.10
6464,Leo Walsh,leo.walsh6464@example.com,India,2026-07-18,Standard,738.05
6465,Miles Gray,miles.gray6465@example.com,United Kingdom,2022-09-05,Standard,772.20
6466,Zoe Lang,zoe.lang6466@example.com,India,2023-06-21,Premium,3171.72
6467,Chloe Frost,chloe.frost6467@example.com,France,2024-02-05,Standard,486.59
6468,Piper Cruz,piper.cruz6468@example.com,Germany,2024-02-03,Standard,556.76
6469,Asher Dunn,asher.dunn6469@example.com,India,2022-12-30,Standard,509.62
6470,Zoe Park,zoe.park6470@example.com,United States,2023-02-14,Premium,822.86
6471,Iris Pike,iris.pike6471@example.com,Canada,2025-03-29,Basic,40.33
6472,Zoe Pike,zoe.pike6472@example.com,United States,2022-07-02,Basic,186.31
6473,Miles Dunn,miles.dunn6473@example.com,United States,2023-05-05,Standard,99.24
6474,Ivy Gray,ivy.gray6474@example.com,India,2024-09-06,Premium,3419.29
6475,Ivy Brooks,ivy.brooks6475@example.com,Canada,2022-09-29,Standard,725.80
6476,Silas Lang,silas.lang6476@example.com,Germany,2023-04-21,Basic,77.14
6477,Nora Tate,nora.tate6477@example.com,Canada,2022-12-18,Standard,119.81
6478,Zoe Finn,zoe.finn6478@example.com,India,2024-10-02,Basic,83.09
6479,Jonah Bell,jonah.bell6479@example.com,United States,2022-11-19,Standard,578.52
6480,Sadie West,sadie.west6480@example.com,United States,2026-03-08,Basic,120.71
6481,Liam Vale,liam.vale6481@example.com,Mexico,2026-06-28,Standard,217.16
6482,Zoe Dunn,zoe.dunn6482@example.com,Canada,2024-07-31,Standard,719.36
6483,Miles Lane,miles.lane6483@example.com,United States,2023-05-16,Basic,186.01
6484,Piper Drew,piper.drew6484@example.com,Japan,2024-06-18,Basic,122.39
6485,Wren Park,wren.park6485@example.com,United States,2023-10-29,Standard,682.23
6486,Iris Hale,iris.hale6486@example.com,Germany,2025-02-26,Standard,153.38
6487,Chloe Frost,chloe.frost6487@example.com,Netherlands,2025-10-02,Standard,444.87
6488,Ivy Frost,ivy.frost6488@example.com,United States,2023-05-23,Standard,709.16
6489,Arlo Kerr,arlo.kerr6489@example.com,India,2024-10-10,Premium,2344.01
6490,Noah West,noah.west6490@example.com,Brazil,2024-07-29,Standard,256.99
6491,Noah Finn,noah.finn6491@example.com,United States,2026-06-01,Standard,296.54
6492,Ella Dunn,ella.dunn6492@example.com,United Kingdom,2025-08-11,Basic,115.45
6493,Miles Reed,miles.reed6493@example.com,United States,2023-02-13,Basic,188.94
6494,Liam Shaw,liam.shaw6494@example.com,Brazil,2026-06-08,Standard,653.73
6495,Ava Snow,ava.snow6495@example.com,United Kingdom,2022-02-03,Standard,573.94
6496,Sadie Park,sadie.park6496@example.com,India,2025-04-01,Standard,407.28
6497,Ruby Snow,ruby.snow6497@example.com,India,2022-05-19,Premium,582.00
6498,Caleb Nash,caleb.nash6498@example.com,India,2025-04-29,Basic,155.30
6499,Ruby Finn,ruby.finn6499@example.com,United States,2025-04-12,Standard,246.94
6500,Liam Zane,liam.zane6500@example.com,United States,2024-12-10,Basic,23.26
6501,Lila Cruz,lila.cruz6501@example.com,Australia,2025-06-05,Basic,37.23
6502,Ivy Nash,ivy.nash6502@example.com,Brazil,2025-04-15,Basic,80.41
6503,Leo Vale,leo.vale6503@example.com,United Kingdom,2024-12-18,Basic,100.49
6504,Silas Bell,silas.bell6504@example.com,United States,2022-07-02,Basic,106.47
6505,Iris York,iris.york6505@example.com,United States,2024-07-27,Premium,2436.88
6506,Ella Brooks,ella.brooks6506@example.com,Brazil,2024-04-23,Standard,425.24
6507,Wren Zane,wren.zane6507@example.com,United States,2023-01-19,Basic,98.92
6508,Wren Lane,wren.lane6508@example.com,United Kingdom,2022-11-30,Basic,1.06
6509,Arlo Reed,arlo.reed6509@example.com,Japan,2023-12-01,Basic,82.13
6510,Silas Pike,silas.pike6510@example.com,India,2022-10-23,Standard,377.62
6511,Sadie Frost,sadie.frost6511@example.com,Japan,2022-06-20,Premium,4436.08
6512,Chloe Cole,chloe.cole6512@example.com,United States,2024-02-28,Basic,125.50
6513,Arlo Brooks,arlo.brooks6513@example.com,Japan,2023-11-29,Basic,84.93
6514,Jonah Hale,jonah.hale6514@example.com,Australia,2024-05-04,Premium,765.93
6515,Silas Snow,silas.snow6515@example.com,France,2022-06-07,Standard,117.46
6516,Chloe Dunn,chloe.dunn6516@example.com,United Kingdom,2024-03-12,Basic,62.22
6517,Nora Nash,nora.nash6517@example.com,Australia,2026-02-20,Premium,947.78
6518,Hugo Reed,hugo.reed6518@example.com,United States,2023-08-20,Premium,3819.30
6519,Liam York,liam.york6519@example.com,United States,2024-11-19,Standard,104.53
6520,Jade Finn,jade.finn6520@example.com,United States,2026-08-27,Standard,162.58
6521,Lila Lang,lila.lang6521@example.com,United Kingdom,2022-09-07,Basic,62.83
6522,Ivy Hale,ivy.hale6522@example.com,Canada,2026-02-05,Standard,66.16
6523,Zoe Bell,zoe.bell6523@example.com,Spain,2026-06-27,Standard,138.26
6524,Nora Young,nora.young6524@example.com,India,2023-10-17,Standard,773.41
6525,Liam Vale,liam.vale6525@example.com,United States,2024-02-04,Standard,670.55
6526,Theo Reed,theo.reed6526@example.com,India,2022-12-30,Standard,448.48
6527,Sadie Reed,sadie.reed6527@example.com,Japan,2022-08-26,Standard,184.53
6528,Piper Frost,piper.frost6528@example.com,France,2025-05-29,Standard,404.33
6529,Lila Walsh,lila.walsh6529@example.com,United Kingdom,2026-03-19,Standard,160.21
6530,Ivy Tate,ivy.tate6530@example.com,United Kingdom,2025-12-11,Standard,570.05
6531,Jade Dunn,jade.dunn6531@example.com,France,2023-08-06,Standard,270.73
6532,Miles Lane,miles.lane6532@example.com,Netherlands,2026-08-25,Standard,262.71
6533,Wren Kerr,wren.kerr6533@example.com,Canada,2022-03-29,Premium,1297.68
6534,Noah Finn,noah.finn6534@example.com,Australia,2025-12-08,Basic,100.67
6535,Miles Finn,miles.finn6535@example.com,Germany,2024-12-02,Basic,128.12
6536,Ella Moss,ella.moss6536@example.com,France,2025-11-16,Standard,761.01
6537,Zoe Vale,zoe.vale6537@example.com,Japan,2022-09-13,Standard,374.13
6538,Felix Pike,felix.pike6538@example.com,Australia,2025-05-27,Standard,183.40
6539,Arlo Shaw,arlo.shaw6539@example.com,United States,2025-08-02,Standard,212.20
6540,Arlo Lane,arlo.lane6540@example.com,United States,2022-08-21,Standard,783.67
6541,Piper Hart,piper.hart6541@example.com,United States,2022-05-07,Basic,169.53
6542,Nora Young,nora.young6542@example.com,United States,2024-04-04,Standard,749.42
6543,Mila Reed,mila.reed6543@example.com,United States,2023-01-10,Basic,177.97
6544,Ruby Zane,ruby.zane6544@example.com,United States,2022-09-14,Basic,48.34
6545,Jade Lang,jade.lang6545@example.com,Netherlands,2024-03-19,Basic,57.06
6546,Ella York,ella.york6546@example.com,Australia,2026-05-18,Basic,51.80
6547,Ava Nash,ava.nash6547@example.com,Netherlands,2026-04-01,Standard,381.79
6548,Ethan Cole,ethan.cole6548@example.com,Canada,2022-03-22,Standard,637.44
6549,Jonah Pike,jonah.pike6549@example.com,India,2025-06-21,Premium,4336.43
6550,Ivy Gray,ivy.gray6550@example.com,Netherlands,2025-09-15,Basic,193.34
6551,Mila Cruz,mila.cruz6551@example.com,India,2024-05-23,Standard,567.91
6552,Arlo York,arlo.york6552@example.com,Mexico,2025-12-06,Standard,704.32
6553,Jonah West,jonah.west6553@example.com,United States,2025-08-24,Standard,493.07
6554,Ethan Snow,ethan.snow6554@example.com,India,2022-02-11,Standard,366.01
6555,Wren Blair,wren.blair6555@example.com,Brazil,2024-01-29,Basic,23.93
6556,Ava Kerr,ava.kerr6556@example.com,Japan,2025-05-10,Basic,161.56
6557,Arlo Nash,arlo.nash6557@example.com,Germany,2022-10-09,Standard,501.75
6558,Ruby Reed,ruby.reed6558@example.com,United Kingdom,2022-05-13,Standard,622.61
6559,Hugo Snow,hugo.snow6559@example.com,Germany,2025-10-06,Basic,67.95
6560,Sadie Reed,sadie.reed6560@example.com,Japan,2026-03-22,Standard,356.62
6561,Sadie Cruz,sadie.cruz6561@example.com,United States,2025-02-11,Standard,185.52
6562,Silas Cruz,silas.cruz6562@example.com,Netherlands,2025-03-26,Standard,299.98
6563,Arlo Pike,arlo.pike6563@example.com,Mexico,2025-07-07,Standard,268.11
6564,Mila Tate,mila.tate6564@example.com,Australia,2024-11-22,Standard,77.97
6565,Jonah Young,jonah.young6565@example.com,Netherlands,2023-07-16,Basic,59.19
6566,Piper Young,piper.young6566@example.com,Netherlands,2024-07-24,Standard,352.75
6567,Mia Bell,mia.bell6567@example.com,United Kingdom,2023-04-27,Standard,142.76
6568,Wren Quinn,wren.quinn6568@example.com,India,2025-04-29,Basic,61.30
6569,Felix Quinn,felix.quinn6569@example.com,United Kingdom,2023-10-02,Basic,153.21
6570,Hugo Brooks,hugo.brooks6570@example.com,Japan,2025-09-04,Standard,54.32
6571,Jonah York,jonah.york6571@example.com,India,2025-02-03,Standard,439.98
6572,Sadie Frost,sadie.frost6572@example.com,France,2026-06-11,Basic,130.90
6573,Ivy Snow,ivy.snow6573@example.com,United Kingdom,2024-05-02,Standard,593.42
6574,Zoe Park,zoe.park6574@example.com,France,2022-01-24,Premium,4756.51
6575,Nora Zane,nora.zane6575@example.com,United States,2026-05-19,Standard,387.12
6576,Theo Drew,theo.drew6576@example.com,United States,2022-12-17,Basic,53.37
6577,Jade Moss,jade.moss6577@example.com,United Kingdom,2023-02-06,Standard,297.63
6578,Iris Brooks,iris.brooks6578@example.com,Australia,2023-12-20,Basic,96.38
6579,Liam Dunn,liam.dunn6579@example.com,Australia,2023-12-27,Standard,193.83
6580,Arlo Lang,arlo.lang6580@example.com,Netherlands,2022-02-23,Basic,195.51
6581,Miles York,miles.york6581@example.com,United States,2023-04-17,Standard,612.15
6582,Owen Pike,owen.pike6582@example.com,India,2022-01-21,Basic,109.83
6583,Hugo Hart,hugo.hart6583@example.com,Germany,2024-10-14,Standard,236.59
6584,Zoe Cole,zoe.cole6584@example.com,Canada,2025-12-08,Standard,688.14
6585,Wren Bell,wren.bell6585@example.com,Germany,2022-03-22,Basic,65.11
6586,Jade Tate,jade.tate6586@example.com,United States,2026-08-18,Basic,178.58
6587,Liam Nash,liam.nash6587@example.com,Canada,2026-06-11,Standard,739.86
6588,Wren Finn,wren.finn6588@example.com,France,2023-04-17,Basic,115.77
6589,Nico Frost,nico.frost6589@example.com,India,2026-03-15,Basic,104.90
6590,Jade Nash,jade.nash6590@example.com,United States,2022-11-27,Basic,144.58
6591,Hugo Lane,hugo.lane6591@example.com,Canada,2026-04-01,Basic,163.19
6592,Jade Tate,jade.tate6592@example.com,United States,2025-05-26,Standard,319.80
6593,Owen Walsh,owen.walsh6593@example.com,Mexico,2024-10-28,Basic,131.97
6594,Ethan Cole,ethan.cole6594@example.com,Canada,2026-04-20,Premium,2252.84
6595,Silas Dunn,silas.dunn6595@example.com,India,2022-02-23,Basic,8.76
6596,Owen Tate,owen.tate6596@example.com,United States,2026-06-29,Basic,6.13
6597,Owen Kerr,owen.kerr6597@example.com,France,2024-02-02,Standard,171.47
6598,Felix Brooks,felix.brooks6598@example.com,United States,2024-10-22,Basic,50.15
6599,Caleb Quinn,caleb.quinn6599@example.com,United States,2022-06-28,Basic,146.71
6600,Noah Nash,noah.nash6600@example.com,Mexico,2022-05-09,Standard,606.54
6601,Piper Cruz,piper.cruz6601@example.com,Canada,2026-06-12,Standard,301.08
6602,Ethan Park,ethan.park6602@example.com,France,2025-03-21,Premium,3007.39
6603,Nico Zane,nico.zane6603@example.com,United States,2022-09-20,Basic,6.75
6604,Ruby Blair,ruby.blair6604@example.com,Australia,2023-06-08,Standard,329.24
6605,Hugo Blair,hugo.blair6605@example.com,United States,2022-03-30,Standard,589.17
6606,Leo Quinn,leo.quinn6606@example.com,Japan,2023-08-26,Basic,129.46
6607,Ava Quinn,ava.quinn6607@example.com,United Kingdom,2023-02-13,Premium,1139.41
6608,Owen Lane,owen.lane6608@example.com,Spain,2024-07-21,Standard,798.71
6609,Caleb Nash,caleb.nash6609@example.com,Germany,2022-10-28,Premium,4089.44
6610,Felix Nash,felix.nash6610@example.com,France,2024-01-02,Basic,138.69
6611,Mila West,mila.west6611@example.com,Germany,2025-09-07,Basic,27.88
6612,Jonah Pike,jonah.pike6612@example.com,United States,2024-12-06,Basic,196.57
6613,Jade Park,jade.park6613@example.com,France,2024-10-14,Standard,775.77
6614,Jade West,jade.west6614@example.com,Germany,2024-09-02,Basic,143.50
6615,Arlo Moss,arlo.moss6615@example.com,United States,2026-09-06,Basic,152.27
6616,Felix Quinn,felix.quinn6616@example.com,United States,2025-01-04,Standard,160.13
6617,Theo Dunn,theo.dunn6617@example.com,Canada,2025-07-26,Standard,260.68
6618,Noah Drew,noah.drew6618@example.com,United States,2023-07-18,Standard,523.49
6619,Liam Dunn,liam.dunn6619@example.com,United Kingdom,2024-10-23,Standard,587.24
6620,Arlo Bell,arlo.bell6620@example.com,United States,2026-02-17,Basic,149.50
6621,Wren Lang,wren.lang6621@example.com,United States,2025-02-11,Standard,90.13
6622,Jonah Dunn,jonah.dunn6622@example.com,India,2026-01-30,Basic,13.12
6623,Owen Gray,owen.gray6623@example.com,United States,2024-09-19,Standard,468.11
6624,Lila Lane,lila.lane6624@example.com,Netherlands,2022-08-06,Standard,756.91
6625,Piper Lane,piper.lane6625@example.com,Canada,2022-10-15,Standard,93.21
6626,Leo Young,leo.young6626@example.com,United Kingdom,2023-01-27,Standard,358.72
6627,Sadie Reed,sadie.reed6627@example.com,India,2023-10-10,Standard,379.85
6628,Ava Shaw,ava.shaw6628@example.com,United Kingdom,2024-05-11,Standard,647.80
6629,Ava Nash,ava.nash6629@example.com,India,2025-07-24,Basic,24.47
6630,Mila Moss,mila.moss6630@example.com,France,2023-07-26,Standard,293.67
6631,Noah Hale,noah.hale6631@example.com,United Kingdom,2025-08-21,Basic,114.11
6632,Hugo Lane,hugo.lane6632@example.com,India,2023-07-01,Basic,92.54
6633,Arlo Park,arlo.park6633@example.com,Canada,2024-11-23,Basic,194.47
6634,Felix Shaw,felix.shaw6634@example.com,India,2024-10-27,Standard,738.95
6635,Theo Snow,theo.snow6635@example.com,Brazil,2025-08-12,Standard,227.50
6636,Silas Walsh,silas.walsh6636@example.com,United States,2022-03-21,Basic,149.26
6637,Mila Nash,mila.nash6637@example.com,United States,2023-07-22,Basic,7.09
6638,Mila Park,mila.park6638@example.com,Germany,2022-05-20,Standard,213.57
6639,Silas Reed,silas.reed6639@example.com,United States,2024-06-27,Standard,531.11
6640,Felix York,felix.york6640@example.com,United States,2023-07-27,Standard,174.22
6641,Jade Hart,jade.hart6641@example.com,Mexico,2025-02-04,Basic,140.09
6642,Miles York,miles.york6642@example.com,Canada,2023-07-14,Premium,1280.84
6643,Miles Nash,miles.nash6643@example.com,United Kingdom,2024-10-16,Basic,19.42
6644,Iris Drew,iris.drew6644@example.com,Canada,2022-06-18,Standard,200.70
6645,Silas Hart,silas.hart6645@example.com,Germany,2024-08-12,Basic,4.51
6646,Owen Cole,owen.cole6646@example.com,Germany,2022-04-07,Standard,423.90
6647,Felix Frost,felix.frost6647@example.com,India,2024-08-07,Standard,370.17
6648,Zoe Frost,zoe.frost6648@example.com,Australia,2026-05-02,Basic,173.70
6649,Sadie Finn,sadie.finn6649@example.com,Australia,2023-06-10,Basic,196.84
6650,Silas Snow,silas.snow6650@example.com,India,2025-08-01,Basic,18.69
6651,Ruby Snow,ruby.snow6651@example.com,Germany,2022-07-27,Basic,152.05
6652,Chloe Finn,chloe.finn6652@example.com,India,2025-04-23,Standard,237.08
6653,Ruby Pike,ruby.pike6653@example.com,United States,2024-08-14,Basic,7.31
6654,Caleb West,caleb.west6654@example.com,United States,2025-10-24,Standard,301.19
6655,Noah Quinn,noah.quinn6655@example.com,India,2023-08-14,Standard,371.20
6656,Zoe Cole,zoe.cole6656@example.com,United States,2024-01-02,Premium,4114.12
6657,Ella Tate,ella.tate6657@example.com,Germany,2022-09-13,Standard,267.64
6658,Chloe Moss,chloe.moss6658@example.com,Brazil,2024-08-30,Standard,124.53
6659,Ava Cole,ava.cole6659@example.com,Netherlands,2024-07-31,Standard,404.95
6660,Ivy Lang,ivy.lang6660@example.com,United Kingdom,2024-02-20,Basic,153.68
6661,Caleb Hart,caleb.hart6661@example.com,Japan,2026-05-21,Basic,108.33
6662,Ivy Pike,ivy.pike6662@example.com,United States,2025-08-22,Standard,252.94
6663,Ivy Walsh,ivy.walsh6663@example.com,United Kingdom,2022-08-12,Premium,3839.64
6664,Mia Walsh,mia.walsh6664@example.com,Netherlands,2022-02-25,Standard,230.23
6665,Ava Pike,ava.pike6665@example.com,United States,2026-02-18,Premium,2607.69
6666,Piper Dunn,piper.dunn6666@example.com,India,2024-01-09,Standard,218.55
6667,Ethan Quinn,ethan.quinn6667@example.com,United Kingdom,2022-12-02,Basic,138.88
6668,Silas Zane,silas.zane6668@example.com,Mexico,2023-05-16,Standard,529.11
6669,Wren Blair,wren.blair6669@example.com,Australia,2023-10-10,Standard,606.29
6670,Liam Walsh,liam.walsh6670@example.com,United States,2025-11-04,Basic,102.45
6671,Felix Park,felix.park6671@example.com,India,2023-09-30,Standard,404.07
6672,Hugo Nash,hugo.nash6672@example.com,India,2024-12-29,Standard,410.72
6673,Nico Tate,nico.tate6673@example.com,United States,2026-04-13,Standard,465.14
6674,Theo Nash,theo.nash6674@example.com,United States,2025-08-06,Standard,533.32
6675,Noah Cruz,noah.cruz6675@example.com,Brazil,2025-04-03,Premium,4783.57
6676,Nico Hale,nico.hale6676@example.com,United States,2026-06-25,Standard,301.00
6677,Zoe Blair,zoe.blair6677@example.com,United Kingdom,2023-04-17,Standard,505.88
6678,Lila Brooks,lila.brooks6678@example.com,Spain,2026-02-17,Basic,109.20
6679,Jade Gray,jade.gray6679@example.com,Germany,2023-11-20,Standard,86.72
6680,Arlo Snow,arlo.snow6680@example.com,United States,2024-10-15,Standard,716.47
6681,Mia Dunn,mia.dunn6681@example.com,Brazil,2026-08-09,Basic,147.80
6682,Silas Blair,silas.blair6682@example.com,India,2026-08-12,Standard,436.25
6683,Arlo Nash,arlo.nash6683@example.com,United Kingdom,2025-12-07,Standard,670.44
6684,Jonah York,jonah.york6684@example.com,United Kingdom,2023-07-15,Standard,791.20
6685,Ella Drew,ella.drew6685@example.com,United States,2023-09-19,Basic,139.96
6686,Caleb Snow,caleb.snow6686@example.com,Canada,2024-03-02,Premium,3479.52
6687,Theo West,theo.west6687@example.com,United States,2023-09-02,Standard,766.09
6688,Miles Nash,miles.nash6688@example.com,India,2024-01-16,Basic,119.60
6689,Silas Blair,silas.blair6689@example.com,France,2026-05-28,Standard,787.24
6690,Leo Young,leo.young6690@example.com,United Kingdom,2026-07-06,Basic,124.46
6691,Ava Dunn,ava.dunn6691@example.com,United States,2023-06-05,Premium,627.70
6692,Chloe Reed,chloe.reed6692@example.com,United States,2023-12-27,Basic,64.91
6693,Asher Shaw,asher.shaw6693@example.com,India,2022-05-04,Premium,3506.81
6694,Wren Finn,wren.finn6694@example.com,Japan,2022-10-17,Basic,82.86
6695,Chloe Hart,chloe.hart6695@example.com,United States,2022-10-06,Standard,522.60
6696,Felix Young,felix.young6696@example.com,India,2023-08-31,Basic,65.95
6697,Liam Hale,liam.hale6697@example.com,United States,2022-09-27,Standard,537.23
6698,Noah Gray,noah.gray6698@example.com,India,2025-11-19,Basic,191.52
6699,Caleb Cole,caleb.cole6699@example.com,France,2024-12-23,Basic,84.75
6700,Ruby Nash,ruby.nash6700@example.com,France,2022-11-15,Standard,368.23
6701,Miles Quinn,miles.quinn6701@example.com,Germany,2023-06-26,Basic,186.74
6702,Miles Lang,miles.lang6702@example.com,Netherlands,2023-09-20,Standard,514.44
6703,Iris Finn,iris.finn6703@example.com,Canada,2024-11-04,Standard,202.01
6704,Ethan Vale,ethan.vale6704@example.com,India,2024-10-06,Basic,94.33
6705,Felix Lang,felix.lang6705@example.com,Japan,2024-06-18,Basic,34.88
6706,Lila Cole,lila.cole6706@example.com,United States,2025-10-30,Standard,416.81
6707,Jade Hart,jade.hart6707@example.com,France,2023-03-04,Standard,566.60
6708,Nico Hale,nico.hale6708@example.com,Germany,2022-07-29,Basic,151.27
6709,Miles Zane,miles.zane6709@example.com,India,2026-04-19,Basic,90.69
6710,Noah Drew,noah.drew6710@example.com,Canada,2025-09-21,Basic,120.12
6711,Liam Quinn,liam.quinn6711@example.com,United Kingdom,2024-10-30,Standard,154.14
6712,Liam Hart,liam.hart6712@example.com,Netherlands,2025-12-19,Standard,222.04
6713,Theo Kerr,theo.kerr6713@example.com,United States,2026-05-07,Standard,432.66
6714,Felix Gray,felix.gray6714@example.com,United Kingdom,2026-06-13,Standard,739.29
6715,Iris Nash,iris.nash6715@example.com,Netherlands,2024-05-10,Standard,692.73
6716,Jonah Snow,jonah.snow6716@example.com,United States,2023-03-07,Standard,467.26
6717,Iris Drew,iris.drew6717@example.com,India,2026-08-07,Standard,648.74
6718,Ivy Lang,ivy.lang6718@example.com,India,2024-12-01,Basic,70.76
6719,Asher Shaw,asher.shaw6719@example.com,France,2022-06-13,Basic,112.95
6720,Liam Brooks,liam.brooks6720@example.com,United Kingdom,2024-09-29,Premium,2812.22
6721,Mila Reed,mila.reed6721@example.com,United States,2025-07-10,Premium,3785.40
6722,Ruby Kerr,ruby.kerr6722@example.com,Spain,2025-03-11,Standard,551.55
6723,Silas Zane,silas.zane6723@example.com,United States,2024-10-14,Basic,22.37
6724,Leo Young,leo.young6724@example.com,United States,2022-02-23,Standard,516.74
6725,Ethan Hart,ethan.hart6725@example.com,France,2022-05-15,Standard,778.90
6726,Chloe Cole,chloe.cole6726@example.com,Japan,2024-01-11,Premium,771.26
6727,Jonah Finn,jonah.finn6727@example.com,United States,2024-07-09,Standard,348.49
6728,Liam Nash,liam.nash6728@example.com,Mexico,2023-07-18,Standard,162.24
6729,Hugo Frost,hugo.frost6729@example.com,United States,2026-04-21,Standard,259.59
6730,Felix Kerr,felix.kerr6730@example.com,Netherlands,2024-02-04,Standard,85.12
6731,Lila Nash,lila.nash6731@example.com,India,2022-01-01,Standard,127.06
6732,Jonah Nash,jonah.nash6732@example.com,France,2025-07-10,Standard,675.98
6733,Mia West,mia.west6733@example.com,India,2024-12-05,Standard,416.05
6734,Leo Reed,leo.reed6734@example.com,Mexico,2025-12-03,Standard,473.82
6735,Sadie Shaw,sadie.shaw6735@example.com,United States,2023-03-06,Basic,24.70
6736,Wren Lane,wren.lane6736@example.com,Netherlands,2025-07-01,Basic,169.11
6737,Hugo Vale,hugo.vale6737@example.com,United States,2024-01-09,Basic,145.97
6738,Silas Finn,silas.finn6738@example.com,United States,2022-01-29,Premium,4794.18
6739,Arlo Cruz,arlo.cruz6739@example.com,United States,2024-06-07,Standard,53.96
6740,Jade Finn,jade.finn6740@example.com,United States,2023-11-20,Standard,65.44
6741,Ethan Snow,ethan.snow6741@example.com,United States,2023-03-29,Basic,7.87
6742,Noah Vale,noah.vale6742@example.com,France,2024-10-07,Standard,508.16
6743,Lila Kerr,lila.kerr6743@example.com,United Kingdom,2025-10-30,Basic,177.34
6744,Nora Hart,nora.hart6744@example.com,France,2022-07-18,Standard,448.01
6745,Nora Brooks,nora.brooks6745@example.com,Japan,2024-06-15,Standard,280.65
6746,Jade Cole,jade.cole6746@example.com,Australia,2025-10-18,Standard,565.56
6747,Zoe Vale,zoe.vale6747@example.com,Canada,2023-11-26,Standard,186.81
6748,Theo Zane,theo.zane6748@example.com,India,2022-10-03,Standard,101.59
6749,Caleb Snow,caleb.snow6749@example.com,United States,2025-02-07,Basic,88.60
6750,Mila Hale,mila.hale6750@example.com,United States,2025-11-11,Standard,389.80
6751,Arlo Pike,arlo.pike6751@example.com,Germany,2024-03-01,Standard,391.82
6752,Felix Blair,felix.blair6752@example.com,France,2023-02-17,Basic,188.08
6753,Jade Frost,jade.frost6753@example.com,India,2026-01-04,Premium,4443.46
6754,Jade Pike,jade.pike6754@example.com,Spain,2024-06-23,Standard,778.64
6755,Jade Hale,jade.hale6755@example.com,Brazil,2024-05-09,Standard,788.77
6756,Lila Lang,lila.lang6756@example.com,Netherlands,2024-01-08,Basic,174.62
6757,Nora Vale,nora.vale6757@example.com,United States,2026-03-19,Standard,162.77
6758,Noah Pike,noah.pike6758@example.com,Netherlands,2024-07-26,Standard,248.22
6759,Miles Frost,miles.frost6759@example.com,Germany,2025-07-03,Basic,77.38
6760,Piper Dunn,piper.dunn6760@example.com,Australia,2023-10-12,Standard,333.93
6761,Chloe York,chloe.york6761@example.com,Spain,2023-07-25,Premium,3514.60
6762,Ivy Young,ivy.young6762@example.com,Canada,2023-06-29,Basic,116.77
6763,Felix Hale,felix.hale6763@example.com,Mexico,2023-06-14,Standard,373.54
6764,Arlo Vale,arlo.vale6764@example.com,United States,2022-01-06,Standard,433.68
6765,Noah York,noah.york6765@example.com,United States,2023-12-07,Standard,139.48
6766,Silas Bell,silas.bell6766@example.com,United Kingdom,2026-05-30,Basic,190.02
6767,Ethan Shaw,ethan.shaw6767@example.com,Netherlands,2022-10-13,Basic,16.44
6768,Wren Park,wren.park6768@example.com,Spain,2025-09-30,Basic,52.11
6769,Jonah Blair,jonah.blair6769@example.com,India,2022-08-30,Basic,46.19
6770,Leo Pike,leo.pike6770@example.com,Mexico,2022-05-29,Basic,50.56
6771,Nico Cole,nico.cole6771@example.com,France,2023-12-01,Premium,2900.37
6772,Felix Bell,,United Kingdom,2025-04-17,Basic,37.72
6773,Leo Cole,leo.cole6773@example.com,United Kingdom,2023-11-29,Standard,559.03
6774,Ella Hart,ella.hart6774@example.com,Germany,2026-01-22,Premium,4977.81
6775,Ava Young,ava.young6775@example.com,Netherlands,2026-07-20,Basic,176.19
6776,Ivy Shaw,ivy.shaw6776@example.com,United States,2023-02-25,Basic,10.10
6777,Ivy Young,ivy.young6777@example.com,United States,2023-05-19,Basic,132.92
6778,Nora Gray,nora.gray6778@example.com,France,2023-10-24,Standard,618.43
6779,Hugo Zane,hugo.zane6779@example.com,Australia,2025-10-23,Standard,631.70
6780,Nico Lang,nico.lang6780@example.com,Japan,2022-02-26,Basic,163.29
6781,Silas Brooks,silas.brooks6781@example.com,United States,2023-07-12,Standard,544.57
6782,Liam Tate,liam.tate6782@example.com,United States,2024-06-30,Standard,91.13
6783,Noah Snow,noah.snow6783@example.com,France,2026-02-03,Standard,689.89
6784,Caleb Young,caleb.young6784@example.com,United States,2025-02-20,Basic,143.41
6785,Mia Hale,mia.hale6785@example.com,Japan,2024-02-21,Basic,78.10
6786,Lila Zane,lila.zane6786@example.com,Canada,2022-06-12,Basic,117.23
6787,Jade York,jade.york6787@example.com,Japan,2022-01-13,Basic,106.50
6788,Ruby Moss,ruby.moss6788@example.com,Canada,2022-09-07,Basic,171.54
6789,Zoe Frost,zoe.frost6789@example.com,India,2023-09-22,Basic,21.97
6790,Ruby Reed,ruby.reed6790@example.com,United Kingdom,2023-04-24,Standard,133.25
6791,Ruby Walsh,ruby.walsh6791@example.com,France,2024-10-22,Basic,154.05
6792,Ethan Shaw,ethan.shaw6792@example.com,United States,2025-03-17,Standard,275.47
6793,Mia Gray,mia.gray6793@example.com,United States,2023-03-25,Standard,737.01
6794,Jade Tate,jade.tate6794@example.com,United States,2023-10-06,Basic,184.54
6795,Silas Hart,silas.hart6795@example.com,India,2022-09-09,Premium,1609.50
6796,Nico Nash,nico.nash6796@example.com,United States,2026-01-11,Basic,89.49
6797,Lila Drew,lila.drew6797@example.com,United Kingdom,2024-07-17,Basic,158.26
6798,Mia Moss,mia.moss6798@example.com,Australia,2022-08-15,Basic,152.25
6799,Piper Kerr,piper.kerr6799@example.com,United States,2023-10-09,Standard,597.47
6800,Theo Dunn,theo.dunn6800@example.com,France,2022-07-22,Basic,131.68
6801,Felix Tate,felix.tate6801@example.com,United Kingdom,2025-08-30,Basic,131.29
6802,Jonah Zane,jonah.zane6802@example.com,Australia,2024-07-10,Basic,130.90
6803,Arlo Moss,arlo.moss6803@example.com,India,2024-02-28,Basic,131.35
6804,Nico Drew,nico.drew6804@example.com,Canada,2025-02-25,Standard,512.40
6805,Zoe Hart,zoe.hart6805@example.com,India,2023-12-02,Standard,233.07
6806,Sadie Shaw,sadie.shaw6806@example.com,Brazil,2023-01-14,Standard,142.54
6807,Jonah Moss,jonah.moss6807@example.com,France,2025-01-05,Premium,3223.19
6808,Jonah Bell,jonah.bell6808@example.com,France,2024-09-25,Standard,238.20
6809,Chloe Moss,chloe.moss6809@example.com,United States,2022-12-08,Standard,56.48
6810,Miles Quinn,miles.quinn6810@example.com,France,2025-11-18,Basic,13.30
6811,Miles Young,miles.young6811@example.com,France,2025-01-03,Standard,662.64
6812,Silas Hale,silas.hale6812@example.com,Germany,2026-05-27,Standard,411.27
6813,Noah Brooks,noah.brooks6813@example.com,Germany,2023-09-18,Standard,593.79
6814,Nico Shaw,nico.shaw6814@example.com,United States,2022-11-29,Standard,164.97
6815,Ruby Cole,ruby.cole6815@example.com,United States,2025-11-27,Premium,1495.71
6816,Sadie Tate,sadie.tate6816@example.com,United States,2022-02-10,Basic,25.88
6817,Liam Zane,liam.zane6817@example.com,Brazil,2023-06-23,Premium,4005.30
6818,Ava Pike,ava.pike6818@example.com,Germany,2023-10-25,Standard,499.75
6819,Lila York,lila.york6819@example.com,United States,2023-08-16,Standard,515.93
6820,Zoe Dunn,zoe.dunn6820@example.com,United Kingdom,2023-07-21,Standard,302.78
6821,Miles Finn,miles.finn6821@example.com,United States,2024-07-20,Standard,735.87
6822,Ivy Lane,ivy.lane6822@example.com,Canada,2025-03-17,Premium,3363.69
6823,Ivy Gray,ivy.gray6823@example.com,India,2022-07-02,Standard,366.58
6824,Nora Moss,nora.moss6824@example.com,Spain,2025-06-18,Basic,141.56
6825,Jade Cole,jade.cole6825@example.com,United States,2025-01-16,Basic,188.47
6826,Leo Kerr,leo.kerr6826@example.com,Germany,2025-09-22,Basic,82.03
6827,Mia Vale,mia.vale6827@example.com,Netherlands,2023-11-01,Basic,126.83
6828,Jade Brooks,jade.brooks6828@example.com,France,2026-03-16,Basic,191.08
6829,Liam Park,liam.park6829@example.com,India,2022-09-22,Basic,86.42
6830,Nico Shaw,nico.shaw6830@example.com,United Kingdom,2024-08-21,Basic,137.92
6831,Iris Reed,iris.reed6831@example.com,Canada,2025-11-01,Standard,753.43
6832,Caleb Nash,caleb.nash6832@example.com,Brazil,2022-08-28,Standard,686.02
6833,Sadie Vale,sadie.vale6833@example.com,Germany,2026-01-28,Standard,113.71
6834,Mia Tate,mia.tate6834@example.com,United States,2026-07-31,Basic,162.02
6835,Wren Quinn,wren.quinn6835@example.com,United States,2026-05-31,Standard,460.00
6836,Nico Lang,nico.lang6836@example.com,Brazil,2022-01-19,Basic,61.56
6837,Theo Hale,theo.hale6837@example.com,United States,2022-09-21,Standard,212.79
6838,Mila West,mila.west6838@example.com,Australia,2025-03-17,Basic,13.58
6839,Piper Drew,piper.drew6839@example.com,India,2024-02-23,Basic,56.20
6840,Wren Frost,wren.frost6840@example.com,India,2024-05-04,Basic,59.92
6841,Zoe Brooks,zoe.brooks6841@example.com,United Kingdom,2024-04-15,Premium,1638.05
6842,Piper Snow,piper.snow6842@example.com,United States,2025-10-20,Standard,512.43
6843,Noah Bell,noah.bell6843@example.com,United States,2022-09-27,Standard,552.34
6844,Zoe Lane,zoe.lane6844@example.com,Germany,2023-07-21,Standard,68.99
6845,Owen Brooks,owen.brooks6845@example.com,United Kingdom,2025-05-04,Standard,740.81
6846,Wren Frost,wren.frost6846@example.com,United States,2022-11-23,Premium,821.32
6847,Zoe Young,zoe.young6847@example.com,United Kingdom,2026-03-23,Standard,504.19
6848,Noah York,noah.york6848@example.com,United States,2026-03-08,Standard,328.34
6849,Hugo West,hugo.west6849@example.com,United States,2022-04-21,Standard,790.56
6850,Asher Snow,asher.snow6850@example.com,United States,2023-07-07,Standard,55.12
6851,Caleb Zane,caleb.zane6851@example.com,United States,2025-06-23,Basic,3.94
6852,Chloe York,chloe.york6852@example.com,France,2023-04-28,Premium,4052.98
6853,Nora Kerr,nora.kerr6853@example.com,Netherlands,2022-09-22,Basic,160.22
6854,Jonah Gray,jonah.gray6854@example.com,Germany,2023-12-28,Standard,499.77
6855,Ruby Vale,ruby.vale6855@example.com,Canada,2024-06-27,Standard,517.88
6856,Jonah Cole,jonah.cole6856@example.com,United Kingdom,2022-08-07,Standard,427.61
6857,Chloe Walsh,chloe.walsh6857@example.com,Canada,2024-05-26,Standard,188.61
6858,Nora Young,nora.young6858@example.com,France,2026-06-24,Basic,189.10
6859,Hugo West,hugo.west6859@example.com,United States,2024-08-05,Standard,116.85
6860,Wren Nash,wren.nash6860@example.com,United Kingdom,2025-08-07,Basic,32.18
6861,Ivy Young,ivy.young6861@example.com,Brazil,2025-07-27,Standard,377.10
6862,Sadie Brooks,sadie.brooks6862@example.com,Germany,2026-02-26,Standard,757.25
6863,Asher Gray,asher.gray6863@example.com,Germany,2023-08-13,Basic,146.29
6864,Jonah Blair,jonah.blair6864@example.com,Brazil,2025-03-03,Standard,141.58
6865,Wren Nash,wren.nash6865@example.com,France,2022-03-30,Standard,339.73
6866,Chloe Zane,chloe.zane6866@example.com,France,2022-10-31,Premium,2815.27
6867,Leo Finn,leo.finn6867@example.com,India,2024-01-13,Standard,462.95
6868,Chloe Hale,chloe.hale6868@example.com,Spain,2026-07-01,Basic,59.23
6869,Mia Snow,mia.snow6869@example.com,Canada,2025-10-11,Basic,61.26
6870,Ethan Brooks,ethan.brooks6870@example.com,India,2025-08-31,Basic,106.56
6871,Asher Quinn,asher.quinn6871@example.com,India,2023-05-30,Premium,1493.99
6872,Ella Drew,ella.drew6872@example.com,Canada,2023-08-18,Basic,82.24
6873,Ivy Tate,ivy.tate6873@example.com,India,2026-07-14,Standard,598.40
6874,Sadie Quinn,sadie.quinn6874@example.com,United States,2026-04-06,Standard,59.77
6875,Piper Brooks,piper.brooks6875@example.com,United States,2024-06-23,Standard,571.63
6876,Iris Bell,iris.bell6876@example.com,United States,2024-11-07,Standard,111.54
6877,Nico Gray,nico.gray6877@example.com,Brazil,2024-07-02,Standard,764.82
6878,Nora Hale,nora.hale6878@example.com,United States,2023-03-24,Standard,296.88
6879,Theo Park,theo.park6879@example.com,United States,2022-03-31,Standard,106.86
6880,Jade Brooks,jade.brooks6880@example.com,United States,2022-10-15,Basic,112.10
6881,Lila Lang,lila.lang6881@example.com,Australia,2024-09-01,Basic,146.12
6882,Jade Lane,jade.lane6882@example.com,United Kingdom,2024-04-26,Standard,208.06
6883,Jonah Reed,jonah.reed6883@example.com,United Kingdom,2024-08-05,Standard,86.45
6884,Owen Frost,owen.frost6884@example.com,Canada,2023-03-20,Standard,338.64
6885,Ethan Kerr,ethan.kerr6885@example.com,United Kingdom,2025-08-21,Standard,591.47
6886,Nico West,nico.west6886@example.com,Netherlands,2026-04-29,Standard,135.27
6887,Nora Frost,nora.frost6887@example.com,India,2023-11-13,Basic,39.67
6888,Chloe Lane,chloe.lane6888@example.com,United Kingdom,2026-03-29,Standard,139.10
6889,Wren Bell,wren.bell6889@example.com,India,2024-10-20,Standard,568.89
6890,Sadie Hale,sadie.hale6890@example.com,India,2025-03-05,Standard,523.07
6891,Arlo Dunn,arlo.dunn6891@example.com,India,2022-01-26,Standard,104.75
6892,Silas Zane,silas.zane6892@example.com,India,2023-04-14,Standard,336.95
6893,Chloe Lang,chloe.lang6893@example.com,United States,2024-03-20,Standard,406.57
6894,Lila Drew,lila.drew6894@example.com,United States,2025-02-28,Standard,259.39
6895,Ethan Young,ethan.young6895@example.com,United States,2023-06-28,Standard,493.69
6896,Leo York,leo.york6896@example.com,Australia,2026-01-15,Basic,64.86
6897,Chloe Gray,chloe.gray6897@example.com,Germany,2024-04-26,Standard,109.07
6898,Ruby Quinn,,Netherlands,2023-09-21,Standard,330.49
6899,Noah Reed,noah.reed6899@example.com,Germany,2025-01-21,Standard,151.55
6900,Owen Snow,owen.snow6900@example.com,United States,2025-02-19,Standard,237.09
6901,Liam Hart,liam.hart6901@example.com,United States,2025-07-31,Standard,244.77
6902,Caleb Young,caleb.young6902@example.com,United States,2022-11-09,Basic,54.45
6903,Asher Gray,asher.gray6903@example.com,United States,2025-10-11,Standard,450.57
6904,Sadie Pike,sadie.pike6904@example.com,France,2022-02-22,Basic,151.01
6905,Silas Shaw,silas.shaw6905@example.com,Australia,2026-07-17,Basic,107.61
6906,Ivy Finn,ivy.finn6906@example.com,France,2025-01-07,Premium,1613.68
6907,Felix Hale,felix.hale6907@example.com,Germany,2024-07-26,Standard,81.51
6908,Noah Vale,noah.vale6908@example.com,United Kingdom,2024-03-28,Standard,614.84
6909,Ella Pike,ella.pike6909@example.com,India,2023-03-31,Standard,615.48
6910,Arlo Hale,arlo.hale6910@example.com,India,2025-03-03,Basic,101.35
6911,Ivy Bell,ivy.bell6911@example.com,United States,2025-10-29,Standard,516.59
6912,Jade Lang,jade.lang6912@example.com,United Kingdom,2025-04-01,Premium,1447.74
6913,Nora Snow,nora.snow6913@example.com,United States,2024-09-03,Standard,291.64
6914,Ella Pike,ella.pike6914@example.com,Brazil,2023-03-08,Standard,237.10
6915,Nora Vale,nora.vale6915@example.com,United States,2023-05-17,Basic,99.67
6916,Iris Tate,iris.tate6916@example.com,Netherlands,2026-08-07,Basic,198.48
6917,Iris Reed,iris.reed6917@example.com,United States,2025-10-28,Standard,404.52
6918,Chloe Reed,chloe.reed6918@example.com,India,2023-05-09,Standard,382.02
6919,Piper Drew,piper.drew6919@example.com,Mexico,2024-05-02,Basic,130.33
6920,Liam Brooks,liam.brooks6920@example.com,Netherlands,2023-09-03,Standard,556.37
6921,Mia Cruz,mia.cruz6921@example.com,United Kingdom,2024-11-17,Premium,2575.42
6922,Ethan Bell,ethan.bell6922@example.com,Canada,2026-02-22,Basic,170.37
6923,Iris Bell,iris.bell6923@example.com,Spain,2025-06-15,Basic,55.51
6924,Ruby Drew,ruby.drew6924@example.com,Mexico,2022-02-08,Standard,372.18
6925,Felix Zane,felix.zane6925@example.com,Australia,2025-06-29,Basic,118.03
6926,Mia Bell,mia.bell6926@example.com,Australia,2023-10-26,Basic,136.67
6927,Silas Quinn,silas.quinn6927@example.com,United Kingdom,2022-04-07,Standard,785.89
6928,Theo Cole,theo.cole6928@example.com,United States,2022-07-27,Basic,178.40
6929,Owen Cruz,owen.cruz6929@example.com,Canada,2026-02-26,Premium,1499.36
6930,Ruby York,ruby.york6930@example.com,United States,2022-10-04,Standard,316.71
6931,Jonah York,jonah.york6931@example.com,India,2025-07-17,Standard,772.25
6932,Silas Hart,silas.hart6932@example.com,India,2022-11-20,Premium,1338.56
6933,Arlo Snow,arlo.snow6933@example.com,Canada,2022-07-16,Premium,3127.59
6934,Mila Moss,mila.moss6934@example.com,United States,2022-11-10,Standard,365.17
6935,Sadie Walsh,sadie.walsh6935@example.com,United States,2023-02-04,Standard,367.67
6936,Wren Tate,wren.tate6936@example.com,India,2023-03-21,Standard,137.25
6937,Caleb Park,caleb.park6937@example.com,France,2022-06-12,Premium,1380.60
6938,Jonah Brooks,jonah.brooks6938@example.com,United States,2025-05-03,Standard,608.95
6939,Jonah Reed,jonah.reed6939@example.com,United States,2025-06-28,Premium,2322.86
6940,Asher Hart,asher.hart6940@example.com,Spain,2022-07-20,Basic,149.58
6941,Jonah Gray,jonah.gray6941@example.com,Netherlands,2025-11-29,Standard,68.01
6942,Ava Kerr,ava.kerr6942@example.com,United States,2025-04-06,Premium,3849.43
6943,Mila Lang,mila.lang6943@example.com,Germany,2023-12-03,Premium,4919.19
6944,Jade Blair,jade.blair6944@example.com,United States,2023-08-26,Basic,101.22
6945,Lila Cole,lila.cole6945@example.com,United States,2024-11-11,Standard,680.40
6946,Liam Moss,liam.moss6946@example.com,United Kingdom,2026-01-12,Basic,161.48
6947,Caleb Shaw,caleb.shaw6947@example.com,United States,2025-07-06,Standard,126.78
6948,Jade Kerr,jade.kerr6948@example.com,Canada,2022-10-01,Basic,158.14
6949,Zoe Cruz,zoe.cruz6949@example.com,Netherlands,2023-06-06,Basic,17.44
6950,Noah Finn,noah.finn6950@example.com,Mexico,2026-01-12,Standard,731.14
6951,Ava West,ava.west6951@example.com,Netherlands,2023-02-18,Basic,92.74
6952,Piper Kerr,piper.kerr6952@example.com,United States,2023-02-24,Standard,269.84
6953,Liam Pike,liam.pike6953@example.com,United States,2024-02-07,Basic,196.70
6954,Nico Kerr,nico.kerr6954@example.com,United States,2022-06-05,Standard,766.15
6955,Owen Nash,owen.nash6955@example.com,India,2023-01-18,Basic,147.74
6956,Ella Reed,ella.reed6956@example.com,Australia,2022-03-29,Standard,264.99
6957,Mia Cole,mia.cole6957@example.com,Canada,2025-03-01,Premium,2315.72
6958,Hugo Frost,hugo.frost6958@example.com,Spain,2026-03-06,Standard,331.94
6959,Ethan Young,ethan.young6959@example.com,India,2022-07-27,Standard,159.36
6960,Ella Vale,ella.vale6960@example.com,United States,2024-06-05,Standard,663.78
6961,Silas Tate,silas.tate6961@example.com,Canada,2022-10-05,Basic,195.88
6962,Ava Reed,ava.reed6962@example.com,United Kingdom,2024-11-04,Standard,570.32
6963,Nico Drew,nico.drew6963@example.com,Canada,2023-04-24,Basic,5.15
6964,Ethan Reed,ethan.reed6964@example.com,France,2022-06-21,Premium,3034.02
6965,Felix Snow,felix.snow6965@example.com,United Kingdom,2025-08-05,Basic,7.58
6966,Caleb Hale,caleb.hale6966@example.com,Japan,2022-06-08,Premium,3689.42
6967,Lila Drew,lila.drew6967@example.com,United States,2023-12-03,Basic,9.00
6968,Chloe Lane,chloe.lane6968@example.com,United States,2023-06-16,Basic,164.43
6969,Nora Reed,nora.reed6969@example.com,Canada,2024-09-29,Standard,635.34
6970,Noah Cole,noah.cole6970@example.com,Germany,2024-06-12,Basic,148.13
6971,Asher York,asher.york6971@example.com,United States,2025-09-03,Premium,4306.73
6972,Owen Hart,owen.hart6972@example.com,Canada,2025-09-13,Basic,96.37
6973,Wren Brooks,wren.brooks6973@example.com,Germany,2023-10-22,Standard,479.48
6974,Iris Young,iris.young6974@example.com,Germany,2022-12-01,Premium,2816.65
6975,Ethan Vale,ethan.vale6975@example.com,Mexico,2023-05-12,Standard,230.28
6976,Theo Reed,theo.reed6976@example.com,United States,2025-11-13,Standard,767.15
6977,Arlo Cole,arlo.cole6977@example.com,United Kingdom,2022-07-04,Standard,256.63
6978,Mia Tate,mia.tate6978@example.com,United States,2023-02-05,Standard,552.46
6979,Theo Hart,theo.hart6979@example.com,Australia,2022-03-22,Premium,2407.76
6980,Ava Reed,ava.reed6980@example.com,Canada,2022-05-12,Standard,136.69
6981,Felix York,felix.york6981@example.com,Japan,2024-08-30,Standard,151.76
6982,Hugo Quinn,hugo.quinn6982@example.com,Australia,2023-07-11,Standard,758.79
6983,Leo Snow,leo.snow6983@example.com,France,2024-11-10,Basic,182.23
6984,Ella Blair,ella.blair6984@example.com,United States,2026-05-28,Standard,383.73
6985,Wren Brooks,wren.brooks6985@example.com,Australia,2022-02-21,Standard,453.57
6986,Piper Frost,piper.frost6986@example.com,United States,2023-05-20,Standard,760.94
6987,Felix Bell,felix.bell6987@example.com,United States,2022-09-12,Standard,180.80
6988,Mila West,mila.west6988@example.com,Netherlands,2025-12-01,Standard,583.29
6989,Jonah Snow,jonah.snow6989@example.com,Germany,2024-05-02,Basic,23.33
6990,Sadie West,sadie.west6990@example.com,United States,2024-03-28,Standard,87.99
6991,Liam York,liam.york6991@example.com,United States,2022-07-13,Premium,2858.51
6992,Miles Frost,miles.frost6992@example.com,Netherlands,2026-09-25,Standard,661.71
6993,Mila Snow,mila.snow6993@example.com,Brazil,2025-09-24,Premium,1578.12
6994,Theo Hart,theo.hart6994@example.com,Mexico,2023-04-17,Standard,450.20
6995,Chloe Bell,chloe.bell6995@example.com,Canada,2025-09-07,Basic,44.55
6996,Nora West,nora.west6996@example.com,United States,2025-06-18,Standard,513.09
6997,Piper Dunn,piper.dunn6997@example.com,United States,2023-07-03,Standard,736.99
6998,Sadie Cruz,sadie.cruz6998@example.com,United States,2025-12-22,Standard,708.02
6999,Jonah Reed,jonah.reed6999@example.com,Spain,2025-06-22,Basic,199.12
7000,Jade Blair,jade.blair7000@example.com,India,2025-12-05,Standard,669.44
7001,Jade Hale,jade.hale7001@example.com,United States,2023-06-07,Standard,89.33
7002,Jade Tate,jade.tate7002@example.com,France,2024-04-01,Standard,605.33
7003,Ivy Kerr,ivy.kerr7003@example.com,Germany,2026-04-18,Standard,553.47
7004,Caleb Cruz,caleb.cruz7004@example.com,United States,2024-07-20,Standard,375.66
7005,Sadie Cruz,sadie.cruz7005@example.com,India,2024-03-15,Standard,504.56
7006,Zoe Kerr,zoe.kerr7006@example.com,United States,2026-02-10,Standard,774.64
7007,Miles Hale,miles.hale7007@example.com,United States,2022-11-15,Standard,670.39
7008,Owen Lane,owen.lane7008@example.com,Brazil,2026-08-28,Basic,76.89
7009,Nico Frost,nico.frost7009@example.com,Netherlands,2025-07-15,Basic,51.78
7010,Noah West,noah.west7010@example.com,Canada,2023-05-19,Premium,1916.46
7011,Mila Brooks,mila.brooks7011@example.com,India,2022-09-30,Premium,981.64
7012,Leo Pike,leo.pike7012@example.com,United States,2025-11-12,Basic,112.51
7013,Ethan West,ethan.west7013@example.com,Canada,2026-06-26,Standard,742.29
7014,Theo Shaw,theo.shaw7014@example.com,United States,2024-01-17,Standard,652.10
7015,Noah Frost,noah.frost7015@example.com,United Kingdom,2026-06-25,Standard,203.60
7016,Hugo Zane,hugo.zane7016@example.com,Spain,2023-02-21,Basic,88.76
7017,Nico Frost,nico.frost7017@example.com,United States,2022-08-04,Basic,153.08
7018,Nora Drew,nora.drew7018@example.com,United States,2025-03-08,Basic,108.93
7019,Jonah Gray,jonah.gray7019@example.com,India,2022-06-15,Standard,776.41
7020,Theo Kerr,theo.kerr7020@example.com,Brazil,2026-04-23,Standard,443.55
7021,Ella Cole,ella.cole7021@example.com,Brazil,2022-06-02,Standard,261.57
7022,Asher Walsh,asher.walsh7022@example.com,Netherlands,2023-07-14,Standard,693.71
7023,Piper Finn,piper.finn7023@example.com,United States,2024-03-04,Standard,427.84
7024,Ethan Dunn,ethan.dunn7024@example.com,Germany,2024-06-24,Standard,277.44
7025,Ruby Vale,ruby.vale7025@example.com,United Kingdom,2025-08-27,Basic,173.11
7026,Jade York,jade.york7026@example.com,Australia,2026-07-21,Standard,204.99
7027,Leo Cole,leo.cole7027@example.com,United States,2023-10-10,Basic,39.06
7028,Ruby Moss,ruby.moss7028@example.com,Australia,2026-06-21,Basic,173.35
7029,Owen West,owen.west7029@example.com,Brazil,2022-12-30,Standard,357.50
7030,Noah Lane,noah.lane7030@example.com,Japan,2025-02-16,Basic,56.20
7031,Ruby Lane,ruby.lane7031@example.com,Mexico,2022-02-22,Basic,164.87
7032,Mia Nash,mia.nash7032@example.com,Mexico,2023-05-04,Standard,677.04
7033,Theo Gray,theo.gray7033@example.com,Mexico,2022-12-11,Basic,101.10
7034,Ivy Lang,ivy.lang7034@example.com,Japan,2022-05-26,Premium,1908.50
7035,Piper Shaw,piper.shaw7035@example.com,Canada,2026-03-03,Premium,3595.07
7036,Ella Walsh,ella.walsh7036@example.com,United Kingdom,2025-05-03,Basic,135.40
7037,Owen Lang,owen.lang7037@example.com,United Kingdom,2022-07-29,Standard,242.72
7038,Silas West,silas.west7038@example.com,Germany,2024-10-02,Basic,195.86
7039,Iris Gray,iris.gray7039@example.com,United Kingdom,2024-05-19,Premium,906.46
7040,Nico Park,nico.park7040@example.com,United States,2025-04-05,Standard,61.78
7041,Liam Walsh,liam.walsh7041@example.com,United Kingdom,2022-10-12,Basic,62.59
7042,Mia Shaw,mia.shaw7042@example.com,Netherlands,2026-04-09,Premium,776.31
7043,Ethan Zane,ethan.zane7043@example.com,United States,2026-07-20,Basic,177.31
7044,Miles Snow,miles.snow7044@example.com,Brazil,2023-04-10,Basic,43.79
7045,Liam Zane,liam.zane7045@example.com,France,2022-06-13,Standard,396.38
7046,Hugo Kerr,hugo.kerr7046@example.com,United Kingdom,2024-02-01,Standard,98.08
7047,Nico Vale,nico.vale7047@example.com,India,2025-06-19,Standard,643.30
7048,Lila Young,lila.young7048@example.com,United States,2022-05-07,Standard,138.40
7049,Caleb Quinn,caleb.quinn7049@example.com,United States,2023-06-12,Standard,564.13
7050,Ava Gray,ava.gray7050@example.com,Japan,2022-12-14,Standard,373.34
7051,Iris West,iris.west7051@example.com,Canada,2026-01-11,Standard,513.94
7052,Sadie Moss,sadie.moss7052@example.com,India,2023-10-22,Standard,408.16
7053,Chloe Lane,chloe.lane7053@example.com,India,2023-03-13,Basic,160.49
7054,Iris Park,iris.park7054@example.com,United States,2023-04-16,Standard,87.63
7055,Nora Lane,nora.lane7055@example.com,France,2025-09-13,Standard,750.76
7056,Nico Tate,nico.tate7056@example.com,Canada,2022-02-02,Standard,664.78
7057,Caleb Lang,caleb.lang7057@example.com,United States,2025-04-16,Standard,336.28
7058,Asher Drew,asher.drew7058@example.com,Germany,2023-10-11,Basic,1.45
7059,Mila Drew,mila.drew7059@example.com,United States,2022-04-25,Basic,77.45
7060,Nora Snow,nora.snow7060@example.com,United States,2022-10-01,Standard,745.65
7061,Leo Park,leo.park7061@example.com,Canada,2025-07-19,Standard,552.09
7062,Miles Kerr,miles.kerr7062@example.com,Australia,2023-03-10,Premium,2372.89
7063,Caleb Hale,,Netherlands,2022-02-05,Standard,687.23
7064,Nora West,nora.west7064@example.com,United States,2022-04-27,Premium,964.53
7065,Lila Frost,lila.frost7065@example.com,United States,2022-10-08,Standard,547.66
7066,Caleb Tate,caleb.tate7066@example.com,Netherlands,2024-12-14,Basic,7.64
7067,Jade Snow,jade.snow7067@example.com,United States,2025-04-07,Standard,434.55
7068,Noah Bell,noah.bell7068@example.com,India,2025-07-20,Standard,356.88
7069,Nora Pike,nora.pike7069@example.com,United Kingdom,2026-06-29,Standard,412.30
7070,Piper Cole,piper.cole7070@example.com,Canada,2026-02-03,Standard,483.65
7071,Noah Tate,noah.tate7071@example.com,Brazil,2025-10-28,Standard,525.16
7072,Mila Park,mila.park7072@example.com,Brazil,2024-09-22,Standard,380.31
7073,Theo Snow,theo.snow7073@example.com,India,2026-01-29,Basic,50.69
7074,Nora Quinn,nora.quinn7074@example.com,Spain,2026-08-02,Standard,771.95
7075,Wren Frost,wren.frost7075@example.com,Japan,2025-08-04,Standard,117.34
7076,Mia Hale,mia.hale7076@example.com,United Kingdom,2022-12-14,Standard,256.82
7077,Nico York,nico.york7077@example.com,Australia,2022-12-25,Standard,408.81
7078,Sadie Hale,sadie.hale7078@example.com,Mexico,2023-11-03,Basic,53.11
7079,Ivy Snow,ivy.snow7079@example.com,Germany,2025-10-21,Standard,788.90
7080,Asher Brooks,asher.brooks7080@example.com,Japan,2025-09-23,Standard,727.65
7081,Nora Drew,nora.drew7081@example.com,United States,2025-02-21,Premium,1874.83
7082,Mila Quinn,mila.quinn7082@example.com,India,2022-09-21,Standard,420.76
7083,Zoe Shaw,zoe.shaw7083@example.com,United Kingdom,2023-10-18,Standard,340.16
7084,Wren Kerr,wren.kerr7084@example.com,United States,2023-02-18,Standard,681.86
7085,Ella Kerr,ella.kerr7085@example.com,United States,2023-08-06,Standard,596.87
7086,Mia Frost,mia.frost7086@example.com,Canada,2022-12-10,Standard,78.52
7087,Ruby Brooks,ruby.brooks7087@example.com,United States,2024-03-25,Standard,372.52
7088,Ivy Drew,ivy.drew7088@example.com,United States,2024-12-15,Basic,196.22
7089,Jonah Bell,jonah.bell7089@example.com,Canada,2024-12-03,Standard,285.35
7090,Piper Pike,piper.pike7090@example.com,Mexico,2026-08-28,Basic,61.79
7091,Felix Blair,felix.blair7091@example.com,United States,2022-07-29,Basic,21.61
7092,Jonah Quinn,jonah.quinn7092@example.com,Japan,2022-04-09,Basic,80.35
7093,Ivy Tate,ivy.tate7093@example.com,India,2022-05-06,Basic,165.34
7094,Wren Moss,wren.moss7094@example.com,United States,2025-08-24,Standard,445.00
7095,Owen Shaw,owen.shaw7095@example.com,Brazil,2022-04-22,Basic,59.22
7096,Felix Hart,felix.hart7096@example.com,Netherlands,2022-06-28,Standard,341.65
7097,Jonah Zane,jonah.zane7097@example.com,United States,2022-11-21,Standard,137.57
7098,Noah Dunn,noah.dunn7098@example.com,Canada,2026-01-24,Standard,591.58
7099,Jonah Vale,jonah.vale7099@example.com,Canada,2024-05-02,Basic,112.08
7100,Mila Vale,mila.vale7100@example.com,United Kingdom,2023-09-04,Standard,483.61
7101,Asher Young,asher.young7101@example.com,United States,2024-10-29,Premium,1081.05
7102,Asher Lane,asher.lane7102@example.com,India,2023-02-18,Basic,117.38
7103,Mila Lang,mila.lang7103@example.com,United States,2022-04-14,Basic,45.78
7104,Ella Finn,ella.finn7104@example.com,United Kingdom,2023-02-25,Standard,358.07
7105,Wren Brooks,wren.brooks7105@example.com,India,2022-10-05,Standard,301.84
7106,Iris Cole,iris.cole7106@example.com,Spain,2022-06-18,Standard,319.71
7107,Leo Hale,leo.hale7107@example.com,United States,2025-09-03,Basic,170.40
7108,Nora Lane,nora.lane7108@example.com,United States,2022-02-16,Basic,46.94
7109,Ella Drew,ella.drew7109@example.com,United States,2026-06-18,Premium,2715.56
7110,Ava Pike,ava.pike7110@example.com,India,2023-10-18,Standard,211.60
7111,Hugo Tate,hugo.tate7111@example.com,Japan,2024-09-04,Standard,622.75
7112,Ethan Walsh,ethan.walsh7112@example.com,Netherlands,2024-05-10,Basic,93.60
7113,Theo Cole,theo.cole7113@example.com,United States,2022-10-06,Basic,148.49
7114,Iris Young,iris.young7114@example.com,France,2023-05-26,Basic,17.86
7115,Ethan Dunn,ethan.dunn7115@example.com,Canada,2023-11-02,Standard,676.50
7116,Arlo Reed,arlo.reed7116@example.com,Australia,2022-11-19,Standard,350.01
7117,Hugo Snow,hugo.snow7117@example.com,United Kingdom,2025-06-23,Basic,67.58
7118,Chloe Vale,chloe.vale7118@example.com,United States,2025-01-23,Basic,59.22
7119,Theo Drew,theo.drew7119@example.com,India,2025-05-19,Standard,160.92
7120,Sadie Hale,sadie.hale7120@example.com,India,2023-09-07,Basic,197.70
7121,Leo Quinn,leo.quinn7121@example.com,India,2025-07-03,Standard,138.10
7122,Hugo Kerr,hugo.kerr7122@example.com,United States,2026-07-31,Basic,128.96
7123,Felix Frost,felix.frost7123@example.com,Canada,2026-04-21,Basic,105.32
7124,Zoe Cole,zoe.cole7124@example.com,United States,2023-06-13,Basic,23.77
7125,Leo Reed,leo.reed7125@example.com,United States,2026-02-19,Standard,739.85
7126,Ella York,ella.york7126@example.com,United Kingdom,2024-10-08,Standard,62.23
7127,Silas Quinn,silas.quinn7127@example.com,Germany,2024-09-26,Standard,504.36
7128,Mila Brooks,mila.brooks7128@example.com,India,2024-02-09,Standard,641.69
7129,Noah Lang,noah.lang7129@example.com,India,2023-04-13,Basic,138.77
7130,Jonah Nash,jonah.nash7130@example.com,Spain,2022-04-02,Basic,42.00
7131,Arlo Bell,arlo.bell7131@example.com,United States,2025-11-16,Basic,101.44
7132,Felix Quinn,felix.quinn7132@example.com,Netherlands,2022-03-08,Standard,699.18
7133,Owen Drew,owen.drew7133@example.com,Canada,2025-10-10,Basic,81.32
7134,Liam Shaw,liam.shaw7134@example.com,Australia,2022-01-26,Premium,4413.95
7135,Jonah Dunn,jonah.dunn7135@example.com,Japan,2026-03-08,Standard,165.08
7136,Ella Young,ella.young7136@example.com,Germany,2022-12-30,Standard,689.36
7137,Leo Frost,leo.frost7137@example.com,India,2025-12-28,Standard,313.74
7138,Nico Nash,nico.nash7138@example.com,India,2024-09-30,Basic,164.53
7139,Nora Zane,nora.zane7139@example.com,United Kingdom,2022-04-17,Premium,2717.23
7140,Arlo Young,arlo.young7140@example.com,Netherlands,2022-05-24,Standard,505.50
7141,Leo Lang,leo.lang7141@example.com,India,2024-01-18,Standard,595.10
7142,Felix Shaw,felix.shaw7142@example.com,Canada,2025-02-20,Premium,3552.75
7143,Jade Frost,jade.frost7143@example.com,France,2024-05-11,Basic,78.31
7144,Ella Drew,ella.drew7144@example.com,United States,2025-03-10,Standard,535.61
7145,Nora Walsh,nora.walsh7145@example.com,United States,2022-05-27,Basic,71.78
7146,Ivy Dunn,ivy.dunn7146@example.com,Mexico,2023-01-19,Standard,222.62
7147,Ruby Zane,ruby.zane7147@example.com,United States,2022-11-01,Standard,539.15
7148,Ella Finn,ella.finn7148@example.com,France,2022-06-16,Standard,240.47
7149,Piper Kerr,piper.kerr7149@example.com,France,2026-02-22,Standard,458.80
7150,Theo Tate,theo.tate7150@example.com,Brazil,2025-04-02,Basic,159.28
7151,Theo Frost,theo.frost7151@example.com,France,2026-08-22,Standard,715.14
7152,Piper Finn,piper.finn7152@example.com,India,2026-09-07,Basic,187.31
7153,Miles Zane,miles.zane7153@example.com,United Kingdom,2024-10-10,Standard,116.78
7154,Ruby Kerr,ruby.kerr7154@example.com,France,2026-08-29,Standard,290.12
7155,Ethan Park,ethan.park7155@example.com,France,2022-06-10,Standard,603.06
7156,Ruby Nash,ruby.nash7156@example.com,Spain,2022-10-02,Standard,682.65
7157,Caleb Pike,caleb.pike7157@example.com,India,2022-01-21,Standard,194.96
7158,Jonah Pike,jonah.pike7158@example.com,United States,2025-05-25,Standard,168.58
7159,Sadie Tate,sadie.tate7159@example.com,Canada,2024-08-13,Standard,72.25
7160,Wren Bell,wren.bell7160@example.com,United Kingdom,2026-07-22,Standard,558.96
7161,Ava Shaw,ava.shaw7161@example.com,United States,2022-01-25,Basic,135.40
7162,Ivy Moss,ivy.moss7162@example.com,United States,2026-02-18,Standard,512.40
7163,Jonah Vale,jonah.vale7163@example.com,Australia,2023-08-16,Standard,267.84
7164,Mila Finn,mila.finn7164@example.com,Japan,2022-01-04,Standard,440.55
7165,Jade Hart,jade.hart7165@example.com,India,2023-03-21,Basic,52.21
7166,Jonah Blair,jonah.blair7166@example.com,India,2023-09-24,Premium,4521.23
7167,Lila Reed,lila.reed7167@example.com,United Kingdom,2025-11-23,Basic,124.82
7168,Ivy Lang,ivy.lang7168@example.com,United States,2026-01-24,Basic,75.12
7169,Silas Lane,silas.lane7169@example.com,United States,2025-02-14,Basic,168.70
7170,Iris Park,iris.park7170@example.com,Spain,2025-01-11,Standard,54.33
7171,Felix Tate,felix.tate7171@example.com,Japan,2025-12-11,Standard,481.90
7172,Lila Hale,lila.hale7172@example.com,Spain,2025-09-16,Basic,21.98
7173,Theo Lane,theo.lane7173@example.com,Australia,2025-09-23,Standard,133.98
7174,Iris Walsh,iris.walsh7174@example.com,Netherlands,2024-10-26,Premium,4495.64
7175,Mia Vale,mia.vale7175@example.com,France,2026-07-16,Standard,324.06
7176,Piper Pike,piper.pike7176@example.com,Canada,2024-03-14,Standard,448.08
7177,Jonah Reed,jonah.reed7177@example.com,Australia,2022-11-21,Standard,592.82
7178,Nico Lane,nico.lane7178@example.com,United States,2022-01-21,Standard,302.30
7179,Ivy Hale,ivy.hale7179@example.com,United States,2022-12-21,Standard,414.48
7180,Ava Tate,ava.tate7180@example.com,United Kingdom,2023-12-08,Standard,309.43
7181,Felix Lang,felix.lang7181@example.com,United States,2025-12-26,Premium,1815.61
7182,Hugo Lane,hugo.lane7182@example.com,India,2025-11-11,Standard,482.56
7183,Miles Vale,miles.vale7183@example.com,France,2023-12-03,Basic,15.54
7184,Wren Snow,wren.snow7184@example.com,India,2022-04-22,Basic,120.96
7185,Ella Bell,ella.bell7185@example.com,United States,2026-06-06,Standard,137.89
7186,Zoe Kerr,zoe.kerr7186@example.com,Canada,2022-11-07,Basic,93.07
7187,Nico West,nico.west7187@example.com,Japan,2025-05-21,Standard,144.69
7188,Lila Moss,lila.moss7188@example.com,India,2024-10-31,Standard,361.89
7189,Lila Bell,lila.bell7189@example.com,Netherlands,2025-12-31,Basic,24.19
7190,Nora Walsh,nora.walsh7190@example.com,Germany,2024-10-14,Standard,592.18
7191,Ruby Dunn,ruby.dunn7191@example.com,Canada,2022-06-23,Premium,2640.19
7192,Nico Moss,nico.moss7192@example.com,Japan,2022-10-09,Standard,716.03
7193,Jade Reed,jade.reed7193@example.com,India,2026-07-07,Basic,126.72
7194,Liam Tate,liam.tate7194@example.com,United Kingdom,2023-07-05,Standard,788.66
7195,Felix Tate,felix.tate7195@example.com,Brazil,2022-09-26,Premium,3450.29
7196,Caleb Cruz,caleb.cruz7196@example.com,France,2023-08-31,Basic,62.16
7197,Felix West,felix.west7197@example.com,United States,2023-10-18,Basic,150.08
7198,Jonah Tate,jonah.tate7198@example.com,Canada,2024-03-20,Basic,25.17
7199,Hugo Young,hugo.young7199@example.com,France,2024-06-13,Standard,499.91
7200,Piper Lane,piper.lane7200@example.com,India,2022-03-11,Premium,4206.89
7201,Jade Dunn,jade.dunn7201@example.com,India,2025-05-02,Basic,113.59
7202,Hugo Pike,,Germany,2022-10-18,Basic,68.25
7203,Sadie Kerr,sadie.kerr7203@example.com,India,2026-04-14,Basic,119.47
7204,Arlo Park,arlo.park7204@example.com,United States,2026-07-11,Standard,70.00
7205,Arlo Walsh,arlo.walsh7205@example.com,United Kingdom,2022-11-12,Standard,652.50
7206,Ava Shaw,ava.shaw7206@example.com,France,2023-11-02,Standard,351.12
7207,Miles Brooks,miles.brooks7207@example.com,Germany,2022-03-27,Basic,143.63
7208,Zoe Hart,zoe.hart7208@example.com,United States,2023-04-03,Basic,70.34
7209,Theo Cruz,theo.cruz7209@example.com,United States,2022-01-24,Premium,4475.94
7210,Arlo Dunn,arlo.dunn7210@example.com,Canada,2024-09-03,Standard,611.78
7211,Owen Vale,owen.vale7211@example.com,United States,2025-08-17,Standard,631.69
7212,Owen Frost,owen.frost7212@example.com,Germany,2024-02-08,Basic,118.48
7213,Miles York,miles.york7213@example.com,Australia,2025-04-01,Premium,3797.38
7214,Iris Hart,iris.hart7214@example.com,Australia,2023-10-30,Standard,692.75
7215,Silas Frost,silas.frost7215@example.com,Japan,2025-04-21,Basic,133.70
7216,Jonah York,jonah.york7216@example.com,United States,2026-08-04,Premium,2862.39
7217,Ivy Finn,ivy.finn7217@example.com,Canada,2026-01-26,Standard,57.38
7218,Sadie Lang,sadie.lang7218@example.com,United States,2024-05-21,Basic,180.14
7219,Piper Cruz,piper.cruz7219@example.com,Spain,2026-01-11,Standard,115.63
7220,Mila Moss,mila.moss7220@example.com,Germany,2024-12-29,Standard,213.20
7221,Noah West,noah.west7221@example.com,United States,2022-07-13,Standard,229.04
7222,Sadie Snow,sadie.snow7222@example.com,Japan,2024-05-09,Standard,217.48
7223,Nora Drew,nora.drew7223@example.com,India,2022-04-10,Basic,10.70
7224,Sadie Lane,sadie.lane7224@example.com,United Kingdom,2022-07-05,Standard,435.19
7225,Ella Walsh,ella.walsh7225@example.com,France,2024-08-14,Basic,4.25
7226,Noah Hart,noah.hart7226@example.com,France,2022-04-24,Premium,683.09
7227,Chloe Blair,chloe.blair7227@example.com,Netherlands,2023-06-12,Standard,564.44
7228,Chloe Zane,chloe.zane7228@example.com,United States,2023-09-25,Basic,162.57
7229,Caleb Cole,caleb.cole7229@example.com,India,2023-04-21,Basic,188.00
7230,Piper Brooks,piper.brooks7230@example.com,United States,2023-03-08,Standard,190.65
7231,Sadie Bell,sadie.bell7231@example.com,France,2024-10-16,Standard,138.71
7232,Lila Cole,lila.cole7232@example.com,United States,2022-01-28,Standard,508.95
7233,Caleb Nash,caleb.nash7233@example.com,France,2023-06-03,Basic,57.39
7234,Leo Gray,leo.gray7234@example.com,United States,2025-04-08,Premium,3940.45
7235,Noah Blair,noah.blair7235@example.com,France,2026-03-12,Basic,4.71
7236,Sadie Frost,sadie.frost7236@example.com,France,2022-05-10,Standard,287.81
7237,Nora Dunn,nora.dunn7237@example.com,Australia,2026-08-08,Standard,97.64
7238,Hugo Hale,hugo.hale7238@example.com,India,2023-05-21,Standard,781.14
7239,Theo Kerr,theo.kerr7239@example.com,Canada,2024-08-16,Standard,560.11
7240,Nico Shaw,nico.shaw7240@example.com,Australia,2026-08-30,Premium,1366.74
7241,Wren Lang,wren.lang7241@example.com,Netherlands,2022-05-26,Standard,314.78
7242,Mila Tate,mila.tate7242@example.com,Australia,2025-03-01,Standard,666.54
7243,Theo Blair,theo.blair7243@example.com,United Kingdom,2025-10-02,Standard,304.83
7244,Ava Bell,ava.bell7244@example.com,United States,2023-05-05,Premium,1344.52
7245,Iris Park,iris.park7245@example.com,United States,2025-06-30,Standard,636.83
7246,Iris Hart,iris.hart7246@example.com,India,2023-05-12,Standard,718.20
7247,Ethan Young,ethan.young7247@example.com,United States,2023-09-25,Premium,3432.03
7248,Mia Cruz,mia.cruz7248@example.com,United States,2026-08-17,Standard,188.20
7249,Mia Tate,mia.tate7249@example.com,Canada,2023-11-30,Standard,623.72
7250,Wren Vale,wren.vale7250@example.com,Canada,2022-05-27,Standard,229.03
7251,Iris Snow,iris.snow7251@example.com,Australia,2025-02-05,Basic,198.82
7252,Zoe Park,zoe.park7252@example.com,United States,2022-11-16,Premium,3282.21
7253,Chloe Lane,chloe.lane7253@example.com,United States,2024-01-03,Basic,164.98
7254,Asher Park,asher.park7254@example.com,United States,2022-01-27,Basic,68.55
7255,Miles Hart,miles.hart7255@example.com,Germany,2024-09-14,Standard,195.18
7256,Asher West,asher.west7256@example.com,United States,2025-05-07,Standard,668.85
7257,Felix Zane,felix.zane7257@example.com,United Kingdom,2026-03-18,Standard,659.92
7258,Mia Blair,mia.blair7258@example.com,United Kingdom,2024-04-28,Basic,156.18
7259,Ruby Kerr,ruby.kerr7259@example.com,India,2023-09-26,Standard,464.65
7260,Owen Vale,owen.vale7260@example.com,United States,2024-06-27,Standard,443.80
7261,Silas Frost,silas.frost7261@example.com,Spain,2024-11-27,Basic,174.27
7262,Zoe West,zoe.west7262@example.com,India,2025-09-02,Standard,113.61
7263,Iris Walsh,iris.walsh7263@example.com,United Kingdom,2022-08-02,Basic,33.75
7264,Wren Walsh,wren.walsh7264@example.com,Canada,2023-05-27,Standard,354.37
7265,Theo West,theo.west7265@example.com,United Kingdom,2024-05-26,Standard,425.97
7266,Hugo Shaw,hugo.shaw7266@example.com,United States,2024-01-25,Standard,129.01
7267,Felix Shaw,felix.shaw7267@example.com,Japan,2024-12-25,Basic,3.02
7268,Asher Cruz,asher.cruz7268@example.com,India,2022-05-19,Standard,342.73
7269,Ruby Shaw,ruby.shaw7269@example.com,United States,2026-04-05,Standard,685.52
7270,Nora Bell,nora.bell7270@example.com,United States,2025-07-05,Basic,98.04
7271,Hugo Lang,hugo.lang7271@example.com,United Kingdom,2025-11-10,Basic,78.98
7272,Nico Blair,nico.blair7272@example.com,France,2023-05-16,Basic,98.51
7273,Asher Young,asher.young7273@example.com,United States,2023-10-20,Standard,642.53
7274,Noah Lane,noah.lane7274@example.com,Brazil,2023-11-22,Premium,4287.80
7275,Jonah West,jonah.west7275@example.com,Spain,2022-10-01,Standard,577.47
7276,Ivy Cruz,ivy.cruz7276@example.com,Japan,2023-02-19,Standard,267.82
7277,Ruby Hale,ruby.hale7277@example.com,Netherlands,2024-08-08,Basic,29.05
7278,Ella Walsh,ella.walsh7278@example.com,India,2024-03-09,Basic,52.65
7279,Iris Zane,iris.zane7279@example.com,Netherlands,2024-02-13,Basic,190.05
7280,Arlo Vale,arlo.vale7280@example.com,United States,2024-05-05,Basic,58.93
7281,Jade Blair,jade.blair7281@example.com,United States,2025-11-02,Standard,779.42
7282,Leo Gray,leo.gray7282@example.com,Germany,2026-04-01,Basic,145.45
7283,Mila West,mila.west7283@example.com,Canada,2022-07-16,Basic,187.03
7284,Nico Blair,nico.blair7284@example.com,Japan,2022-11-14,Basic,58.60
7285,Hugo Dunn,hugo.dunn7285@example.com,United States,2026-06-15,Basic,57.57
7286,Arlo Kerr,arlo.kerr7286@example.com,Germany,2025-11-28,Standard,51.27
7287,Nico Park,nico.park7287@example.com,Canada,2023-12-15,Basic,78.85
7288,Felix Dunn,felix.dunn7288@example.com,India,2024-10-24,Standard,522.55
7289,Ruby Lane,ruby.lane7289@example.com,United States,2025-01-09,Standard,265.20
7290,Nora Cruz,nora.cruz7290@example.com,Brazil,2023-05-05,Basic,28.02
7291,Ruby Park,ruby.park7291@example.com,Brazil,2023-12-12,Premium,2609.40
7292,Owen Hart,owen.hart7292@example.com,Netherlands,2024-10-31,Standard,247.47
7293,Miles York,miles.york7293@example.com,Australia,2025-06-08,Standard,61.89
7294,Caleb Vale,caleb.vale7294@example.com,India,2024-02-18,Standard,522.23
7295,Chloe Walsh,chloe.walsh7295@example.com,Japan,2025-04-11,Standard,622.37
7296,Piper Nash,piper.nash7296@example.com,United States,2026-02-22,Premium,4661.56
7297,Leo Brooks,leo.brooks7297@example.com,United States,2025-01-10,Standard,584.48
7298,Arlo Cruz,arlo.cruz7298@example.com,United Kingdom,2025-07-04,Standard,325.67
7299,Caleb Vale,caleb.vale7299@example.com,India,2024-12-08,Standard,755.51
7300,Ethan Blair,ethan.blair7300@example.com,United States,2024-01-11,Premium,3354.09
7301,Chloe Reed,chloe.reed7301@example.com,Japan,2025-08-03,Standard,429.42
7302,Ella Vale,ella.vale7302@example.com,Australia,2024-03-15,Basic,68.59
7303,Mia Pike,mia.pike7303@example.com,United States,2025-02-08,Standard,434.71
7304,Ella Brooks,ella.brooks7304@example.com,United States,2024-03-18,Premium,1298.22
7305,Lila Park,lila.park7305@example.com,Spain,2025-12-06,Premium,2624.54
7306,Caleb Finn,caleb.finn7306@example.com,Japan,2023-08-05,Premium,4604.59
7307,Jade Hale,jade.hale7307@example.com,France,2025-07-17,Standard,168.36
7308,Miles Snow,miles.snow7308@example.com,United States,2025-08-28,Basic,72.93
7309,Nico Hale,nico.hale7309@example.com,Spain,2022-05-06,Premium,4239.90
7310,Iris Walsh,iris.walsh7310@example.com,United States,2024-02-08,Standard,615.61
7311,Ethan Park,ethan.park7311@example.com,Germany,2024-01-14,Basic,104.25
7312,Caleb Quinn,caleb.quinn7312@example.com,United States,2025-07-25,Standard,484.22
7313,Chloe Finn,chloe.finn7313@example.com,Brazil,2024-02-14,Basic,49.89
7314,Ethan Young,ethan.young7314@example.com,United States,2022-08-02,Standard,52.40
7315,Lila Frost,lila.frost7315@example.com,United States,2024-02-23,Standard,593.38
7316,Hugo Brooks,hugo.brooks7316@example.com,Japan,2023-01-10,Basic,127.62
7317,Jade Hart,jade.hart7317@example.com,France,2025-07-28,Standard,186.18
7318,Chloe Drew,chloe.drew7318@example.com,United Kingdom,2024-11-12,Standard,188.87
7319,Arlo Tate,arlo.tate7319@example.com,Brazil,2022-10-02,Basic,102.32
7320,Ruby Quinn,ruby.quinn7320@example.com,Canada,2025-07-07,Basic,161.08
7321,Theo Cruz,theo.cruz7321@example.com,Mexico,2023-03-29,Standard,243.33
7322,Arlo Quinn,arlo.quinn7322@example.com,United States,2022-12-30,Standard,408.88
7323,Zoe Young,zoe.young7323@example.com,Germany,2023-02-04,Standard,504.22
7324,Ruby Lang,ruby.lang7324@example.com,Japan,2024-08-01,Standard,149.96
7325,Silas Quinn,silas.quinn7325@example.com,United States,2024-08-08,Standard,274.83
7326,Asher Bell,asher.bell7326@example.com,United States,2025-09-16,Standard,83.46
7327,Leo Gray,leo.gray7327@example.com,United States,2024-05-21,Basic,142.12
7328,Chloe Walsh,chloe.walsh7328@example.com,United Kingdom,2023-04-01,Standard,311.09
7329,Mila Walsh,mila.walsh7329@example.com,United States,2024-07-21,Standard,465.22
7330,Leo Drew,leo.drew7330@example.com,United States,2025-02-26,Basic,181.01
7331,Iris Reed,iris.reed7331@example.com,India,2022-12-31,Standard,255.27
7332,Ava Tate,ava.tate7332@example.com,Germany,2025-10-07,Basic,179.85
7333,Mia Moss,mia.moss7333@example.com,United States,2024-11-08,Basic,192.18
7334,Nico Hale,nico.hale7334@example.com,United States,2024-06-21,Standard,564.42
7335,Theo Hart,theo.hart7335@example.com,Japan,2024-05-04,Standard,613.75
7336,Ethan Lane,ethan.lane7336@example.com,Brazil,2026-04-04,Basic,18.69
7337,Jonah Lang,jonah.lang7337@example.com,India,2023-07-25,Standard,133.04
7338,Owen Young,owen.young7338@example.com,United States,2023-05-21,Standard,271.20
7339,Leo Brooks,leo.brooks7339@example.com,United States,2023-05-29,Basic,196.72
7340,Ella Tate,ella.tate7340@example.com,Mexico,2025-02-23,Standard,351.92
7341,Lila Frost,lila.frost7341@example.com,India,2025-10-22,Standard,354.04
7342,Jonah Gray,jonah.gray7342@example.com,United States,2025-05-05,Standard,398.67
7343,Zoe Tate,zoe.tate7343@example.com,India,2026-02-19,Basic,171.88
7344,Ava Blair,ava.blair7344@example.com,United States,2024-04-21,Standard,383.78
7345,Wren Walsh,wren.walsh7345@example.com,Canada,2023-05-19,Standard,217.82
7346,Sadie Gray,sadie.gray7346@example.com,United Kingdom,2022-02-11,Premium,2244.30
7347,Noah Park,noah.park7347@example.com,Netherlands,2024-11-12,Basic,162.39
7348,Felix Walsh,felix.walsh7348@example.com,United States,2023-10-08,Standard,204.55
7349,Theo Nash,theo.nash7349@example.com,Germany,2022-12-15,Basic,34.33
7350,Noah Finn,noah.finn7350@example.com,United States,2023-06-11,Premium,2966.88
7351,Sadie Kerr,sadie.kerr7351@example.com,United States,2022-05-27,Standard,668.22
7352,Liam York,liam.york7352@example.com,Brazil,2022-01-21,Basic,9.68
7353,Ivy Kerr,ivy.kerr7353@example.com,Canada,2025-10-23,Standard,710.76
7354,Iris Drew,iris.drew7354@example.com,Germany,2023-11-06,Basic,159.50
7355,Mila Blair,mila.blair7355@example.com,India,2025-05-11,Standard,545.92
7356,Ella Pike,ella.pike7356@example.com,Canada,2023-03-25,Basic,129.02
7357,Ella Lang,ella.lang7357@example.com,United Kingdom,2026-06-17,Premium,2963.96
7358,Ruby Walsh,ruby.walsh7358@example.com,France,2025-01-17,Standard,52.06
7359,Ivy Shaw,ivy.shaw7359@example.com,United States,2025-08-02,Standard,251.65
7360,Leo Tate,leo.tate7360@example.com,Japan,2025-10-21,Basic,191.89
7361,Piper Frost,piper.frost7361@example.com,United States,2023-05-21,Premium,4556.49
7362,Leo Walsh,leo.walsh7362@example.com,United States,2025-05-29,Standard,480.71
7363,Jonah Vale,jonah.vale7363@example.com,India,2024-05-31,Standard,598.84
7364,Theo Frost,theo.frost7364@example.com,Netherlands,2023-03-21,Basic,32.32
7365,Miles Blair,miles.blair7365@example.com,Germany,2024-07-30,Standard,463.00
7366,Zoe Drew,zoe.drew7366@example.com,France,2023-05-24,Basic,110.85
7367,Owen York,owen.york7367@example.com,United States,2025-06-02,Standard,725.20
7368,Owen Park,owen.park7368@example.com,United States,2025-07-02,Standard,519.10
7369,Owen Finn,owen.finn7369@example.com,India,2024-03-24,Standard,104.74
7370,Lila Gray,lila.gray7370@example.com,United Kingdom,2023-01-06,Standard,782.50
7371,Wren Vale,wren.vale7371@example.com,United Kingdom,2022-03-03,Basic,30.47
7372,Mia Drew,mia.drew7372@example.com,France,2026-01-14,Standard,449.21
7373,Chloe Lane,chloe.lane7373@example.com,Germany,2025-10-08,Standard,639.20
7374,Nico Vale,nico.vale7374@example.com,India,2025-06-15,Premium,708.93
7375,Sadie Shaw,sadie.shaw7375@example.com,United States,2023-09-27,Standard,527.88
7376,Wren Snow,wren.snow7376@example.com,Brazil,2025-03-23,Standard,678.19
7377,Chloe Cole,chloe.cole7377@example.com,United States,2022-03-06,Standard,312.89
7378,Mila Hale,mila.hale7378@example.com,United Kingdom,2023-02-26,Standard,576.20
7379,Theo Young,theo.young7379@example.com,France,2022-04-15,Basic,170.02
7380,Nico Lang,nico.lang7380@example.com,Japan,2025-12-16,Premium,4035.94
7381,Jonah Young,jonah.young7381@example.com,Australia,2023-07-24,Standard,331.25
7382,Noah York,noah.york7382@example.com,Netherlands,2026-07-07,Basic,34.10
7383,Jade Hale,jade.hale7383@example.com,Japan,2024-07-23,Standard,644.96
7384,Silas Quinn,silas.quinn7384@example.com,Canada,2025-03-26,Basic,192.73
7385,Liam Pike,liam.pike7385@example.com,Germany,2023-04-20,Standard,587.63
7386,Owen Frost,owen.frost7386@example.com,United States,2023-06-25,Basic,176.30
7387,Nico Lane,nico.lane7387@example.com,France,2026-01-02,Standard,599.95
7388,Chloe Zane,chloe.zane7388@example.com,Spain,2024-02-28,Basic,107.37
7389,Silas York,silas.york7389@example.com,France,2022-05-17,Basic,181.28
7390,Zoe Tate,zoe.tate7390@example.com,Japan,2022-12-07,Basic,160.74
7391,Mila Cruz,mila.cruz7391@example.com,Japan,2024-11-08,Standard,531.07
7392,Arlo Gray,arlo.gray7392@example.com,France,2025-10-11,Standard,133.86
7393,Asher Young,asher.young7393@example.com,Australia,2023-08-22,Standard,180.96
7394,Hugo Kerr,hugo.kerr7394@example.com,Mexico,2026-05-14,Standard,488.74
7395,Jade Moss,jade.moss7395@example.com,India,2022-05-07,Standard,414.51
7396,Ivy Vale,ivy.vale7396@example.com,United States,2024-12-20,Basic,105.14
7397,Leo Dunn,leo.dunn7397@example.com,Germany,2024-10-06,Standard,211.55
7398,Miles Park,miles.park7398@example.com,United States,2025-01-26,Standard,175.14
7399,Ruby Lang,ruby.lang7399@example.com,United States,2026-03-09,Standard,406.16
7400,Noah Snow,noah.snow7400@example.com,Canada,2022-11-02,Standard,362.53
7401,Mila West,mila.west7401@example.com,United States,2024-05-15,Basic,102.35
7402,Mila Brooks,mila.brooks7402@example.com,Mexico,2024-09-22,Standard,258.28
7403,Sadie Shaw,sadie.shaw7403@example.com,United States,2026-02-10,Standard,786.38
7404,Lila Hale,lila.hale7404@example.com,India,2023-09-18,Basic,50.41
7405,Chloe Zane,chloe.zane7405@example.com,United States,2025-04-20,Standard,686.25
7406,Sadie Tate,sadie.tate7406@example.com,United States,2024-02-07,Basic,37.65
7407,Silas West,silas.west7407@example.com,France,2025-11-13,Standard,305.46
7408,Silas Shaw,silas.shaw7408@example.com,Japan,2023-10-21,Standard,411.57
7409,Chloe Lang,chloe.lang7409@example.com,Germany,2024-08-03,Basic,183.59
7410,Iris Hale,iris.hale7410@example.com,United States,2025-09-27,Basic,158.70
7411,Arlo Quinn,arlo.quinn7411@example.com,Japan,2023-10-23,Basic,61.44
7412,Sadie Lang,sadie.lang7412@example.com,United Kingdom,2026-01-02,Basic,193.36
7413,Noah Snow,noah.snow7413@example.com,Japan,2024-07-30,Standard,207.77
7414,Theo Lane,theo.lane7414@example.com,Canada,2026-04-22,Standard,190.00
7415,Jonah Frost,jonah.frost7415@example.com,India,2023-06-11,Basic,20.07
7416,Arlo Reed,arlo.reed7416@example.com,Spain,2022-05-01,Standard,111.26
7417,Caleb Walsh,caleb.walsh7417@example.com,United States,2025-10-28,Standard,570.15
7418,Nico York,nico.york7418@example.com,United States,2026-05-10,Standard,50.78
7419,Chloe Walsh,chloe.walsh7419@example.com,Brazil,2025-03-24,Basic,153.58
7420,Liam Vale,liam.vale7420@example.com,India,2023-10-30,Standard,62.15
7421,Miles West,miles.west7421@example.com,United Kingdom,2025-11-27,Basic,150.24
7422,Ethan Dunn,ethan.dunn7422@example.com,Netherlands,2025-11-09,Basic,96.37
7423,Ivy Bell,ivy.bell7423@example.com,United States,2026-01-13,Standard,583.72
7424,Chloe Pike,chloe.pike7424@example.com,Brazil,2024-06-16,Standard,95.41
7425,Zoe Lang,zoe.lang7425@example.com,United States,2022-05-28,Standard,569.39
7426,Piper Cole,piper.cole7426@example.com,United Kingdom,2023-09-25,Standard,601.82
7427,Ruby Young,ruby.young7427@example.com,United Kingdom,2022-04-21,Standard,420.61
7428,Ella Snow,ella.snow7428@example.com,Brazil,2022-11-19,Standard,108.72
7429,Felix Blair,felix.blair7429@example.com,United States,2025-11-21,Standard,190.90
7430,Nora Kerr,nora.kerr7430@example.com,United Kingdom,2025-09-20,Basic,60.54
7431,Ella Zane,ella.zane7431@example.com,United States,2025-12-07,Premium,3770.67
7432,Nico York,nico.york7432@example.com,Brazil,2022-11-13,Standard,122.64
7433,Wren Tate,wren.tate7433@example.com,Canada,2024-06-10,Basic,133.02
7434,Nora Frost,nora.frost7434@example.com,United Kingdom,2026-02-16,Basic,58.57
7435,Ruby Reed,ruby.reed7435@example.com,Australia,2025-11-17,Standard,589.85
7436,Sadie Drew,sadie.drew7436@example.com,United States,2022-12-08,Standard,706.11
7437,Hugo Shaw,hugo.shaw7437@example.com,Germany,2025-09-25,Basic,3.94
7438,Leo Cruz,leo.cruz7438@example.com,United States,2024-11-29,Basic,10.49
7439,Nora Vale,nora.vale7439@example.com,United States,2024-02-14,Standard,631.41
7440,Nico Cruz,nico.cruz7440@example.com,Netherlands,2025-02-21,Basic,126.10
7441,Caleb Moss,caleb.moss7441@example.com,United Kingdom,2024-04-17,Standard,194.45
7442,Nora Walsh,nora.walsh7442@example.com,United States,2026-02-14,Premium,2323.37
7443,Felix Moss,felix.moss7443@example.com,United States,2022-11-17,Basic,122.38
7444,Noah Cruz,noah.cruz7444@example.com,Germany,2026-06-22,Standard,399.87
7445,Caleb Quinn,caleb.quinn7445@example.com,United States,2025-10-11,Standard,765.86
7446,Sadie Shaw,sadie.shaw7446@example.com,Netherlands,2023-10-14,Basic,183.93
7447,Ella Finn,ella.finn7447@example.com,Canada,2023-10-05,Standard,614.77
7448,Ava Brooks,ava.brooks7448@example.com,United States,2025-09-24,Standard,503.29
7449,Mia Moss,mia.moss7449@example.com,Japan,2025-04-17,Premium,4459.89
7450,Chloe Kerr,chloe.kerr7450@example.com,United States,2025-04-13,Basic,65.78
7451,Jonah Young,jonah.young7451@example.com,France,2023-03-23,Standard,137.70
7452,Wren Reed,wren.reed7452@example.com,United States,2026-04-17,Standard,379.22
7453,Silas West,silas.west7453@example.com,Australia,2025-10-02,Standard,136.68
7454,Asher York,asher.york7454@example.com,United States,2023-02-09,Standard,402.37
7455,Miles Park,miles.park7455@example.com,United States,2024-02-11,Premium,903.41
7456,Nora Nash,nora.nash7456@example.com,Japan,2024-06-02,Basic,109.89
7457,Owen Nash,owen.nash7457@example.com,United States,2025-10-14,Basic,85.75
7458,Jade Young,jade.young7458@example.com,United States,2025-10-17,Basic,167.13
7459,Liam Hart,liam.hart7459@example.com,Germany,2022-08-10,Premium,1379.87
7460,Sadie Lang,sadie.lang7460@example.com,Australia,2025-01-01,Standard,407.13
7461,Noah Park,noah.park7461@example.com,France,2025-09-10,Basic,82.27
7462,Owen Vale,owen.vale7462@example.com,Spain,2025-02-08,Basic,39.12
7463,Silas Nash,silas.nash7463@example.com,Germany,2024-09-25,Basic,197.09
7464,Owen Hart,owen.hart7464@example.com,Germany,2022-02-07,Basic,106.04
7465,Lila Cruz,lila.cruz7465@example.com,France,2022-01-25,Basic,108.03
7466,Nico Gray,nico.gray7466@example.com,Germany,2025-01-24,Basic,39.56
7467,Ruby Hart,ruby.hart7467@example.com,United Kingdom,2022-02-21,Standard,495.53
7468,Noah Cruz,noah.cruz7468@example.com,United States,2026-01-18,Basic,15.80
7469,Nora Pike,nora.pike7469@example.com,India,2023-11-30,Basic,169.80
7470,Hugo Tate,hugo.tate7470@example.com,Japan,2025-04-26,Basic,193.42
7471,Noah Gray,noah.gray7471@example.com,United States,2023-04-29,Standard,139.76
7472,Liam Shaw,liam.shaw7472@example.com,France,2024-05-06,Basic,7.22
7473,Jade Nash,jade.nash7473@example.com,United States,2023-08-19,Basic,140.95
7474,Chloe Tate,chloe.tate7474@example.com,United States,2024-11-01,Standard,200.40
7475,Zoe Kerr,zoe.kerr7475@example.com,India,2025-03-05,Basic,171.60
7476,Nico Blair,nico.blair7476@example.com,United States,2024-07-25,Standard,400.58
7477,Asher Bell,asher.bell7477@example.com,India,2023-06-24,Basic,191.62
7478,Jade Kerr,jade.kerr7478@example.com,France,2022-12-19,Basic,127.39
7479,Ava West,ava.west7479@example.com,United States,2023-04-04,Standard,153.59
7480,Hugo Tate,hugo.tate7480@example.com,Canada,2024-05-04,Standard,513.93
7481,Jonah Kerr,,United States,2024-05-09,Basic,128.03
7482,Leo York,leo.york7482@example.com,Netherlands,2025-07-17,Basic,31.63
7483,Ivy Hart,ivy.hart7483@example.com,France,2023-12-09,Standard,125.15
7484,Caleb Cole,caleb.cole7484@example.com,France,2026-03-24,Basic,129.79
7485,Caleb Gray,caleb.gray7485@example.com,United States,2022-03-22,Premium,3270.14
7486,Ella Nash,ella.nash7486@example.com,India,2025-02-28,Basic,105.82
7487,Ivy Snow,ivy.snow7487@example.com,India,2023-04-09,Basic,7.52
7488,Jonah Nash,jonah.nash7488@example.com,Brazil,2025-02-05,Basic,160.30
7489,Ella Drew,ella.drew7489@example.com,United States,2022-07-22,Premium,1640.69
7490,Felix West,felix.west7490@example.com,Japan,2026-05-15,Standard,525.84
7491,Jonah Drew,jonah.drew7491@example.com,Canada,2024-10-29,Standard,67.46
7492,Iris Lane,iris.lane7492@example.com,United States,2023-05-18,Basic,102.33
7493,Jade Brooks,jade.brooks7493@example.com,United Kingdom,2025-07-21,Standard,416.02
7494,Wren Nash,wren.nash7494@example.com,Germany,2024-12-22,Basic,115.62
7495,Sadie Cruz,sadie.cruz7495@example.com,United States,2022-12-19,Basic,4.97
7496,Miles Finn,miles.finn7496@example.com,Canada,2023-02-06,Standard,283.01
7497,Leo Hale,leo.hale7497@example.com,Canada,2022-10-18,Basic,150.23
7498,Miles Kerr,miles.kerr7498@example.com,United States,2025-01-08,Standard,359.27
7499,Mia Snow,mia.snow7499@example.com,United Kingdom,2023-06-05,Standard,210.91
7500,Theo Blair,theo.blair7500@example.com,France,2026-03-22,Standard,501.39
7501,Nora Gray,nora.gray7501@example.com,Japan,2026-08-09,Basic,10.72
7502,Ethan Young,ethan.young7502@example.com,Netherlands,2022-10-02,Basic,168.40
7503,Ava Quinn,ava.quinn7503@example.com,Germany,2025-10-20,Basic,8.76
7504,Miles Nash,miles.nash7504@example.com,United Kingdom,2022-02-06,Standard,225.00
7505,Hugo Pike,hugo.pike7505@example.com,France,2023-07-02,Basic,149.03
7506,Owen Park,owen.park7506@example.com,United States,2022-07-15,Standard,419.45
7507,Iris Cole,iris.cole7507@example.com,United States,2023-03-21,Standard,294.15
7508,Owen Lang,owen.lang7508@example.com,Japan,2024-06-02,Basic,139.90
7509,Chloe West,chloe.west7509@example.com,United States,2024-05-19,Standard,603.16
7510,Piper York,piper.york7510@example.com,United States,2024-09-14,Basic,44.48
7511,Mila Brooks,mila.brooks7511@example.com,United States,2025-09-17,Basic,20.15
7512,Caleb Hart,caleb.hart7512@example.com,Germany,2023-05-21,Standard,663.77
7513,Nico Cruz,nico.cruz7513@example.com,United States,2022-06-23,Standard,765.99
7514,Chloe York,chloe.york7514@example.com,India,2026-03-23,Basic,113.30
7515,Piper Cole,piper.cole7515@example.com,Netherlands,2023-08-02,Standard,236.73
7516,Zoe Lane,zoe.lane7516@example.com,United States,2025-06-15,Standard,219.96
7517,Zoe Drew,zoe.drew7517@example.com,Brazil,2024-10-05,Standard,675.07
7518,Chloe Park,chloe.park7518@example.com,Canada,2024-01-12,Standard,634.45
7519,Felix Lane,felix.lane7519@example.com,Mexico,2025-09-10,Premium,4718.03
7520,Lila Bell,lila.bell7520@example.com,United States,2022-07-24,Basic,92.39
7521,Lila Frost,lila.frost7521@example.com,United States,2025-12-27,Standard,546.05
7522,Ivy Bell,ivy.bell7522@example.com,Japan,2025-12-28,Standard,750.22
7523,Jonah Cruz,jonah.cruz7523@example.com,Brazil,2022-12-28,Basic,5.18
7524,Mila Lang,mila.lang7524@example.com,United Kingdom,2023-11-10,Basic,192.62
7525,Mila Cruz,mila.cruz7525@example.com,Australia,2026-06-10,Standard,457.73
7526,Chloe Park,chloe.park7526@example.com,Brazil,2025-03-26,Standard,370.39
7527,Felix Dunn,felix.dunn7527@example.com,United Kingdom,2022-09-25,Standard,121.52
7528,Zoe Zane,zoe.zane7528@example.com,Canada,2024-05-09,Standard,671.54
7529,Sadie Frost,sadie.frost7529@example.com,Mexico,2025-08-13,Standard,642.78
7530,Lila Hale,lila.hale7530@example.com,Germany,2026-04-09,Basic,186.61
7531,Lila Snow,lila.snow7531@example.com,India,2026-03-09,Standard,152.79
7532,Nico Cole,nico.cole7532@example.com,United Kingdom,2026-01-11,Basic,95.21
7533,Mila Gray,mila.gray7533@example.com,India,2022-10-04,Standard,134.72
7534,Liam Kerr,liam.kerr7534@example.com,India,2022-12-21,Standard,351.01
7535,Piper Lane,piper.lane7535@example.com,United States,2025-06-21,Basic,92.00
7536,Chloe Blair,chloe.blair7536@example.com,France,2022-10-09,Standard,575.63
7537,Felix Blair,felix.blair7537@example.com,India,2024-02-16,Standard,512.78
7538,Caleb Park,caleb.park7538@example.com,Spain,2024-10-07,Basic,152.29
7539,Sadie Quinn,sadie.quinn7539@example.com,France,2025-07-17,Basic,50.36
7540,Silas West,silas.west7540@example.com,United States,2025-01-31,Basic,40.41
7541,Ava Snow,ava.snow7541@example.com,India,2022-12-31,Premium,3145.60
7542,Wren Shaw,wren.shaw7542@example.com,France,2024-03-20,Basic,59.70
7543,Nora Quinn,nora.quinn7543@example.com,United Kingdom,2023-11-28,Standard,191.13
7544,Ruby West,ruby.west7544@example.com,India,2022-03-29,Standard,790.63
7545,Iris Pike,iris.pike7545@example.com,Australia,2026-05-26,Standard,68.37
7546,Felix Bell,felix.bell7546@example.com,India,2025-07-16,Premium,2350.93
7547,Lila Kerr,lila.kerr7547@example.com,United States,2022-11-17,Standard,278.71
7548,Jonah West,jonah.west7548@example.com,Australia,2026-01-15,Basic,193.04
7549,Ella Shaw,ella.shaw7549@example.com,Australia,2025-06-22,Standard,439.82
7550,Wren Bell,wren.bell7550@example.com,United States,2023-12-09,Standard,200.68
7551,Chloe Walsh,chloe.walsh7551@example.com,United States,2023-11-11,Standard,133.81
7552,Ethan Gray,ethan.gray7552@example.com,Netherlands,2026-09-16,Standard,358.03
7553,Nora Cole,nora.cole7553@example.com,Germany,2025-10-15,Basic,146.63
7554,Felix York,felix.york7554@example.com,United States,2026-01-19,Standard,220.49
7555,Ella Snow,ella.snow7555@example.com,United Kingdom,2024-09-14,Basic,105.73
7556,Noah Blair,noah.blair7556@example.com,United States,2025-12-22,Basic,193.42
7557,Chloe Finn,chloe.finn7557@example.com,United States,2024-09-04,Premium,893.28
7558,Piper Young,piper.young7558@example.com,United States,2024-11-10,Basic,9.77
7559,Silas Shaw,silas.shaw7559@example.com,Australia,2025-03-26,Premium,3626.48
7560,Noah York,noah.york7560@example.com,Mexico,2024-03-15,Basic,135.10
7561,Asher Park,asher.park7561@example.com,Australia,2024-08-29,Standard,248.65
7562,Silas West,silas.west7562@example.com,India,2024-07-29,Basic,39.22
7563,Mila Zane,mila.zane7563@example.com,India,2024-01-25,Standard,561.24
7564,Miles Bell,miles.bell7564@example.com,United States,2026-02-14,Basic,16.52
7565,Ivy Nash,ivy.nash7565@example.com,United States,2025-03-19,Standard,537.21
7566,Iris Nash,iris.nash7566@example.com,United Kingdom,2024-07-01,Basic,124.43
7567,Jonah Blair,jonah.blair7567@example.com,United States,2025-02-21,Standard,172.70
7568,Hugo Brooks,hugo.brooks7568@example.com,United States,2025-11-11,Basic,73.39
7569,Piper Finn,piper.finn7569@example.com,Germany,2024-03-01,Standard,401.31
7570,Hugo Shaw,hugo.shaw7570@example.com,Spain,2022-05-28,Basic,60.10
7571,Felix Pike,felix.pike7571@example.com,France,2025-08-01,Premium,4634.92
7572,Asher Blair,asher.blair7572@example.com,India,2023-04-30,Basic,35.16
7573,Mila Dunn,mila.dunn7573@example.com,Brazil,2024-06-22,Standard,487.44
7574,Ella Kerr,ella.kerr7574@example.com,United States,2026-04-10,Standard,100.13
7575,Sadie Lane,sadie.lane7575@example.com,France,2023-11-21,Premium,2561.75
7576,Jade Pike,jade.pike7576@example.com,United States,2025-08-28,Standard,566.24
7577,Ivy Pike,ivy.pike7577@example.com,Netherlands,2026-06-12,Standard,120.53
7578,Leo Hale,leo.hale7578@example.com,United States,2024-07-01,Premium,3176.05
7579,Chloe West,chloe.west7579@example.com,Spain,2025-12-29,Basic,18.17
7580,Nico Frost,nico.frost7580@example.com,Germany,2022-07-05,Basic,67.00
7581,Hugo Gray,hugo.gray7581@example.com,Brazil,2026-03-24,Standard,306.12
7582,Nico Zane,nico.zane7582@example.com,Germany,2025-07-17,Basic,80.72
7583,Asher Shaw,asher.shaw7583@example.com,United States,2025-07-11,Standard,263.89
7584,Mila Snow,mila.snow7584@example.com,France,2025-01-19,Standard,564.54
7585,Chloe Vale,chloe.vale7585@example.com,United States,2024-01-09,Standard,440.85
7586,Lila Dunn,lila.dunn7586@example.com,India,2024-08-29,Standard,166.87
7587,Ethan Kerr,ethan.kerr7587@example.com,France,2025-06-01,Standard,175.95
7588,Nora Frost,nora.frost7588@example.com,United States,2026-08-11,Basic,156.71
7589,Ava Brooks,ava.brooks7589@example.com,France,2023-03-21,Basic,34.36
7590,Ivy Nash,ivy.nash7590@example.com,France,2024-08-22,Standard,393.17
7591,Miles Hart,miles.hart7591@example.com,United States,2026-04-02,Standard,764.37
7592,Nico Cruz,nico.cruz7592@example.com,United Kingdom,2024-09-14,Standard,159.56
7593,Iris Nash,iris.nash7593@example.com,Mexico,2024-12-13,Basic,87.13
7594,Ethan Kerr,ethan.kerr7594@example.com,United Kingdom,2026-01-19,Standard,512.93
7595,Silas Shaw,silas.shaw7595@example.com,Germany,2025-09-26,Basic,119.46
7596,Nora Cruz,nora.cruz7596@example.com,United States,2025-11-19,Standard,533.13
7597,Leo Young,leo.young7597@example.com,France,2025-02-13,Standard,692.57
7598,Felix Hart,felix.hart7598@example.com,Brazil,2023-02-04,Basic,1.88
7599,Silas Hale,silas.hale7599@example.com,United States,2026-05-13,Standard,282.43
7600,Asher Zane,asher.zane7600@example.com,United States,2022-10-22,Standard,761.94
7601,Nico Vale,nico.vale7601@example.com,Germany,2024-02-07,Standard,304.13
7602,Leo Snow,leo.snow7602@example.com,Australia,2023-09-08,Basic,158.73
7603,Ethan Shaw,ethan.shaw7603@example.com,United Kingdom,2026-02-19,Standard,703.83
7604,Ruby Shaw,ruby.shaw7604@example.com,United Kingdom,2022-03-11,Standard,646.18
7605,Felix Nash,felix.nash7605@example.com,United States,2026-04-02,Basic,3.21
7606,Arlo Walsh,arlo.walsh7606@example.com,Spain,2026-01-26,Basic,16.14
7607,Lila Cruz,lila.cruz7607@example.com,Germany,2023-10-10,Premium,2613.51
7608,Hugo Frost,hugo.frost7608@example.com,Spain,2026-03-17,Basic,8.37
7609,Hugo Hale,hugo.hale7609@example.com,United States,2022-01-25,Standard,469.50
7610,Lila Hart,lila.hart7610@example.com,France,2025-08-07,Premium,3415.34
7611,Jade Hale,jade.hale7611@example.com,Germany,2024-10-04,Basic,85.19
7612,Ruby York,ruby.york7612@example.com,France,2024-07-03,Standard,746.50
7613,Silas Park,silas.park7613@example.com,Spain,2024-02-11,Basic,63.52
7614,Wren Pike,wren.pike7614@example.com,United Kingdom,2026-04-12,Basic,108.29
7615,Owen Zane,owen.zane7615@example.com,United Kingdom,2024-06-28,Standard,630.23
7616,Ruby Lang,ruby.lang7616@example.com,Mexico,2023-02-11,Standard,678.50
7617,Sadie Young,sadie.young7617@example.com,United States,2025-11-19,Basic,141.03
7618,Arlo Young,arlo.young7618@example.com,United States,2022-06-02,Standard,502.10
7619,Ava Reed,ava.reed7619@example.com,United Kingdom,2025-01-30,Standard,703.70
7620,Owen Frost,owen.frost7620@example.com,United States,2022-12-04,Basic,37.78
7621,Asher Frost,asher.frost7621@example.com,Netherlands,2022-01-08,Premium,1823.81
7622,Jonah Nash,jonah.nash7622@example.com,United States,2024-09-06,Basic,184.70
7623,Miles Reed,miles.reed7623@example.com,United States,2025-04-18,Standard,688.07
7624,Chloe Cole,chloe.cole7624@example.com,Canada,2022-02-02,Basic,187.47
7625,Theo Park,,United Kingdom,2022-08-24,Basic,198.73
7626,Theo Quinn,theo.quinn7626@example.com,United Kingdom,2026-01-15,Standard,353.88
7627,Ella Shaw,ella.shaw7627@example.com,Australia,2025-08-15,Standard,743.00
7628,Lila Moss,lila.moss7628@example.com,Japan,2024-11-02,Standard,503.97
7629,Jade Gray,jade.gray7629@example.com,Canada,2023-05-17,Basic,37.10
7630,Silas Gray,silas.gray7630@example.com,United States,2023-06-22,Standard,395.95
7631,Silas Lang,silas.lang7631@example.com,Canada,2024-06-10,Standard,368.71
7632,Nico Dunn,nico.dunn7632@example.com,United Kingdom,2023-05-29,Standard,675.83
7633,Jonah York,jonah.york7633@example.com,Canada,2022-11-20,Standard,154.01
7634,Zoe Cole,zoe.cole7634@example.com,Germany,2024-06-29,Standard,533.90
7635,Ella Young,ella.young7635@example.com,India,2025-06-25,Basic,26.66
7636,Arlo Cruz,arlo.cruz7636@example.com,Japan,2024-08-18,Basic,108.82
7637,Leo York,leo.york7637@example.com,Australia,2023-03-29,Standard,216.24
7638,Hugo Reed,hugo.reed7638@example.com,United States,2026-05-15,Basic,9.32
7639,Arlo Brooks,arlo.brooks7639@example.com,United States,2023-08-11,Standard,509.64
7640,Hugo Walsh,hugo.walsh7640@example.com,United Kingdom,2025-02-01,Standard,527.52
7641,Caleb Brooks,caleb.brooks7641@example.com,France,2025-03-16,Standard,343.75
7642,Ruby Frost,ruby.frost7642@example.com,United Kingdom,2022-09-15,Basic,153.79
7643,Liam Nash,liam.nash7643@example.com,United States,2022-04-24,Standard,582.70
7644,Nora Cole,nora.cole7644@example.com,Brazil,2023-02-03,Standard,532.90
7645,Asher York,asher.york7645@example.com,Netherlands,2025-04-13,Standard,760.01
7646,Ava Dunn,ava.dunn7646@example.com,Japan,2024-10-28,Standard,293.66
7647,Hugo Kerr,hugo.kerr7647@example.com,Canada,2022-01-01,Standard,738.58
7648,Jonah Cruz,jonah.cruz7648@example.com,Australia,2025-07-20,Standard,666.94
7649,Lila Gray,lila.gray7649@example.com,United States,2025-12-07,Basic,156.00
7650,Ivy Vale,ivy.vale7650@example.com,Canada,2022-04-08,Basic,192.67
7651,Arlo York,arlo.york7651@example.com,France,2026-07-23,Standard,725.63
7652,Hugo Cole,hugo.cole7652@example.com,Japan,2024-04-23,Basic,8.92
7653,Sadie York,sadie.york7653@example.com,Mexico,2024-10-27,Basic,106.79
7654,Arlo Lane,arlo.lane7654@example.com,Japan,2026-03-25,Basic,18.10
7655,Felix Gray,felix.gray7655@example.com,Mexico,2025-09-17,Standard,110.77
7656,Chloe Kerr,chloe.kerr7656@example.com,Canada,2025-06-02,Standard,85.65
7657,Felix Quinn,felix.quinn7657@example.com,Canada,2023-04-19,Premium,4225.95
7658,Ethan Kerr,ethan.kerr7658@example.com,Canada,2022-10-30,Basic,147.01
7659,Lila Reed,lila.reed7659@example.com,Canada,2022-02-02,Standard,485.90
7660,Asher Frost,asher.frost7660@example.com,India,2024-05-21,Basic,163.79
7661,Liam Quinn,liam.quinn7661@example.com,United Kingdom,2025-04-11,Standard,772.39
7662,Wren Park,wren.park7662@example.com,Spain,2024-06-24,Basic,53.93
7663,Ruby Snow,ruby.snow7663@example.com,France,2026-01-07,Standard,774.91
7664,Chloe Hale,chloe.hale7664@example.com,Germany,2024-10-22,Premium,2094.66
7665,Ava York,ava.york7665@example.com,United Kingdom,2023-02-15,Standard,771.70
7666,Silas Hart,silas.hart7666@example.com,India,2023-11-25,Standard,675.50
7667,Zoe Shaw,zoe.shaw7667@example.com,Brazil,2024-01-30,Standard,93.56
7668,Mila Vale,mila.vale7668@example.com,Mexico,2023-12-17,Basic,26.89
7669,Silas Blair,silas.blair7669@example.com,Canada,2024-04-30,Basic,146.94
7670,Ethan Quinn,ethan.quinn7670@example.com,Germany,2023-10-13,Basic,127.18
7671,Theo Cole,theo.cole7671@example.com,India,2026-08-23,Standard,290.07
7672,Jonah West,jonah.west7672@example.com,Netherlands,2023-04-05,Basic,147.38
7673,Sadie Young,sadie.young7673@example.com,India,2022-08-17,Basic,94.62
7674,Hugo Dunn,hugo.dunn7674@example.com,United States,2024-08-26,Standard,185.56
7675,Jonah Cole,jonah.cole7675@example.com,Brazil,2025-11-11,Premium,1507.76
7676,Sadie Brooks,sadie.brooks7676@example.com,Germany,2024-12-22,Basic,70.69
7677,Noah Shaw,noah.shaw7677@example.com,India,2024-10-24,Standard,317.63
7678,Nico Shaw,nico.shaw7678@example.com,India,2022-09-11,Basic,138.73
7679,Chloe Reed,chloe.reed7679@example.com,Canada,2023-11-20,Standard,592.32
7680,Noah Zane,noah.zane7680@example.com,Germany,2023-12-18,Standard,789.40
7681,Leo Vale,leo.vale7681@example.com,India,2026-03-23,Basic,107.19
7682,Caleb Walsh,caleb.walsh7682@example.com,United Kingdom,2026-03-06,Basic,144.80
7683,Jonah Young,jonah.young7683@example.com,United Kingdom,2022-01-25,Basic,96.22
7684,Noah Reed,noah.reed7684@example.com,Japan,2026-03-14,Standard,748.86
7685,Piper Finn,piper.finn7685@example.com,France,2022-02-22,Basic,177.13
7686,Arlo Lane,arlo.lane7686@example.com,Germany,2022-11-06,Basic,69.21
7687,Nora York,nora.york7687@example.com,India,2026-05-26,Standard,669.48
7688,Piper Nash,piper.nash7688@example.com,United States,2023-08-14,Premium,1098.42
7689,Ava Snow,ava.snow7689@example.com,United Kingdom,2026-06-05,Standard,661.99
7690,Hugo Zane,hugo.zane7690@example.com,France,2022-08-28,Basic,133.06
7691,Ella Hart,ella.hart7691@example.com,United States,2026-04-19,Standard,200.18
7692,Mia Lane,mia.lane7692@example.com,Australia,2024-06-13,Standard,167.08
7693,Owen Gray,owen.gray7693@example.com,India,2024-06-21,Standard,517.00
7694,Noah Brooks,noah.brooks7694@example.com,Japan,2023-11-19,Premium,3394.04
7695,Caleb Brooks,caleb.brooks7695@example.com,France,2022-10-10,Basic,42.63
7696,Piper York,piper.york7696@example.com,Brazil,2025-03-14,Premium,3766.15
7697,Felix Brooks,felix.brooks7697@example.com,Canada,2025-05-28,Basic,100.84
7698,Asher Cole,asher.cole7698@example.com,Australia,2026-02-22,Standard,713.49
7699,Noah Zane,noah.zane7699@example.com,India,2024-03-17,Basic,69.19
7700,Theo Blair,theo.blair7700@example.com,Germany,2022-12-04,Standard,448.98
7701,Leo Lane,leo.lane7701@example.com,Netherlands,2022-07-19,Basic,158.76
7702,Noah Bell,noah.bell7702@example.com,United States,2022-05-13,Basic,97.25
7703,Nico Gray,nico.gray7703@example.com,United States,2025-08-17,Basic,133.35
7704,Ella Kerr,ella.kerr7704@example.com,France,2026-04-27,Standard,103.25
7705,Hugo Brooks,hugo.brooks7705@example.com,United States,2025-12-25,Standard,769.28
7706,Ava Drew,ava.drew7706@example.com,Brazil,2026-01-23,Basic,180.26
7707,Nico Park,nico.park7707@example.com,India,2024-10-12,Standard,267.20
7708,Wren Lane,wren.lane7708@example.com,United States,2025-03-24,Premium,2473.83
7709,Liam Lang,liam.lang7709@example.com,France,2024-10-25,Standard,636.96
7710,Ivy Quinn,ivy.quinn7710@example.com,United States,2025-04-23,Standard,706.78
7711,Liam Young,liam.young7711@example.com,Canada,2024-12-28,Standard,785.24
7712,Liam Cole,liam.cole7712@example.com,United States,2025-07-07,Basic,178.77
7713,Caleb Pike,caleb.pike7713@example.com,India,2025-01-30,Standard,175.73
7714,Leo Brooks,leo.brooks7714@example.com,United States,2023-06-19,Premium,2643.57
7715,Ella Nash,ella.nash7715@example.com,United States,2022-11-14,Standard,507.67
7716,Owen Shaw,owen.shaw7716@example.com,Canada,2025-04-30,Premium,3124.47
7717,Chloe Pike,chloe.pike7717@example.com,Brazil,2026-05-31,Standard,514.85
7718,Arlo York,arlo.york7718@example.com,Australia,2023-09-25,Basic,160.00
7719,Ruby Moss,ruby.moss7719@example.com,United States,2025-03-01,Premium,3895.09
7720,Lila Finn,lila.finn7720@example.com,United States,2023-04-20,Basic,72.24
7721,Mia Park,mia.park7721@example.com,Germany,2024-05-18,Standard,98.26
7722,Jade Drew,jade.drew7722@example.com,Netherlands,2026-08-21,Standard,158.11
7723,Ruby Tate,ruby.tate7723@example.com,United States,2022-06-29,Basic,136.77
7724,Nora Brooks,nora.brooks7724@example.com,United States,2022-08-03,Basic,121.23
7725,Ethan Shaw,ethan.shaw7725@example.com,Spain,2025-10-29,Standard,705.65
7726,Hugo Gray,hugo.gray7726@example.com,Netherlands,2024-04-28,Standard,424.61
7727,Hugo Moss,hugo.moss7727@example.com,Australia,2025-03-20,Standard,200.08
7728,Wren Cole,wren.cole7728@example.com,Japan,2025-02-16,Basic,14.59
7729,Ruby Finn,ruby.finn7729@example.com,Japan,2022-10-04,Standard,77.41
7730,Asher Blair,asher.blair7730@example.com,Japan,2024-06-28,Basic,80.78
7731,Asher Pike,asher.pike7731@example.com,India,2023-10-02,Basic,56.89
7732,Wren York,wren.york7732@example.com,United States,2026-06-30,Basic,159.20
7733,Caleb Hale,caleb.hale7733@example.com,United Kingdom,2023-06-20,Basic,88.55
7734,Ava Snow,ava.snow7734@example.com,India,2023-01-25,Standard,511.77
7735,Ivy Frost,ivy.frost7735@example.com,United Kingdom,2024-02-29,Standard,163.13
7736,Theo Blair,theo.blair7736@example.com,Spain,2026-01-14,Standard,249.80
7737,Wren Quinn,wren.quinn7737@example.com,United States,2022-09-09,Standard,521.97
7738,Leo Quinn,leo.quinn7738@example.com,France,2023-12-22,Basic,89.51
7739,Arlo Nash,arlo.nash7739@example.com,Australia,2026-05-02,Basic,46.32
7740,Nico York,nico.york7740@example.com,United Kingdom,2025-01-13,Standard,709.70
7741,Piper Brooks,piper.brooks7741@example.com,United States,2024-12-12,Standard,275.34
7742,Iris Hart,iris.hart7742@example.com,Germany,2022-11-06,Standard,562.87
7743,Ivy Blair,ivy.blair7743@example.com,India,2023-01-13,Standard,327.73
7744,Jonah Bell,jonah.bell7744@example.com,India,2023-05-24,Basic,49.62
7745,Miles York,miles.york7745@example.com,United States,2022-11-13,Standard,586.64
7746,Zoe Vale,zoe.vale7746@example.com,India,2024-06-18,Standard,431.97
7747,Miles Young,miles.young7747@example.com,Netherlands,2026-06-14,Standard,716.76
7748,Nico Walsh,nico.walsh7748@example.com,Japan,2026-04-11,Standard,554.36
7749,Theo Vale,theo.vale7749@example.com,Canada,2023-08-26,Standard,247.98
7750,Sadie Frost,sadie.frost7750@example.com,Australia,2026-06-01,Standard,145.58
7751,Ivy Shaw,ivy.shaw7751@example.com,Australia,2024-10-10,Standard,255.76
7752,Nico Tate,nico.tate7752@example.com,Brazil,2024-04-17,Basic,165.35
7753,Ruby Kerr,ruby.kerr7753@example.com,Spain,2022-01-10,Basic,108.24
7754,Owen Pike,owen.pike7754@example.com,Brazil,2025-08-16,Standard,707.18
7755,Ivy Park,ivy.park7755@example.com,United States,2024-03-23,Standard,211.79
7756,Jade Kerr,jade.kerr7756@example.com,United States,2022-08-08,Basic,158.48
7757,Chloe Finn,chloe.finn7757@example.com,United States,2022-03-26,Premium,1587.22
7758,Theo Hale,theo.hale7758@example.com,United States,2022-07-28,Standard,467.98
7759,Silas Hale,silas.hale7759@example.com,India,2024-11-14,Basic,5.15
7760,Liam Pike,liam.pike7760@example.com,France,2022-01-24,Standard,256.46
7761,Owen Shaw,owen.shaw7761@example.com,United States,2022-09-02,Standard,341.08
7762,Lila Bell,lila.bell7762@example.com,India,2025-06-12,Basic,119.72
7763,Ivy Quinn,ivy.quinn7763@example.com,United States,2025-09-30,Premium,1763.37
7764,Sadie York,sadie.york7764@example.com,United States,2024-09-19,Standard,372.52
7765,Ruby Snow,ruby.snow7765@example.com,United Kingdom,2026-07-04,Premium,942.81
7766,Ava Hale,ava.hale7766@example.com,Canada,2024-10-21,Standard,600.81
7767,Nico Reed,nico.reed7767@example.com,Canada,2022-05-03,Standard,429.72
7768,Ella Brooks,ella.brooks7768@example.com,Canada,2025-08-30,Basic,57.20
7769,Silas Nash,silas.nash7769@example.com,Spain,2025-02-04,Standard,222.78
7770,Zoe Zane,zoe.zane7770@example.com,United Kingdom,2025-07-31,Basic,180.30
7771,Iris Nash,iris.nash7771@example.com,Brazil,2025-08-06,Basic,32.53
7772,Silas Park,silas.park7772@example.com,United States,2024-05-01,Standard,214.32
7773,Mia Brooks,mia.brooks7773@example.com,United States,2023-10-24,Standard,679.23
7774,Nico Finn,nico.finn7774@example.com,Germany,2025-08-27,Basic,5.78
7775,Ella Nash,ella.nash7775@example.com,Brazil,2022-05-12,Basic,12.17
7776,Sadie Finn,sadie.finn7776@example.com,United Kingdom,2024-05-15,Standard,745.95
7777,Ella Shaw,ella.shaw7777@example.com,United States,2024-12-28,Basic,70.26
7778,Miles Cruz,miles.cruz7778@example.com,Canada,2026-07-16,Premium,4031.69
7779,Arlo Reed,arlo.reed7779@example.com,United States,2023-04-08,Premium,2969.62
7780,Ivy Brooks,ivy.brooks7780@example.com,Mexico,2022-06-19,Standard,417.75
7781,Mila Blair,mila.blair7781@example.com,United States,2022-01-21,Standard,253.23
7782,Ava Zane,ava.zane7782@example.com,Japan,2026-02-22,Premium,3986.31
7783,Ella Reed,ella.reed7783@example.com,United States,2022-01-15,Standard,282.35
7784,Piper Zane,piper.zane7784@example.com,United Kingdom,2026-08-18,Standard,477.77
7785,Jade Gray,jade.gray7785@example.com,Germany,2024-12-30,Standard,744.22
7786,Asher Reed,asher.reed7786@example.com,United States,2023-04-13,Premium,3294.18
7787,Liam Young,liam.young7787@example.com,United States,2025-05-05,Standard,321.59
7788,Ethan Nash,ethan.nash7788@example.com,India,2022-12-24,Standard,479.88
7789,Ruby Brooks,ruby.brooks7789@example.com,France,2025-10-16,Premium,1804.54
7790,Theo Hale,theo.hale7790@example.com,Brazil,2024-09-29,Basic,120.52
7791,Caleb Cole,caleb.cole7791@example.com,Germany,2024-04-02,Standard,458.00
7792,Leo Finn,leo.finn7792@example.com,France,2022-04-28,Standard,673.31
7793,Wren Gray,wren.gray7793@example.com,France,2026-02-17,Basic,88.34
7794,Mila Shaw,mila.shaw7794@example.com,Canada,2025-05-11,Standard,735.82
7795,Owen York,owen.york7795@example.com,United Kingdom,2025-07-31,Basic,119.76
7796,Piper Hart,piper.hart7796@example.com,Netherlands,2025-01-19,Standard,369.82
7797,Theo York,theo.york7797@example.com,United States,2026-02-27,Standard,705.09
7798,Hugo Vale,hugo.vale7798@example.com,Australia,2022-04-22,Basic,61.69
7799,Liam Vale,liam.vale7799@example.com,United States,2022-06-09,Basic,74.39
7800,Mila Moss,mila.moss7800@example.com,India,2022-01-05,Basic,92.65
7801,Ivy Blair,ivy.blair7801@example.com,Japan,2024-02-07,Standard,601.30
7802,Sadie Shaw,sadie.shaw7802@example.com,United States,2022-06-20,Standard,459.44
7803,Ella Hart,ella.hart7803@example.com,Australia,2023-02-14,Premium,1594.71
7804,Nora Reed,nora.reed7804@example.com,Netherlands,2022-12-07,Premium,1413.04
7805,Silas Pike,silas.pike7805@example.com,France,2022-06-08,Premium,2532.86
7806,Hugo Drew,hugo.drew7806@example.com,Canada,2023-04-10,Standard,352.91
7807,Liam Pike,liam.pike7807@example.com,United States,2025-01-30,Premium,1318.74
7808,Ivy Walsh,ivy.walsh7808@example.com,Germany,2025-11-16,Premium,2853.41
7809,Liam Finn,liam.finn7809@example.com,United Kingdom,2024-08-10,Basic,81.93
7810,Noah Lane,noah.lane7810@example.com,France,2025-07-28,Basic,187.64
7811,Leo Hart,leo.hart7811@example.com,France,2025-12-24,Standard,65.22
7812,Ava Tate,,Japan,2024-04-25,Basic,144.49
7813,Silas Snow,silas.snow7813@example.com,United Kingdom,2026-07-02,Standard,596.82
7814,Owen Moss,owen.moss7814@example.com,United States,2026-06-26,Standard,616.49
7815,Owen Moss,owen.moss7815@example.com,United States,2025-08-28,Standard,86.87
7816,Zoe Kerr,zoe.kerr7816@example.com,Netherlands,2024-12-15,Standard,543.31
7817,Jonah Walsh,jonah.walsh7817@example.com,Canada,2026-03-01,Premium,2719.99
7818,Ava Reed,ava.reed7818@example.com,United States,2023-01-31,Standard,530.15
7819,Jade Vale,jade.vale7819@example.com,United Kingdom,2025-09-22,Standard,444.54
7820,Sadie Brooks,sadie.brooks7820@example.com,United States,2023-11-22,Standard,301.19
7821,Zoe Nash,zoe.nash7821@example.com,Brazil,2025-07-02,Basic,161.61
7822,Iris Snow,iris.snow7822@example.com,United Kingdom,2024-03-17,Basic,39.98
7823,Nora Bell,nora.bell7823@example.com,Netherlands,2025-07-02,Standard,736.95
7824,Asher Snow,asher.snow7824@example.com,Canada,2026-02-01,Basic,181.48
7825,Nico Cole,nico.cole7825@example.com,Mexico,2023-10-12,Premium,1094.15
7826,Mia Quinn,mia.quinn7826@example.com,India,2022-08-26,Standard,256.06
7827,Caleb Kerr,caleb.kerr7827@example.com,United Kingdom,2024-01-17,Basic,100.05
7828,Miles Vale,miles.vale7828@example.com,Netherlands,2023-02-22,Standard,631.52
7829,Mia Zane,mia.zane7829@example.com,Brazil,2026-01-02,Basic,86.40
7830,Mia Dunn,,United States,2024-04-19,Basic,131.82
7831,Asher Lane,asher.lane7831@example.com,Spain,2025-09-02,Standard,120.12
7832,Theo Moss,theo.moss7832@example.com,Japan,2023-01-29,Standard,383.14
7833,Ava Young,ava.young7833@example.com,Mexico,2022-07-05,Standard,696.08
7834,Ella Young,ella.young7834@example.com,Germany,2024-03-03,Basic,34.16
7835,Ivy Gray,ivy.gray7835@example.com,United States,2025-10-08,Basic,41.19
7836,Chloe Blair,chloe.blair7836@example.com,Brazil,2025-09-23,Standard,734.65
7837,Piper Tate,piper.tate7837@example.com,Canada,2022-03-02,Standard,370.32
7838,Nora York,nora.york7838@example.com,United Kingdom,2024-05-14,Standard,390.16
7839,Ava Hart,ava.hart7839@example.com,United States,2026-05-06,Premium,4967.38
7840,Piper Zane,piper.zane7840@example.com,United Kingdom,2022-09-23,Basic,130.68
7841,Hugo Brooks,hugo.brooks7841@example.com,Brazil,2025-02-06,Basic,48.67
7842,Nico Frost,nico.frost7842@example.com,Canada,2023-07-28,Premium,1578.85
7843,Ruby Park,ruby.park7843@example.com,United Kingdom,2025-09-15,Basic,22.84
7844,Wren Walsh,wren.walsh7844@example.com,Mexico,2023-10-12,Standard,432.26
7845,Felix Pike,felix.pike7845@example.com,United States,2026-03-22,Basic,173.07
7846,Zoe Nash,zoe.nash7846@example.com,Japan,2025-08-12,Standard,607.61
7847,Jade Young,jade.young7847@example.com,India,2026-06-20,Standard,153.85
7848,Miles Zane,miles.zane7848@example.com,Canada,2023-04-05,Standard,729.63
7849,Silas Finn,silas.finn7849@example.com,United States,2025-12-08,Basic,110.73
7850,Asher Nash,asher.nash7850@example.com,Netherlands,2024-05-15,Standard,562.37
7851,Nora Nash,nora.nash7851@example.com,India,2023-08-11,Premium,2726.58
7852,Ruby Lane,ruby.lane7852@example.com,Netherlands,2022-07-21,Standard,617.74
7853,Mila West,mila.west7853@example.com,Japan,2022-01-20,Standard,613.80
7854,Noah Park,noah.park7854@example.com,Japan,2022-07-31,Standard,175.99
7855,Iris Young,iris.young7855@example.com,Mexico,2025-08-30,Standard,186.61
7856,Arlo Cole,arlo.cole7856@example.com,United Kingdom,2024-05-20,Standard,367.32
7857,Piper Walsh,piper.walsh7857@example.com,United States,2024-10-13,Basic,178.03
7858,Asher West,asher.west7858@example.com,Australia,2025-01-01,Basic,140.32
7859,Sadie Tate,sadie.tate7859@example.com,United Kingdom,2026-03-12,Basic,123.12
7860,Noah Walsh,noah.walsh7860@example.com,India,2023-04-11,Standard,67.94
7861,Ruby Walsh,ruby.walsh7861@example.com,United Kingdom,2023-07-24,Basic,92.89
7862,Jonah Frost,jonah.frost7862@example.com,United States,2023-07-02,Basic,73.03
7863,Leo Gray,leo.gray7863@example.com,Brazil,2024-08-18,Basic,81.46
7864,Miles Park,miles.park7864@example.com,United States,2025-09-23,Standard,609.11
7865,Lila Park,lila.park7865@example.com,Japan,2024-01-14,Standard,366.43
7866,Mia Hale,mia.hale7866@example.com,India,2026-06-21,Basic,104.78
7867,Noah Drew,noah.drew7867@example.com,Japan,2023-03-15,Basic,155.24
7868,Ava Quinn,ava.quinn7868@example.com,United States,2023-11-02,Basic,130.36
7869,Theo Dunn,theo.dunn7869@example.com,United States,2022-02-06,Basic,117.46
7870,Ethan Dunn,ethan.dunn7870@example.com,India,2025-09-07,Premium,2357.59
7871,Noah Finn,noah.finn7871@example.com,Netherlands,2022-11-10,Standard,708.23
7872,Mia Bell,mia.bell7872@example.com,India,2024-03-10,Standard,571.95
7873,Lila Brooks,lila.brooks7873@example.com,United States,2025-05-26,Standard,275.32
7874,Caleb Quinn,caleb.quinn7874@example.com,Australia,2022-07-05,Standard,503.94
7875,Nico Drew,nico.drew7875@example.com,India,2026-01-22,Premium,3835.82
7876,Wren Zane,wren.zane7876@example.com,United States,2024-09-26,Basic,168.03
7877,Piper Young,piper.young7877@example.com,United States,2024-12-27,Basic,17.67
7878,Ella Bell,ella.bell7878@example.com,United States,2022-09-09,Basic,49.18
7879,Felix Tate,felix.tate7879@example.com,Netherlands,2023-11-12,Premium,3659.75
7880,Zoe Young,zoe.young7880@example.com,India,2022-11-25,Standard,324.81
7881,Owen Quinn,owen.quinn7881@example.com,Canada,2024-10-17,Standard,229.57
7882,Leo Hart,leo.hart7882@example.com,India,2023-03-15,Basic,170.09
7883,Nico Moss,nico.moss7883@example.com,Brazil,2022-09-10,Basic,139.13
7884,Ethan Kerr,ethan.kerr7884@example.com,United States,2023-06-19,Standard,170.49
7885,Ivy Drew,ivy.drew7885@example.com,Germany,2025-12-21,Basic,162.05
7886,Ivy Nash,ivy.nash7886@example.com,Australia,2023-04-22,Standard,692.35
7887,Nico Drew,nico.drew7887@example.com,India,2025-10-16,Standard,455.69
7888,Hugo Nash,hugo.nash7888@example.com,United States,2022-03-13,Premium,2803.12
7889,Asher Cole,asher.cole7889@example.com,United States,2024-01-27,Basic,166.52
7890,Chloe Quinn,chloe.quinn7890@example.com,Australia,2022-10-21,Standard,498.76
7891,Noah West,noah.west7891@example.com,Mexico,2022-10-06,Basic,108.13
7892,Owen West,owen.west7892@example.com,Japan,2022-01-05,Basic,188.31
7893,Leo Moss,leo.moss7893@example.com,India,2025-01-26,Basic,161.11
7894,Jonah Finn,jonah.finn7894@example.com,India,2023-04-04,Basic,129.55
7895,Caleb Hale,caleb.hale7895@example.com,Germany,2024-07-31,Basic,191.68
7896,Leo Vale,leo.vale7896@example.com,Germany,2025-07-07,Standard,180.47
7897,Miles Hale,miles.hale7897@example.com,United States,2025-04-08,Basic,48.68
7898,Mia Cole,mia.cole7898@example.com,United States,2025-07-27,Standard,146.53
7899,Owen Gray,owen.gray7899@example.com,United States,2024-08-31,Standard,480.14
7900,Ivy Moss,ivy.moss7900@example.com,India,2022-12-31,Basic,85.24
7901,Ella Dunn,ella.dunn7901@example.com,Germany,2026-05-09,Standard,427.94
7902,Iris Lang,iris.lang7902@example.com,United States,2022-10-13,Basic,41.32
7903,Ethan Cole,ethan.cole7903@example.com,Netherlands,2025-02-16,Basic,158.62
7904,Silas Cole,silas.cole7904@example.com,United Kingdom,2025-12-12,Standard,671.95
7905,Noah Park,noah.park7905@example.com,India,2023-09-16,Basic,67.89
7906,Sadie Tate,sadie.tate7906@example.com,United States,2022-01-25,Basic,172.61
7907,Leo Cruz,leo.cruz7907@example.com,Spain,2023-02-25,Basic,157.19
7908,Asher Reed,asher.reed7908@example.com,Spain,2022-08-17,Standard,606.07
7909,Wren Lang,wren.lang7909@example.com,United States,2025-08-23,Standard,120.88
7910,Lila Hart,lila.hart7910@example.com,Japan,2023-03-05,Standard,635.07
7911,Mia Moss,mia.moss7911@example.com,United States,2024-07-08,Premium,4916.86
7912,Theo Frost,theo.frost7912@example.com,France,2025-02-19,Standard,372.89
7913,Theo Hart,theo.hart7913@example.com,Australia,2025-08-24,Standard,623.66
7914,Jade Lang,jade.lang7914@example.com,France,2022-07-16,Basic,73.18
7915,Silas Blair,silas.blair7915@example.com,India,2025-03-23,Standard,399.41
7916,Ella Reed,ella.reed7916@example.com,United Kingdom,2023-09-24,Standard,90.85
7917,Chloe West,chloe.west7917@example.com,Mexico,2022-02-01,Standard,470.57
7918,Arlo Cole,arlo.cole7918@example.com,United Kingdom,2024-11-05,Basic,169.99
7919,Zoe West,zoe.west7919@example.com,United States,2026-01-21,Standard,182.53
7920,Felix Walsh,felix.walsh7920@example.com,United States,2025-02-11,Basic,58.71
7921,Sadie Gray,sadie.gray7921@example.com,Germany,2023-10-22,Basic,18.99
7922,Silas Zane,silas.zane7922@example.com,Netherlands,2023-07-29,Standard,695.07
7923,Jonah Dunn,jonah.dunn7923@example.com,India,2023-11-29,Basic,168.90
7924,Jonah Lang,jonah.lang7924@example.com,Germany,2024-01-31,Standard,608.58
7925,Mila Frost,mila.frost7925@example.com,Brazil,2026-07-11,Premium,1731.33
7926,Ivy Lang,ivy.lang7926@example.com,India,2024-02-20,Premium,2654.64
7927,Miles Hale,miles.hale7927@example.com,United States,2025-09-18,Basic,131.59
7928,Ivy Park,ivy.park7928@example.com,United States,2025-03-19,Basic,22.63
7929,Iris Shaw,iris.shaw7929@example.com,Mexico,2025-04-23,Basic,108.91
7930,Nora Lang,nora.lang7930@example.com,France,2024-09-30,Standard,319.43
7931,Hugo Walsh,hugo.walsh7931@example.com,United States,2022-04-27,Basic,75.48
7932,Jonah York,jonah.york7932@example.com,Mexico,2022-01-18,Standard,331.68
7933,Jonah Dunn,jonah.dunn7933@example.com,United States,2024-04-28,Standard,177.82
7934,Silas Cruz,silas.cruz7934@example.com,Brazil,2022-01-30,Standard,425.90
7935,Arlo Moss,arlo.moss7935@example.com,United States,2022-10-22,Standard,176.48
7936,Ella Reed,ella.reed7936@example.com,Canada,2025-11-19,Basic,97.83
7937,Zoe Frost,zoe.frost7937@example.com,United States,2024-09-06,Standard,369.59
7938,Zoe Moss,zoe.moss7938@example.com,Netherlands,2022-05-05,Basic,139.13
7939,Nora Tate,nora.tate7939@example.com,Australia,2022-02-19,Standard,489.46
7940,Iris Young,iris.young7940@example.com,Japan,2024-06-22,Standard,206.82
7941,Zoe Hart,zoe.hart7941@example.com,Mexico,2026-03-12,Basic,11.20
7942,Asher Moss,asher.moss7942@example.com,Japan,2025-05-24,Standard,79.74
7943,Nico Cole,nico.cole7943@example.com,Mexico,2023-10-20,Standard,64.64
7944,Arlo Cruz,arlo.cruz7944@example.com,France,2026-07-01,Premium,4639.91
7945,Nico Shaw,nico.shaw7945@example.com,Japan,2026-03-11,Standard,394.78
7946,Ruby Lane,ruby.lane7946@example.com,Spain,2024-07-03,Standard,755.99
7947,Mila Quinn,mila.quinn7947@example.com,Canada,2023-08-26,Basic,60.76
7948,Noah Lane,noah.lane7948@example.com,Netherlands,2025-07-26,Standard,523.90
7949,Jade Quinn,jade.quinn7949@example.com,Netherlands,2025-11-15,Basic,106.76
7950,Miles York,miles.york7950@example.com,United Kingdom,2025-03-01,Basic,57.11
7951,Noah Walsh,noah.walsh7951@example.com,Australia,2026-06-25,Basic,103.53
7952,Asher Lang,asher.lang7952@example.com,United States,2022-02-19,Standard,143.78
7953,Owen Young,owen.young7953@example.com,Australia,2023-09-13,Standard,93.60
7954,Leo Lang,leo.lang7954@example.com,United States,2025-07-14,Standard,677.51
7955,Ava Dunn,ava.dunn7955@example.com,United States,2026-05-28,Premium,1924.85
7956,Miles Moss,miles.moss7956@example.com,United States,2022-04-11,Standard,67.76
7957,Noah Young,noah.young7957@example.com,United States,2025-12-31,Standard,590.46
7958,Ruby West,ruby.west7958@example.com,Australia,2024-02-28,Standard,742.61
7959,Silas Blair,silas.blair7959@example.com,Spain,2026-07-17,Standard,627.66
7960,Leo Reed,leo.reed7960@example.com,United States,2025-02-03,Standard,236.08
7961,Nico Frost,nico.frost7961@example.com,United States,2024-06-27,Standard,603.19
7962,Noah Quinn,noah.quinn7962@example.com,Germany,2025-11-27,Basic,154.17
7963,Asher Lane,asher.lane7963@example.com,United States,2024-11-04,Basic,36.73
7964,Ethan Hale,ethan.hale7964@example.com,Japan,2024-02-26,Basic,115.63
7965,Ethan Hale,ethan.hale7965@example.com,United States,2025-10-14,Basic,38.50
7966,Leo Dunn,leo.dunn7966@example.com,United States,2023-05-08,Standard,192.67
7967,Nora Hart,nora.hart7967@example.com,Japan,2022-05-25,Standard,701.76
7968,Ruby Quinn,ruby.quinn7968@example.com,India,2024-09-12,Standard,684.64
7969,Nico Park,nico.park7969@example.com,Australia,2023-01-22,Basic,33.26
7970,Piper Brooks,piper.brooks7970@example.com,Brazil,2026-05-11,Basic,51.21
7971,Iris Cole,iris.cole7971@example.com,Canada,2024-08-24,Standard,125.90
7972,Ethan Moss,ethan.moss7972@example.com,United Kingdom,2024-04-26,Standard,718.33
7973,Ruby Zane,ruby.zane7973@example.com,United Kingdom,2024-05-08,Standard,420.74
7974,Leo Park,leo.park7974@example.com,Germany,2026-04-04,Basic,58.98
7975,Ruby Hale,ruby.hale7975@example.com,Spain,2025-01-15,Standard,348.75
7976,Ethan Bell,ethan.bell7976@example.com,United States,2022-06-30,Basic,79.32
7977,Nico Vale,nico.vale7977@example.com,United States,2026-03-08,Standard,415.75
7978,Mila York,mila.york7978@example.com,France,2025-12-25,Basic,51.48
7979,Mila Dunn,mila.dunn7979@example.com,India,2025-03-22,Standard,171.00
7980,Iris West,iris.west7980@example.com,Japan,2024-12-21,Standard,450.75
7981,Ava Young,ava.young7981@example.com,Australia,2024-02-27,Premium,2281.30
7982,Nico Park,nico.park7982@example.com,United States,2024-04-09,Basic,76.88
7983,Jade Snow,jade.snow7983@example.com,Australia,2023-08-16,Standard,784.46
7984,Hugo Tate,hugo.tate7984@example.com,Germany,2022-02-07,Basic,156.16
7985,Mila Cole,mila.cole7985@example.com,Australia,2025-10-11,Standard,675.66
7986,Miles Snow,miles.snow7986@example.com,France,2023-02-26,Standard,643.44
7987,Lila Brooks,lila.brooks7987@example.com,United States,2022-10-31,Standard,509.55
7988,Liam Dunn,liam.dunn7988@example.com,Germany,2026-09-10,Premium,2720.12
7989,Zoe West,zoe.west7989@example.com,Canada,2024-06-23,Standard,620.44
7990,Silas Vale,silas.vale7990@example.com,India,2024-03-30,Standard,125.19
7991,Iris Finn,iris.finn7991@example.com,United States,2023-01-24,Premium,2412.50
7992,Ethan Pike,ethan.pike7992@example.com,United States,2025-03-27,Basic,69.00
7993,Liam Vale,liam.vale7993@example.com,France,2022-02-01,Standard,745.92
7994,Silas Moss,silas.moss7994@example.com,Brazil,2023-10-15,Standard,203.06
7995,Ava Gray,ava.gray7995@example.com,Australia,2026-02-11,Standard,328.60
7996,Silas Young,silas.young7996@example.com,Australia,2026-08-16,Basic,136.20
7997,Jonah Brooks,jonah.brooks7997@example.com,Brazil,2026-05-27,Basic,145.92
7998,Jonah York,jonah.york7998@example.com,Mexico,2023-07-11,Basic,11.15
7999,Leo Snow,leo.snow7999@example.com,Japan,2022-04-24,Standard,226.64
8000,Leo Lang,,United States,2024-01-25,Premium,1979.01
8001,Ruby Finn,ruby.finn8001@example.com,Australia,2026-05-26,Standard,755.46
8002,Nora Vale,nora.vale8002@example.com,United States,2024-03-08,Basic,70.93
8003,Jonah Drew,jonah.drew8003@example.com,United States,2026-03-09,Basic,180.08
8004,Ruby Moss,ruby.moss8004@example.com,United Kingdom,2025-10-02,Standard,670.49
8005,Ella Tate,ella.tate8005@example.com,India,2023-03-08,Basic,79.30
8006,Wren Lane,wren.lane8006@example.com,Mexico,2022-01-07,Basic,109.43
8007,Ava Dunn,ava.dunn8007@example.com,Spain,2026-05-18,Basic,3.23
8008,Felix Vale,felix.vale8008@example.com,Netherlands,2024-08-20,Standard,221.36
8009,Lila Gray,lila.gray8009@example.com,India,2024-08-30,Basic,127.49
8010,Sadie Lane,sadie.lane8010@example.com,Brazil,2024-10-16,Basic,19.72
8011,Iris Cruz,iris.cruz8011@example.com,United States,2026-09-24,Standard,608.86
8012,Wren Pike,wren.pike8012@example.com,Canada,2024-05-17,Premium,4751.74
8013,Asher Cruz,asher.cruz8013@example.com,Australia,2026-05-13,Premium,2936.28
8014,Miles Hale,miles.hale8014@example.com,United States,2022-12-20,Basic,196.62
8015,Wren Snow,wren.snow8015@example.com,United States,2024-01-09,Basic,15.13
8016,Noah York,noah.york8016@example.com,Canada,2026-09-11,Standard,616.69
8017,Leo Cole,leo.cole8017@example.com,Brazil,2024-08-14,Standard,738.78
8018,Ruby Nash,ruby.nash8018@example.com,United States,2023-08-13,Standard,789.57
8019,Mia Dunn,mia.dunn8019@example.com,United States,2025-10-25,Premium,2745.66
8020,Sadie Lane,sadie.lane8020@example.com,Japan,2024-08-22,Premium,4709.07
8021,Ethan Lane,ethan.lane8021@example.com,United Kingdom,2022-07-22,Standard,558.81
8022,Asher Quinn,asher.quinn8022@example.com,Australia,2024-12-21,Standard,131.23
8023,Jonah Finn,jonah.finn8023@example.com,United States,2024-09-06,Standard,110.39
8024,Ava Bell,ava.bell8024@example.com,United States,2026-03-16,Premium,2114.14
8025,Wren Lang,wren.lang8025@example.com,United States,2026-04-28,Standard,679.57
8026,Caleb Cole,caleb.cole8026@example.com,Mexico,2025-03-21,Standard,280.14
8027,Mila Park,mila.park8027@example.com,United Kingdom,2025-02-04,Standard,54.95
8028,Mia Kerr,mia.kerr8028@example.com,France,2023-12-23,Standard,204.43
8029,Liam Gray,liam.gray8029@example.com,France,2023-09-08,Basic,137.79
8030,Jade Drew,jade.drew8030@example.com,United States,2022-08-08,Premium,3343.73
8031,Zoe Cruz,zoe.cruz8031@example.com,France,2022-07-13,Standard,394.93
8032,Miles Zane,miles.zane8032@example.com,United Kingdom,2022-06-18,Standard,240.16
8033,Ava Snow,ava.snow8033@example.com,United States,2026-07-25,Standard,128.06
8034,Leo Finn,leo.finn8034@example.com,Mexico,2025-10-24,Basic,141.79
8035,Piper Dunn,piper.dunn8035@example.com,United States,2023-08-18,Standard,297.57
8036,Theo Hale,theo.hale8036@example.com,Germany,2025-10-16,Standard,426.16
8037,Jade Reed,jade.reed8037@example.com,United Kingdom,2023-05-12,Standard,671.33
8038,Hugo York,hugo.york8038@example.com,Australia,2025-07-14,Standard,475.33
8039,Noah Lang,noah.lang8039@example.com,Japan,2026-02-06,Standard,285.02
8040,Nico Vale,nico.vale8040@example.com,United States,2026-06-12,Standard,153.96
8041,Chloe Dunn,chloe.dunn8041@example.com,United States,2022-11-21,Standard,518.91
8042,Noah Tate,noah.tate8042@example.com,United States,2024-05-19,Standard,631.32
8043,Asher Finn,asher.finn8043@example.com,Brazil,2025-09-02,Standard,450.07
8044,Felix Park,felix.park8044@example.com,United States,2024-08-12,Basic,47.04
8045,Ella Cruz,ella.cruz8045@example.com,India,2024-09-25,Basic,193.06
8046,Jade Cole,jade.cole8046@example.com,Brazil,2024-12-14,Basic,186.57
8047,Wren Drew,wren.drew8047@example.com,United States,2022-12-18,Basic,172.54
8048,Miles Vale,miles.vale8048@example.com,Germany,2023-06-11,Standard,702.55
8049,Silas Cruz,silas.cruz8049@example.com,Australia,2022-04-17,Standard,436.09
8050,Ava Vale,ava.vale8050@example.com,Brazil,2026-05-26,Standard,266.78
8051,Asher Pike,asher.pike8051@example.com,Spain,2024-02-20,Basic,102.72
8052,Ethan Tate,ethan.tate8052@example.com,United States,2023-10-11,Basic,159.27
8053,Owen Quinn,owen.quinn8053@example.com,United States,2022-02-07,Basic,93.60
8054,Ava Drew,ava.drew8054@example.com,Brazil,2024-07-31,Premium,4724.04
8055,Liam Dunn,liam.dunn8055@example.com,France,2026-07-06,Premium,1967.11
8056,Owen Snow,owen.snow8056@example.com,Canada,2023-01-04,Basic,138.39
8057,Leo Vale,leo.vale8057@example.com,United States,2025-06-24,Standard,568.59
8058,Owen Snow,owen.snow8058@example.com,United States,2025-04-07,Standard,324.61
8059,Leo Blair,leo.blair8059@example.com,Australia,2026-09-30,Basic,37.29
8060,Hugo Lane,hugo.lane8060@example.com,United Kingdom,2024-06-26,Standard,345.23
8061,Jade Quinn,jade.quinn8061@example.com,Germany,2025-11-23,Basic,15.17
8062,Hugo Kerr,hugo.kerr8062@example.com,Mexico,2025-11-20,Basic,151.11
8063,Ruby Dunn,ruby.dunn8063@example.com,Netherlands,2024-07-12,Standard,521.15
8064,Miles Hart,miles.hart8064@example.com,Mexico,2022-01-14,Basic,60.58
8065,Liam Kerr,liam.kerr8065@example.com,Mexico,2024-06-30,Basic,69.83
8066,Chloe Blair,chloe.blair8066@example.com,France,2026-07-20,Standard,108.05
8067,Mia Tate,mia.tate8067@example.com,United States,2025-09-14,Basic,94.83
8068,Sadie Reed,sadie.reed8068@example.com,United States,2026-06-25,Standard,772.99
8069,Asher West,asher.west8069@example.com,Brazil,2026-01-26,Standard,392.19
8070,Ava Hart,ava.hart8070@example.com,United States,2024-02-20,Standard,488.61
8071,Ruby West,ruby.west8071@example.com,Canada,2024-04-05,Basic,17.36
8072,Ethan Zane,ethan.zane8072@example.com,Brazil,2023-07-09,Basic,81.77
8073,Nora Cruz,nora.cruz8073@example.com,Japan,2026-08-25,Basic,154.32
8074,Mia Quinn,mia.quinn8074@example.com,India,2022-03-05,Basic,10.66
8075,Caleb Lane,caleb.lane8075@example.com,Brazil,2026-03-09,Premium,1770.99
8076,Arlo Quinn,arlo.quinn8076@example.com,France,2023-11-03,Basic,133.18
8077,Noah Tate,noah.tate8077@example.com,Germany,2025-05-14,Basic,62.43
8078,Silas Young,silas.young8078@example.com,United States,2026-03-30,Basic,162.00
8079,Jonah Finn,jonah.finn8079@example.com,United States,2023-11-02,Standard,386.42
8080,Arlo Bell,arlo.bell8080@example.com,United Kingdom,2022-11-03,Basic,103.81
8081,Jonah Moss,jonah.moss8081@example.com,United States,2023-01-03,Premium,2123.27
8082,Ella West,ella.west8082@example.com,United States,2025-04-24,Standard,395.31
8083,Felix Lang,felix.lang8083@example.com,Canada,2022-08-13,Basic,161.22
8084,Nora West,nora.west8084@example.com,United States,2024-11-27,Standard,258.87
8085,Jonah Park,jonah.park8085@example.com,Japan,2023-09-07,Standard,786.30
8086,Theo Tate,theo.tate8086@example.com,Canada,2024-01-26,Basic,182.30
8087,Ava Quinn,ava.quinn8087@example.com,India,2023-11-08,Standard,514.15
8088,Arlo York,arlo.york8088@example.com,United States,2024-10-04,Premium,4369.33
8089,Theo Pike,theo.pike8089@example.com,United Kingdom,2022-04-06,Basic,86.06
8090,Ruby Lang,ruby.lang8090@example.com,Netherlands,2023-07-26,Standard,230.09
8091,Asher Zane,asher.zane8091@example.com,United States,2024-04-08,Standard,697.08
8092,Silas Gray,silas.gray8092@example.com,Germany,2025-12-04,Premium,2316.91
8093,Nico Brooks,nico.brooks8093@example.com,Japan,2023-04-11,Premium,2797.71
8094,Felix Bell,felix.bell8094@example.com,Mexico,2022-12-29,Basic,134.58
8095,Lila Drew,lila.drew8095@example.com,Spain,2024-06-28,Basic,14.09
8096,Caleb Nash,caleb.nash8096@example.com,Canada,2025-02-27,Standard,711.79
8097,Liam Frost,liam.frost8097@example.com,Netherlands,2022-01-12,Standard,633.64
8098,Ella Hale,ella.hale8098@example.com,Canada,2022-01-22,Standard,107.79
8099,Miles Cruz,miles.cruz8099@example.com,United States,2024-05-22,Premium,2387.16
8100,Sadie York,sadie.york8100@example.com,Netherlands,2025-05-05,Standard,662.79
8101,Ella Shaw,ella.shaw8101@example.com,India,2023-10-03,Basic,82.43
8102,Liam West,liam.west8102@example.com,United States,2022-03-19,Standard,88.39
8103,Silas York,silas.york8103@example.com,United States,2026-08-31,Standard,649.20
8104,Leo Park,leo.park8104@example.com,India,2025-01-04,Basic,1.95
8105,Ava Young,ava.young8105@example.com,Germany,2023-05-28,Standard,284.64
8106,Lila Frost,lila.frost8106@example.com,United Kingdom,2024-06-13,Basic,33.63
8107,Lila Gray,lila.gray8107@example.com,Germany,2026-06-25,Standard,109.95
8108,Miles Shaw,miles.shaw8108@example.com,India,2025-05-22,Standard,258.82
8109,Silas Tate,silas.tate8109@example.com,India,2023-09-06,Standard,203.77
8110,Ruby Blair,ruby.blair8110@example.com,Australia,2026-06-18,Premium,1291.91
8111,Liam Moss,liam.moss8111@example.com,Spain,2026-03-07,Standard,526.50
8112,Asher York,asher.york8112@example.com,United States,2026-08-25,Standard,657.99
8113,Arlo Drew,arlo.drew8113@example.com,United States,2024-12-08,Basic,188.81
8114,Liam Reed,liam.reed8114@example.com,United States,2025-04-29,Basic,191.36
8115,Silas Drew,silas.drew8115@example.com,India,2025-07-10,Basic,128.14
8116,Sadie Lang,sadie.lang8116@example.com,Mexico,2025-01-09,Basic,9.58
8117,Mia Reed,mia.reed8117@example.com,United States,2026-03-27,Basic,132.71
8118,Silas Nash,silas.nash8118@example.com,United States,2022-07-16,Premium,4395.39
8119,Ava West,ava.west8119@example.com,United States,2024-01-03,Standard,693.41
8120,Wren Hale,wren.hale8120@example.com,United States,2024-04-06,Premium,3902.27
8121,Ethan Kerr,ethan.kerr8121@example.com,Australia,2026-01-11,Premium,1763.31
8122,Chloe Brooks,chloe.brooks8122@example.com,United Kingdom,2023-11-22,Standard,511.03
8123,Jade Young,jade.young8123@example.com,United Kingdom,2024-03-12,Standard,624.24
8124,Jade Pike,jade.pike8124@example.com,Canada,2024-04-26,Basic,49.70
8125,Sadie Pike,sadie.pike8125@example.com,Spain,2025-01-14,Basic,129.94
8126,Arlo West,arlo.west8126@example.com,Canada,2022-04-22,Basic,43.50
8127,Mila Moss,mila.moss8127@example.com,Brazil,2024-11-17,Standard,689.86
8128,Ivy Zane,ivy.zane8128@example.com,United States,2022-10-31,Standard,283.03
8129,Nora West,nora.west8129@example.com,United States,2025-01-30,Standard,75.71
8130,Ella Finn,ella.finn8130@example.com,Australia,2025-02-19,Standard,656.97
8131,Wren Blair,wren.blair8131@example.com,Netherlands,2025-02-18,Basic,163.19
8132,Arlo Walsh,arlo.walsh8132@example.com,Germany,2023-02-14,Basic,94.21
8133,Jade Walsh,jade.walsh8133@example.com,Mexico,2025-08-03,Basic,1.46
8134,Miles Pike,miles.pike8134@example.com,United Kingdom,2023-08-12,Standard,365.68
8135,Nico Kerr,nico.kerr8135@example.com,Japan,2023-04-19,Basic,8.95
8136,Mila Hart,mila.hart8136@example.com,United States,2025-12-07,Standard,460.49
8137,Wren Gray,wren.gray8137@example.com,United States,2024-12-28,Basic,199.62
8138,Iris West,iris.west8138@example.com,Germany,2022-03-20,Basic,125.76
8139,Ruby Dunn,ruby.dunn8139@example.com,India,2024-08-21,Basic,122.21
8140,Asher Snow,asher.snow8140@example.com,United Kingdom,2025-06-04,Premium,767.06
8141,Piper Tate,piper.tate8141@example.com,India,2026-08-10,Basic,79.48
8142,Noah Drew,noah.drew8142@example.com,United States,2025-09-03,Standard,744.37
8143,Sadie Hart,sadie.hart8143@example.com,Canada,2023-06-23,Standard,532.77
8144,Liam Blair,liam.blair8144@example.com,Spain,2022-04-08,Premium,2181.08
8145,Arlo Gray,arlo.gray8145@example.com,Brazil,2022-08-31,Basic,178.72
8146,Arlo Lane,arlo.lane8146@example.com,United Kingdom,2024-09-14,Basic,68.73
8147,Jade Cruz,jade.cruz8147@example.com,United States,2023-08-03,Standard,285.86
8148,Jonah Frost,jonah.frost8148@example.com,United States,2022-12-04,Premium,3128.64
8149,Nora Snow,nora.snow8149@example.com,United States,2023-10-07,Premium,1672.80
8150,Ethan Hart,ethan.hart8150@example.com,United States,2025-01-03,Standard,522.81
8151,Mia Lane,mia.lane8151@example.com,Brazil,2022-08-28,Basic,61.77
8152,Nora Reed,nora.reed8152@example.com,United States,2026-06-29,Standard,623.72
8153,Theo Bell,theo.bell8153@example.com,India,2026-05-06,Standard,502.88
8154,Ava Lang,ava.lang8154@example.com,United States,2025-06-28,Standard,207.76
8155,Jade Bell,jade.bell8155@example.com,United States,2022-02-20,Standard,520.36
8156,Hugo Quinn,hugo.quinn8156@example.com,United States,2022-02-15,Basic,1.06
8157,Jonah Drew,jonah.drew8157@example.com,United States,2023-07-17,Standard,539.79
8158,Mia Lane,mia.lane8158@example.com,France,2023-03-12,Standard,333.46
8159,Silas Park,silas.park8159@example.com,Canada,2025-07-03,Standard,240.57
8160,Silas Park,silas.park8160@example.com,France,2025-04-10,Standard,397.64
8161,Chloe Cole,chloe.cole8161@example.com,Japan,2023-02-20,Standard,105.10
8162,Sadie Zane,sadie.zane8162@example.com,United Kingdom,2023-02-22,Standard,113.48
8163,Ella Brooks,ella.brooks8163@example.com,United States,2026-07-20,Standard,109.46
8164,Chloe Quinn,chloe.quinn8164@example.com,Japan,2022-09-10,Standard,316.84
8165,Jonah Blair,jonah.blair8165@example.com,United Kingdom,2022-06-27,Standard,229.44
8166,Piper Lane,piper.lane8166@example.com,Japan,2025-03-08,Standard,340.75
8167,Jade Shaw,jade.shaw8167@example.com,United Kingdom,2023-01-24,Standard,614.49
8168,Caleb Blair,caleb.blair8168@example.com,United Kingdom,2025-11-20,Basic,63.88
8169,Mia Hale,mia.hale8169@example.com,India,2023-10-08,Standard,416.93
8170,Leo Shaw,leo.shaw8170@example.com,United States,2022-03-06,Standard,761.78
8171,Sadie Lane,sadie.lane8171@example.com,Netherlands,2024-02-21,Basic,76.25
8172,Silas Gray,silas.gray8172@example.com,United States,2024-07-05,Basic,180.41
8173,Sadie York,sadie.york8173@example.com,India,2023-05-07,Basic,15.19
8174,Zoe Blair,zoe.blair8174@example.com,United States,2026-08-16,Premium,1602.00
8175,Owen Tate,owen.tate8175@example.com,Germany,2025-07-17,Standard,363.67
8176,Liam Hale,liam.hale8176@example.com,United States,2022-10-25,Standard,475.19
8177,Ava Finn,ava.finn8177@example.com,Australia,2024-10-12,Basic,5.29
8178,Ruby Hart,ruby.hart8178@example.com,United Kingdom,2026-05-06,Premium,4878.02
8179,Theo Zane,theo.zane8179@example.com,United Kingdom,2024-11-20,Standard,447.42
8180,Chloe Brooks,chloe.brooks8180@example.com,Australia,2024-03-07,Basic,14.03
8181,Hugo Reed,hugo.reed8181@example.com,Germany,2024-11-02,Standard,598.49
8182,Miles Blair,miles.blair8182@example.com,United States,2023-02-25,Standard,686.39
8183,Ivy Bell,ivy.bell8183@example.com,France,2024-12-12,Premium,1271.92
8184,Ivy Blair,ivy.blair8184@example.com,United States,2024-07-31,Basic,9.68
8185,Mia Finn,mia.finn8185@example.com,France,2022-12-14,Basic,96.53
8186,Chloe York,chloe.york8186@example.com,India,2024-01-12,Premium,1020.49
8187,Lila Kerr,lila.kerr8187@example.com,United States,2022-01-07,Basic,184.62
8188,Lila Hale,lila.hale8188@example.com,Japan,2026-08-26,Standard,592.67
8189,Wren Blair,wren.blair8189@example.com,Germany,2025-11-05,Standard,277.89
8190,Lila Gray,lila.gray8190@example.com,Brazil,2025-01-20,Basic,188.08
8191,Ella Hart,ella.hart8191@example.com,India,2024-03-28,Premium,4974.89
8192,Silas Bell,silas.bell8192@example.com,Germany,2022-11-23,Basic,159.36
8193,Sadie Brooks,sadie.brooks8193@example.com,Brazil,2024-01-27,Standard,275.25
8194,Theo Hale,theo.hale8194@example.com,United Kingdom,2022-02-17,Standard,603.50
8195,Theo Park,theo.park8195@example.com,Canada,2022-10-02,Premium,1321.99
8196,Piper Frost,piper.frost8196@example.com,Australia,2026-05-30,Premium,2892.53
8197,Asher Vale,asher.vale8197@example.com,United States,2025-02-15,Premium,826.57
8198,Lila Blair,lila.blair8198@example.com,India,2025-06-19,Standard,765.74
8199,Arlo West,arlo.west8199@example.com,India,2023-06-12,Standard,745.60
8200,Chloe Cruz,chloe.cruz8200@example.com,Spain,2026-06-23,Standard,406.15
8201,Jade Cruz,jade.cruz8201@example.com,United States,2026-06-19,Standard,467.22
8202,Theo Pike,theo.pike8202@example.com,Canada,2026-02-16,Basic,44.39
8203,Ella Brooks,ella.brooks8203@example.com,United States,2025-10-04,Standard,711.06
8204,Iris Hart,iris.hart8204@example.com,Canada,2026-01-29,Standard,593.97
8205,Caleb Brooks,caleb.brooks8205@example.com,Australia,2025-03-29,Standard,674.60
8206,Piper Hale,piper.hale8206@example.com,Australia,2024-12-23,Standard,703.65
8207,Hugo Cruz,hugo.cruz8207@example.com,India,2024-06-30,Premium,3247.46
8208,Ethan Zane,ethan.zane8208@example.com,India,2025-12-16,Basic,79.03
8209,Chloe Walsh,chloe.walsh8209@example.com,India,2024-12-13,Standard,741.40
8210,Jonah Hart,jonah.hart8210@example.com,Brazil,2023-11-15,Standard,469.47
8211,Jonah Cruz,jonah.cruz8211@example.com,United States,2025-07-17,Basic,144.05
8212,Ivy Kerr,ivy.kerr8212@example.com,Japan,2022-09-02,Premium,4907.85
8213,Jonah Hale,jonah.hale8213@example.com,Mexico,2023-07-08,Standard,679.76
8214,Asher Finn,asher.finn8214@example.com,India,2023-05-20,Standard,307.41
8215,Wren Walsh,wren.walsh8215@example.com,France,2024-07-09,Standard,346.26
8216,Hugo Snow,hugo.snow8216@example.com,Australia,2025-06-16,Premium,3003.96
8217,Miles Shaw,miles.shaw8217@example.com,Germany,2026-08-17,Standard,68.39
8218,Arlo Zane,arlo.zane8218@example.com,United States,2024-04-01,Standard,381.69
8219,Jade Hart,jade.hart8219@example.com,United Kingdom,2024-07-08,Basic,96.43
8220,Miles Pike,miles.pike8220@example.com,France,2025-11-30,Standard,686.72
8221,Lila Hale,lila.hale8221@example.com,Canada,2025-07-16,Standard,214.12
8222,Nora Young,nora.young8222@example.com,Brazil,2022-11-03,Standard,394.80
8223,Nora Cruz,nora.cruz8223@example.com,Canada,2022-12-24,Basic,199.92
8224,Ethan Dunn,ethan.dunn8224@example.com,Mexico,2022-11-28,Standard,227.30
8225,Iris Shaw,iris.shaw8225@example.com,United States,2024-06-06,Standard,80.76
8226,Liam Lane,liam.lane8226@example.com,United States,2023-04-12,Basic,169.33
8227,Ethan Vale,ethan.vale8227@example.com,Netherlands,2025-02-14,Basic,133.41
8228,Felix Cruz,felix.cruz8228@example.com,Mexico,2025-06-15,Standard,226.89
8229,Silas Blair,silas.blair8229@example.com,Australia,2025-05-25,Basic,171.94
8230,Ella Nash,ella.nash8230@example.com,Australia,2023-06-02,Standard,604.70
8231,Piper Bell,piper.bell8231@example.com,United States,2024-04-24,Basic,141.14
8232,Mia Brooks,mia.brooks8232@example.com,Canada,2024-10-15,Standard,402.17
8233,Piper Cruz,piper.cruz8233@example.com,Netherlands,2023-02-16,Premium,3072.22
8234,Piper Zane,piper.zane8234@example.com,United Kingdom,2026-05-01,Premium,3538.89
8235,Ethan Shaw,ethan.shaw8235@example.com,United States,2024-01-19,Standard,55.33
8236,Piper Pike,piper.pike8236@example.com,India,2022-11-01,Premium,4809.24
8237,Miles Shaw,miles.shaw8237@example.com,Brazil,2025-07-27,Basic,11.91
8238,Sadie Snow,sadie.snow8238@example.com,United Kingdom,2026-05-23,Standard,97.52
8239,Sadie Zane,sadie.zane8239@example.com,United States,2025-05-08,Basic,34.85
8240,Miles Pike,miles.pike8240@example.com,Australia,2023-10-24,Standard,454.88
8241,Nora Frost,nora.frost8241@example.com,United States,2022-04-22,Basic,31.48
8242,Jonah Young,jonah.young8242@example.com,United States,2024-03-30,Standard,220.77
8243,Piper Lang,piper.lang8243@example.com,India,2026-04-05,Basic,51.20
8244,Silas Tate,silas.tate8244@example.com,Australia,2023-01-06,Premium,4806.21
8245,Iris Nash,iris.nash8245@example.com,India,2025-03-14,Standard,713.80
8246,Arlo Young,arlo.young8246@example.com,Netherlands,2023-02-09,Standard,124.05
8247,Jonah Park,jonah.park8247@example.com,United States,2024-04-23,Basic,130.03
8248,Leo Tate,leo.tate8248@example.com,Canada,2022-08-06,Basic,15.02
8249,Hugo Vale,hugo.vale8249@example.com,Germany,2025-09-29,Premium,2618.20
8250,Mila Zane,mila.zane8250@example.com,United States,2024-10-10,Premium,988.67
8251,Ivy Hale,ivy.hale8251@example.com,United States,2022-10-28,Basic,117.17
8252,Noah Hart,noah.hart8252@example.com,United States,2024-07-27,Standard,601.19
8253,Arlo Snow,arlo.snow8253@example.com,United Kingdom,2025-03-24,Standard,451.87
8254,Mila Hale,mila.hale8254@example.com,United States,2024-06-01,Standard,516.78
8255,Noah West,noah.west8255@example.com,United States,2024-10-19,Standard,692.70
8256,Felix West,felix.west8256@example.com,United States,2024-04-22,Standard,69.49
8257,Ethan Bell,ethan.bell8257@example.com,France,2023-12-23,Standard,301.98
8258,Iris Tate,iris.tate8258@example.com,Spain,2025-01-05,Basic,163.35
8259,Nora Moss,nora.moss8259@example.com,Netherlands,2024-10-07,Standard,464.74
8260,Sadie Zane,sadie.zane8260@example.com,United States,2026-01-22,Basic,22.85
8261,Felix Moss,felix.moss8261@example.com,United States,2026-06-05,Basic,173.47
8262,Hugo Snow,hugo.snow8262@example.com,United States,2023-04-13,Basic,16.29
8263,Silas West,silas.west8263@example.com,Netherlands,2023-07-15,Premium,4319.61
8264,Owen Hart,owen.hart8264@example.com,United States,2022-10-02,Basic,197.62
8265,Jonah Vale,jonah.vale8265@example.com,United Kingdom,2026-05-06,Basic,94.13
8266,Owen Cole,owen.cole8266@example.com,Mexico,2025-04-29,Basic,101.28
8267,Leo Hale,leo.hale8267@example.com,Canada,2024-10-18,Standard,420.10
8268,Jade Kerr,jade.kerr8268@example.com,Mexico,2024-08-25,Premium,2882.46
8269,Zoe Drew,zoe.drew8269@example.com,India,2026-01-13,Standard,409.06
8270,Arlo Finn,arlo.finn8270@example.com,India,2026-06-05,Standard,718.38
8271,Ivy Hale,ivy.hale8271@example.com,United States,2026-06-17,Basic,3.33
8272,Miles Vale,miles.vale8272@example.com,Japan,2022-06-02,Standard,78.55
8273,Noah Finn,noah.finn8273@example.com,France,2023-08-21,Standard,277.72
8274,Asher Bell,asher.bell8274@example.com,France,2022-05-16,Standard,547.11
8275,Piper Drew,piper.drew8275@example.com,United States,2022-09-17,Standard,605.31
8276,Leo Bell,leo.bell8276@example.com,France,2026-05-06,Standard,115.94
8277,Arlo West,arlo.west8277@example.com,United Kingdom,2025-04-27,Basic,23.40
8278,Ava Lane,ava.lane8278@example.com,Germany,2025-03-19,Standard,794.32
8279,Mia Moss,mia.moss8279@example.com,Japan,2026-03-03,Basic,85.53
8280,Owen Drew,owen.drew8280@example.com,United Kingdom,2024-02-15,Basic,114.77
8281,Liam Gray,liam.gray8281@example.com,India,2023-08-11,Standard,318.14
8282,Arlo Drew,arlo.drew8282@example.com,India,2024-08-15,Standard,85.16
8283,Lila Park,lila.park8283@example.com,Brazil,2023-03-20,Premium,872.85
8284,Hugo Cole,hugo.cole8284@example.com,Australia,2023-08-22,Standard,362.80
8285,Nora Zane,nora.zane8285@example.com,India,2025-09-05,Standard,403.21
8286,Nico Lane,nico.lane8286@example.com,India,2023-03-05,Standard,211.88
8287,Zoe Bell,zoe.bell8287@example.com,Australia,2026-06-15,Standard,143.54
8288,Ethan Pike,ethan.pike8288@example.com,United States,2025-09-13,Standard,719.60
8289,Mia Lane,mia.lane8289@example.com,India,2025-02-07,Standard,712.20
8290,Sadie Blair,,Australia,2024-07-22,Basic,16.98
8291,Jonah Brooks,jonah.brooks8291@example.com,United States,2022-02-21,Standard,536.31
8292,Piper Lang,piper.lang8292@example.com,Canada,2022-09-24,Premium,2517.61
8293,Felix Blair,felix.blair8293@example.com,Canada,2023-06-07,Standard,314.97
8294,Zoe Shaw,zoe.shaw8294@example.com,United States,2026-04-24,Standard,700.15
8295,Asher Bell,asher.bell8295@example.com,India,2022-03-24,Premium,3023.20
8296,Lila Finn,lila.finn8296@example.com,India,2025-08-05,Basic,79.17
8297,Chloe Finn,chloe.finn8297@example.com,Germany,2025-09-20,Basic,107.74
8298,Ethan Kerr,ethan.kerr8298@example.com,United States,2025-04-21,Basic,142.42
8299,Wren Tate,wren.tate8299@example.com,France,2022-08-11,Standard,730.49
8300,Caleb Moss,caleb.moss8300@example.com,United States,2025-10-22,Standard,764.79
8301,Felix Cole,felix.cole8301@example.com,Netherlands,2024-07-15,Basic,186.35
8302,Zoe Bell,zoe.bell8302@example.com,Japan,2026-03-01,Standard,73.40
8303,Liam Shaw,liam.shaw8303@example.com,United Kingdom,2023-10-09,Basic,197.68
8304,Hugo Dunn,hugo.dunn8304@example.com,Germany,2023-08-05,Standard,635.01
8305,Nico Snow,nico.snow8305@example.com,India,2024-10-08,Standard,179.57
8306,Leo Gray,leo.gray8306@example.com,United States,2023-02-24,Standard,142.63
8307,Piper Vale,piper.vale8307@example.com,India,2022-05-26,Standard,329.39
8308,Piper Frost,piper.frost8308@example.com,United Kingdom,2024-02-24,Basic,20.83
8309,Asher Tate,asher.tate8309@example.com,United States,2024-08-09,Standard,547.36
8310,Leo Gray,leo.gray8310@example.com,United States,2022-02-11,Premium,4703.59
8311,Ava Snow,ava.snow8311@example.com,Germany,2024-05-18,Premium,2113.19
8312,Felix Finn,felix.finn8312@example.com,United Kingdom,2026-07-31,Basic,170.98
8313,Felix Zane,felix.zane8313@example.com,Brazil,2022-04-26,Basic,1.63
8314,Leo Walsh,leo.walsh8314@example.com,Spain,2023-04-11,Standard,722.05
8315,Jade Gray,jade.gray8315@example.com,Australia,2024-05-13,Premium,1513.34
8316,Liam Finn,liam.finn8316@example.com,United Kingdom,2023-03-18,Basic,162.51
8317,Wren Young,wren.young8317@example.com,France,2022-12-16,Standard,779.13
8318,Chloe Gray,chloe.gray8318@example.com,Japan,2022-12-10,Standard,702.65
8319,Caleb Hale,caleb.hale8319@example.com,Canada,2023-01-19,Basic,58.65
8320,Ella Zane,ella.zane8320@example.com,Australia,2023-10-12,Standard,304.84
8321,Mia Quinn,mia.quinn8321@example.com,United Kingdom,2025-09-30,Basic,85.24
8322,Mila Snow,mila.snow8322@example.com,Germany,2025-09-06,Standard,84.45
8323,Chloe Lane,chloe.lane8323@example.com,United States,2022-07-18,Standard,456.95
8324,Nico Gray,nico.gray8324@example.com,Australia,2023-07-03,Standard,200.78
8325,Sadie Kerr,sadie.kerr8325@example.com,Australia,2023-10-09,Standard,553.79
8326,Ethan Gray,ethan.gray8326@example.com,United States,2023-07-24,Standard,58.31
8327,Sadie Zane,sadie.zane8327@example.com,United States,2024-10-06,Basic,146.39
8328,Felix Quinn,felix.quinn8328@example.com,Canada,2023-04-14,Basic,135.66
8329,Lila Lane,lila.lane8329@example.com,Canada,2023-10-19,Premium,4033.20
8330,Liam Young,liam.young8330@example.com,United Kingdom,2025-08-16,Standard,205.43
8331,Silas Hart,silas.hart8331@example.com,United States,2024-12-24,Basic,142.39
8332,Chloe Nash,chloe.nash8332@example.com,Germany,2025-03-31,Basic,34.54
8333,Ruby Drew,ruby.drew8333@example.com,United Kingdom,2024-05-29,Basic,25.28
8334,Asher Shaw,asher.shaw8334@example.com,India,2025-11-06,Basic,123.35
8335,Silas Hart,silas.hart8335@example.com,India,2022-04-22,Basic,88.57
8336,Owen Drew,owen.drew8336@example.com,India,2022-01-03,Basic,60.74
8337,Ella Gray,ella.gray8337@example.com,Canada,2025-11-23,Standard,448.58
8338,Chloe Moss,chloe.moss8338@example.com,Australia,2026-04-26,Standard,567.48
8339,Leo Lang,leo.lang8339@example.com,United States,2022-10-13,Standard,674.69
8340,Jonah Frost,jonah.frost8340@example.com,United States,2022-01-06,Premium,2771.32
8341,Lila Lane,lila.lane8341@example.com,Japan,2026-07-01,Standard,249.08
8342,Owen Cole,owen.cole8342@example.com,India,2024-05-22,Premium,4488.55
8343,Iris Reed,iris.reed8343@example.com,India,2025-07-27,Premium,622.81
8344,Nico Shaw,nico.shaw8344@example.com,Japan,2023-11-16,Basic,72.18
8345,Nico Tate,nico.tate8345@example.com,United States,2026-06-07,Basic,4.15
8346,Nora Blair,nora.blair8346@example.com,Brazil,2022-12-04,Basic,177.98
8347,Asher Hart,asher.hart8347@example.com,India,2022-05-24,Basic,136.92
8348,Zoe Dunn,zoe.dunn8348@example.com,Netherlands,2026-07-03,Standard,545.23
8349,Liam Moss,liam.moss8349@example.com,Germany,2022-04-14,Basic,141.50
8350,Ella Walsh,ella.walsh8350@example.com,United States,2024-06-06,Standard,652.45
8351,Noah Lane,noah.lane8351@example.com,United States,2022-09-02,Standard,653.09
8352,Felix Tate,felix.tate8352@example.com,Brazil,2024-08-19,Standard,630.73
8353,Asher Shaw,asher.shaw8353@example.com,United States,2025-03-24,Basic,93.41
8354,Miles Vale,miles.vale8354@example.com,Netherlands,2024-03-04,Premium,4028.98
8355,Noah Cruz,noah.cruz8355@example.com,Australia,2026-08-22,Standard,140.73
8356,Nico Nash,nico.nash8356@example.com,Brazil,2024-11-13,Standard,337.03
8357,Ava Bell,ava.bell8357@example.com,Germany,2024-11-24,Basic,101.89
8358,Iris York,iris.york8358@example.com,France,2024-11-07,Standard,711.57
8359,Zoe Drew,zoe.drew8359@example.com,Canada,2025-06-27,Basic,132.14
8360,Lila Lang,lila.lang8360@example.com,India,2022-12-29,Standard,635.88
8361,Ruby Zane,ruby.zane8361@example.com,Netherlands,2023-04-25,Standard,66.00
8362,Nico Park,nico.park8362@example.com,France,2026-09-04,Basic,21.23
8363,Jade Lane,jade.lane8363@example.com,Japan,2025-04-24,Standard,515.21
8364,Ava Walsh,ava.walsh8364@example.com,United States,2026-04-08,Basic,70.80
8365,Ella Vale,ella.vale8365@example.com,India,2022-06-29,Basic,21.50
8366,Wren Lane,wren.lane8366@example.com,India,2024-12-04,Standard,136.68
8367,Ruby Hart,ruby.hart8367@example.com,Netherlands,2023-01-09,Standard,435.05
8368,Mila Tate,mila.tate8368@example.com,Netherlands,2025-08-08,Standard,206.00
8369,Piper Cole,piper.cole8369@example.com,Canada,2023-10-30,Standard,123.31
8370,Sadie Drew,sadie.drew8370@example.com,United States,2026-07-18,Basic,70.98
8371,Felix Walsh,felix.walsh8371@example.com,France,2025-08-01,Standard,359.08
8372,Jonah Cruz,jonah.cruz8372@example.com,United States,2025-08-31,Premium,4849.90
8373,Asher Quinn,asher.quinn8373@example.com,Germany,2022-06-02,Standard,366.28
8374,Ella Snow,ella.snow8374@example.com,United States,2023-07-19,Standard,626.84
8375,Asher Brooks,asher.brooks8375@example.com,India,2023-07-31,Standard,393.04
8376,Noah Park,noah.park8376@example.com,Japan,2022-05-13,Standard,480.71
8377,Liam Finn,liam.finn8377@example.com,Australia,2022-11-15,Basic,162.04
8378,Theo Dunn,theo.dunn8378@example.com,Mexico,2025-12-11,Basic,23.80
8379,Asher Hale,asher.hale8379@example.com,India,2024-12-31,Standard,121.23
8380,Ava Finn,,Mexico,2025-10-20,Standard,115.51
8381,Piper Shaw,piper.shaw8381@example.com,Germany,2023-08-20,Basic,101.02
8382,Nico Quinn,nico.quinn8382@example.com,Australia,2026-01-19,Standard,559.52
8383,Liam Walsh,liam.walsh8383@example.com,Germany,2022-11-08,Standard,414.78
8384,Ethan Hart,ethan.hart8384@example.com,Brazil,2022-04-13,Standard,780.22
8385,Ava Lane,ava.lane8385@example.com,India,2023-12-07,Basic,181.65
8386,Zoe Drew,zoe.drew8386@example.com,United States,2025-06-30,Basic,157.16
8387,Jonah Kerr,jonah.kerr8387@example.com,Mexico,2023-10-23,Basic,158.65
8388,Ethan Frost,ethan.frost8388@example.com,United States,2022-05-01,Basic,64.64
8389,Mia Moss,mia.moss8389@example.com,India,2024-04-27,Premium,984.25
8390,Chloe Moss,chloe.moss8390@example.com,France,2022-12-31,Standard,249.66
8391,Felix Frost,felix.frost8391@example.com,Australia,2024-08-16,Standard,599.64
8392,Ruby Gray,ruby.gray8392@example.com,Australia,2025-04-22,Basic,113.45
8393,Nico Bell,nico.bell8393@example.com,United States,2024-01-14,Basic,24.66
8394,Asher Dunn,asher.dunn8394@example.com,United States,2026-07-17,Premium,2615.58
8395,Owen Blair,owen.blair8395@example.com,Australia,2022-10-02,Standard,239.95
8396,Chloe Zane,chloe.zane8396@example.com,India,2024-08-27,Basic,17.97
8397,Theo Lane,theo.lane8397@example.com,Brazil,2022-12-05,Standard,603.96
8398,Lila Reed,lila.reed8398@example.com,Australia,2024-01-09,Standard,535.92
8399,Ruby Blair,ruby.blair8399@example.com,United States,2026-06-02,Basic,59.58
8400,Mia Cole,mia.cole8400@example.com,United States,2022-09-05,Standard,460.71
8401,Piper West,piper.west8401@example.com,Canada,2023-07-21,Standard,180.61
8402,Felix Moss,felix.moss8402@example.com,United States,2025-06-29,Basic,178.80
8403,Mila Young,mila.young8403@example.com,United Kingdom,2023-05-24,Standard,255.90
8404,Jade Zane,jade.zane8404@example.com,United Kingdom,2024-10-29,Standard,332.73
8405,Asher York,asher.york8405@example.com,Germany,2022-12-08,Standard,469.13
8406,Zoe Hale,zoe.hale8406@example.com,United States,2023-07-25,Basic,76.91
8407,Ruby Kerr,ruby.kerr8407@example.com,India,2025-03-11,Standard,508.01
8408,Silas Lang,silas.lang8408@example.com,France,2024-06-04,Standard,477.15
8409,Miles Reed,miles.reed8409@example.com,Germany,2023-04-02,Standard,539.92
8410,Ava Hart,ava.hart8410@example.com,United States,2025-11-15,Standard,476.89
8411,Mila Lane,mila.lane8411@example.com,United States,2023-09-17,Basic,169.90
8412,Ethan Finn,ethan.finn8412@example.com,United States,2025-10-22,Basic,177.29
8413,Ethan Bell,ethan.bell8413@example.com,United Kingdom,2023-12-13,Standard,733.62
8414,Chloe Lang,chloe.lang8414@example.com,United States,2026-02-09,Standard,642.19
8415,Ava Park,ava.park8415@example.com,India,2025-07-14,Standard,523.43
8416,Nico Bell,,India,2024-02-19,Basic,6.37
8417,Lila Brooks,lila.brooks8417@example.com,Germany,2026-08-20,Standard,228.10
8418,Miles Nash,miles.nash8418@example.com,Netherlands,2025-09-22,Basic,27.09
8419,Miles Vale,miles.vale8419@example.com,United States,2022-06-22,Standard,535.08
8420,Ivy West,ivy.west8420@example.com,Spain,2026-03-11,Standard,82.05
8421,Mila Blair,mila.blair8421@example.com,India,2026-08-26,Basic,93.58
8422,Arlo Vale,arlo.vale8422@example.com,United Kingdom,2024-02-17,Standard,764.10
8423,Lila Kerr,lila.kerr8423@example.com,United States,2024-09-25,Basic,29.40
8424,Owen Vale,owen.vale8424@example.com,France,2024-08-25,Basic,2.58
8425,Lila Hart,lila.hart8425@example.com,India,2023-11-13,Basic,81.32
8426,Lila Reed,lila.reed8426@example.com,France,2026-02-21,Standard,148.63
8427,Silas Reed,silas.reed8427@example.com,Australia,2026-05-10,Basic,73.07
8428,Felix West,felix.west8428@example.com,Japan,2023-11-08,Standard,643.62
8429,Iris Lang,iris.lang8429@example.com,United States,2025-08-14,Standard,687.95
8430,Silas Park,silas.park8430@example.com,Japan,2023-11-12,Standard,199.12
8431,Ethan Gray,ethan.gray8431@example.com,Canada,2022-12-13,Standard,250.79
8432,Ava Cruz,ava.cruz8432@example.com,Australia,2026-05-27,Basic,91.95
8433,Mila Shaw,mila.shaw8433@example.com,India,2026-06-27,Basic,43.09
8434,Sadie Dunn,sadie.dunn8434@example.com,Canada,2023-03-06,Basic,169.67
8435,Noah Vale,noah.vale8435@example.com,India,2024-02-10,Premium,732.59
8436,Arlo Lang,arlo.lang8436@example.com,France,2025-08-28,Standard,315.31
8437,Asher Finn,asher.finn8437@example.com,United States,2024-02-27,Standard,743.73
8438,Ivy Bell,ivy.bell8438@example.com,Australia,2022-05-25,Basic,124.88
8439,Zoe Dunn,zoe.dunn8439@example.com,India,2022-01-31,Standard,451.24
8440,Iris Reed,iris.reed8440@example.com,United Kingdom,2024-10-11,Standard,188.68
8441,Mila Brooks,mila.brooks8441@example.com,Australia,2025-07-22,Standard,66.34
8442,Leo Pike,leo.pike8442@example.com,Australia,2025-08-25,Standard,594.16
8443,Arlo Reed,arlo.reed8443@example.com,United States,2025-04-05,Standard,552.42
8444,Asher Frost,asher.frost8444@example.com,United States,2022-12-11,Premium,3368.46
8445,Lila Cruz,lila.cruz8445@example.com,India,2026-08-13,Standard,52.19
8446,Felix Cruz,felix.cruz8446@example.com,India,2024-11-28,Basic,125.69
8447,Mila Hart,mila.hart8447@example.com,United States,2022-01-08,Standard,653.44
8448,Liam Frost,liam.frost8448@example.com,United States,2023-02-23,Standard,574.62
8449,Ava Cole,ava.cole8449@example.com,Canada,2022-03-02,Basic,166.32
8450,Piper Lane,piper.lane8450@example.com,Australia,2023-08-10,Basic,85.54
8451,Silas Park,silas.park8451@example.com,Japan,2024-09-26,Standard,226.07
8452,Mila Walsh,mila.walsh8452@example.com,United States,2026-06-07,Basic,161.98
8453,Jonah West,jonah.west8453@example.com,Brazil,2026-05-20,Standard,343.14
8454,Mila Quinn,mila.quinn8454@example.com,United States,2024-10-29,Basic,17.96
8455,Silas Frost,silas.frost8455@example.com,Brazil,2025-12-01,Standard,365.47
8456,Noah Park,noah.park8456@example.com,Germany,2024-09-26,Standard,481.81
8457,Mila Pike,mila.pike8457@example.com,India,2022-12-28,Standard,203.67
8458,Theo Walsh,theo.walsh8458@example.com,Spain,2022-05-15,Standard,738.92
8459,Nico Lang,nico.lang8459@example.com,Germany,2025-05-10,Standard,169.92
8460,Iris Kerr,iris.kerr8460@example.com,United States,2022-11-23,Basic,126.63
8461,Leo Finn,leo.finn8461@example.com,United Kingdom,2022-01-16,Basic,71.17
8462,Noah Nash,noah.nash8462@example.com,United States,2022-05-28,Basic,160.34
8463,Lila Walsh,lila.walsh8463@example.com,India,2023-09-24,Standard,282.95
8464,Iris Cole,iris.cole8464@example.com,Germany,2023-10-07,Basic,172.32
8465,Theo Cruz,theo.cruz8465@example.com,United States,2023-10-13,Premium,3703.57
8466,Silas Reed,silas.reed8466@example.com,United States,2023-06-20,Premium,1110.00
8467,Ella Moss,ella.moss8467@example.com,Canada,2024-03-22,Standard,167.21
8468,Theo Young,theo.young8468@example.com,United States,2023-12-06,Standard,345.23
8469,Liam Zane,liam.zane8469@example.com,Mexico,2026-08-18,Premium,864.08
8470,Chloe Finn,chloe.finn8470@example.com,United States,2023-10-26,Basic,21.11
8471,Owen Pike,owen.pike8471@example.com,United States,2023-02-04,Basic,178.00
8472,Piper Hart,piper.hart8472@example.com,Australia,2022-03-07,Premium,1426.03
8473,Ava West,ava.west8473@example.com,Brazil,2022-07-06,Standard,458.59
8474,Ava Quinn,ava.quinn8474@example.com,India,2024-03-05,Basic,126.98
8475,Mia West,mia.west8475@example.com,Japan,2022-03-15,Basic,152.51
8476,Jonah Nash,jonah.nash8476@example.com,United States,2025-07-19,Basic,92.51
8477,Leo Brooks,leo.brooks8477@example.com,France,2025-02-03,Basic,2.35
8478,Miles Lang,miles.lang8478@example.com,United States,2025-11-04,Basic,114.96
8479,Owen Cole,owen.cole8479@example.com,United Kingdom,2022-08-18,Basic,131.80
8480,Iris Reed,iris.reed8480@example.com,United Kingdom,2022-05-20,Standard,96.74
8481,Caleb Tate,caleb.tate8481@example.com,United States,2022-09-02,Basic,159.03
8482,Owen Brooks,owen.brooks8482@example.com,United Kingdom,2022-06-02,Basic,110.73
8483,Liam Blair,liam.blair8483@example.com,United States,2025-04-26,Standard,568.79
8484,Chloe Blair,chloe.blair8484@example.com,Brazil,2025-04-16,Premium,4877.30
8485,Arlo Tate,arlo.tate8485@example.com,United Kingdom,2022-01-01,Basic,156.55
8486,Caleb Quinn,caleb.quinn8486@example.com,United States,2025-03-07,Standard,599.98
8487,Miles Lane,miles.lane8487@example.com,France,2023-04-01,Standard,553.17
8488,Owen Hale,owen.hale8488@example.com,Spain,2024-01-12,Basic,157.45
8489,Ruby Blair,ruby.blair8489@example.com,United States,2023-10-18,Standard,711.08
8490,Ava Kerr,ava.kerr8490@example.com,Japan,2023-09-04,Premium,1034.62
8491,Ella Nash,ella.nash8491@example.com,Germany,2022-03-31,Basic,30.31
8492,Iris Frost,iris.frost8492@example.com,United States,2022-09-06,Standard,401.25
8493,Ella Moss,ella.moss8493@example.com,Japan,2026-09-01,Premium,1680.42
8494,Sadie Drew,sadie.drew8494@example.com,Netherlands,2024-01-29,Basic,118.21
8495,Lila Kerr,lila.kerr8495@example.com,India,2023-08-18,Basic,127.30
8496,Nico Lang,nico.lang8496@example.com,United States,2022-07-20,Standard,707.98
8497,Liam Park,liam.park8497@example.com,France,2022-10-15,Standard,329.98
8498,Ethan Hart,ethan.hart8498@example.com,Mexico,2022-08-04,Premium,3645.97
8499,Lila Cruz,lila.cruz8499@example.com,United States,2026-03-04,Basic,5.18
8500,Wren Finn,wren.finn8500@example.com,Germany,2023-12-16,Premium,669.57
8501,Chloe Lane,chloe.lane8501@example.com,Mexico,2025-03-30,Premium,1346.81
8502,Ella Tate,ella.tate8502@example.com,Germany,2023-12-27,Basic,6.84
8503,Ruby Pike,ruby.pike8503@example.com,Canada,2022-11-23,Premium,3970.13
8504,Zoe Hale,zoe.hale8504@example.com,Germany,2023-08-05,Standard,307.26
8505,Hugo Finn,hugo.finn8505@example.com,United Kingdom,2025-01-06,Basic,182.87
8506,Wren Park,wren.park8506@example.com,India,2022-12-04,Standard,63.31
8507,Zoe Young,zoe.young8507@example.com,Japan,2025-02-12,Premium,3048.94
8508,Mia Young,mia.young8508@example.com,United States,2026-05-23,Premium,4031.74
8509,Nora Cole,nora.cole8509@example.com,United Kingdom,2023-08-28,Standard,165.85
8510,Ruby Frost,ruby.frost8510@example.com,India,2025-12-26,Basic,153.68
8511,Liam Hale,liam.hale8511@example.com,Netherlands,2023-08-29,Basic,110.46
8512,Ivy Quinn,ivy.quinn8512@example.com,United Kingdom,2024-01-25,Basic,116.36
8513,Ava Cruz,ava.cruz8513@example.com,United States,2025-07-10,Basic,6.05
8514,Miles Lang,miles.lang8514@example.com,United Kingdom,2023-02-05,Standard,463.05
8515,Miles Zane,miles.zane8515@example.com,United States,2024-07-08,Basic,45.54
8516,Sadie Drew,sadie.drew8516@example.com,Australia,2022-03-19,Standard,82.51
8517,Sadie Bell,sadie.bell8517@example.com,United States,2022-04-27,Basic,170.89
8518,Liam Drew,liam.drew8518@example.com,Australia,2024-06-24,Basic,13.50
8519,Zoe Tate,,United States,2023-08-29,Standard,197.25
8520,Jonah Brooks,jonah.brooks8520@example.com,United States,2022-12-22,Basic,118.94
8521,Ethan Lane,ethan.lane8521@example.com,Netherlands,2025-09-15,Standard,155.20
8522,Ivy Drew,ivy.drew8522@example.com,Canada,2023-01-17,Basic,61.18
8523,Theo Hart,theo.hart8523@example.com,United Kingdom,2022-05-22,Basic,161.14
8524,Leo Drew,leo.drew8524@example.com,United States,2023-05-22,Basic,147.17
8525,Asher Brooks,asher.brooks8525@example.com,France,2025-02-09,Standard,265.90
8526,Theo Walsh,theo.walsh8526@example.com,Australia,2023-03-09,Standard,582.28
8527,Asher Gray,asher.gray8527@example.com,United States,2026-04-13,Basic,177.98
8528,Ethan Snow,ethan.snow8528@example.com,Australia,2023-12-26,Standard,618.94
8529,Liam Nash,liam.nash8529@example.com,India,2024-02-23,Basic,93.35
8530,Ella Drew,ella.drew8530@example.com,Japan,2024-09-09,Basic,123.21
8531,Ruby Vale,ruby.vale8531@example.com,United Kingdom,2022-12-14,Standard,483.70
8532,Jade Brooks,jade.brooks8532@example.com,Netherlands,2022-04-29,Standard,151.91
8533,Piper West,piper.west8533@example.com,Spain,2023-05-23,Basic,187.95
8534,Sadie Dunn,sadie.dunn8534@example.com,Germany,2022-02-01,Standard,273.65
8535,Lila Shaw,lila.shaw8535@example.com,United States,2023-12-07,Premium,3795.89
8536,Nora Park,nora.park8536@example.com,United States,2024-12-18,Basic,50.17
8537,Nora Hale,nora.hale8537@example.com,United States,2023-01-16,Standard,759.76
8538,Mila Shaw,mila.shaw8538@example.com,France,2025-01-04,Standard,210.15
8539,Nico Tate,nico.tate8539@example.com,Brazil,2022-03-14,Standard,507.29
8540,Ethan Bell,ethan.bell8540@example.com,Japan,2026-04-29,Basic,13.99
8541,Nico West,nico.west8541@example.com,United States,2024-06-05,Standard,690.92
8542,Owen Young,owen.young8542@example.com,India,2023-04-06,Premium,4756.46
8543,Noah Cole,noah.cole8543@example.com,Germany,2022-02-08,Standard,187.10
8544,Hugo Shaw,hugo.shaw8544@example.com,Germany,2024-04-02,Standard,236.54
8545,Iris Kerr,iris.kerr8545@example.com,France,2025-08-17,Basic,40.31
8546,Hugo Hart,hugo.hart8546@example.com,Japan,2022-07-27,Standard,650.56
8547,Noah Finn,noah.finn8547@example.com,Germany,2026-04-05,Standard,451.78
8548,Leo Zane,leo.zane8548@example.com,United States,2024-06-12,Basic,193.69
8549,Liam Young,liam.young8549@example.com,Germany,2026-06-24,Standard,618.83
8550,Jonah Blair,jonah.blair8550@example.com,United Kingdom,2022-08-27,Standard,466.05
8551,Hugo Snow,hugo.snow8551@example.com,Germany,2025-05-30,Standard,462.17
8552,Asher Zane,asher.zane8552@example.com,United States,2024-02-12,Standard,286.00
8553,Hugo Shaw,hugo.shaw8553@example.com,India,2023-03-24,Standard,269.41
8554,Ruby Cole,ruby.cole8554@example.com,United States,2025-10-17,Standard,153.34
8555,Sadie Hale,sadie.hale8555@example.com,United Kingdom,2024-04-10,Basic,105.23
8556,Felix Snow,felix.snow8556@example.com,Netherlands,2023-06-28,Basic,20.60
8557,Felix Cole,felix.cole8557@example.com,United States,2024-07-07,Standard,570.58
8558,Lila Gray,lila.gray8558@example.com,United States,2025-03-28,Basic,166.13
8559,Chloe Pike,chloe.pike8559@example.com,France,2025-08-05,Basic,141.37
8560,Noah Zane,noah.zane8560@example.com,India,2022-06-27,Standard,185.36
8561,Jonah Snow,jonah.snow8561@example.com,India,2023-01-17,Premium,1746.45
8562,Miles Lang,miles.lang8562@example.com,United States,2025-09-16,Standard,331.83
8563,Chloe Cole,chloe.cole8563@example.com,United States,2022-06-04,Standard,738.82
8564,Ruby Blair,ruby.blair8564@example.com,United States,2025-10-12,Standard,681.17
8565,Iris Walsh,iris.walsh8565@example.com,India,2022-10-20,Basic,135.67
8566,Liam Quinn,liam.quinn8566@example.com,Mexico,2024-08-02,Premium,2501.48
8567,Arlo Young,arlo.young8567@example.com,Canada,2023-06-07,Standard,654.58
8568,Theo York,theo.york8568@example.com,India,2026-02-10,Basic,112.65
8569,Caleb Walsh,caleb.walsh8569@example.com,Spain,2023-12-16,Standard,597.30
8570,Nico Frost,nico.frost8570@example.com,Netherlands,2023-02-02,Standard,134.16
8571,Piper Walsh,piper.walsh8571@example.com,Germany,2023-11-01,Basic,194.13
8572,Ethan Pike,ethan.pike8572@example.com,Germany,2026-01-27,Standard,74.68
8573,Ava Cruz,ava.cruz8573@example.com,Germany,2025-05-22,Basic,87.99
8574,Owen Cruz,owen.cruz8574@example.com,United States,2025-01-25,Standard,529.60
8575,Jonah Bell,jonah.bell8575@example.com,Brazil,2024-04-08,Basic,122.39
8576,Jade Shaw,jade.shaw8576@example.com,Germany,2022-04-07,Premium,4053.75
8577,Silas Drew,silas.drew8577@example.com,Germany,2025-06-25,Basic,12.36
8578,Mila Hale,mila.hale8578@example.com,United Kingdom,2024-04-03,Standard,291.93
8579,Theo Bell,theo.bell8579@example.com,Canada,2024-08-15,Basic,67.24
8580,Ruby Kerr,ruby.kerr8580@example.com,Netherlands,2026-07-21,Standard,764.48
8581,Chloe Blair,chloe.blair8581@example.com,Canada,2023-02-17,Basic,25.62
8582,Ruby Dunn,ruby.dunn8582@example.com,United States,2022-06-24,Standard,299.01
8583,Chloe Zane,chloe.zane8583@example.com,United States,2026-02-20,Standard,314.00
8584,Lila Lang,lila.lang8584@example.com,United Kingdom,2022-01-14,Basic,75.10
8585,Ava Park,ava.park8585@example.com,Germany,2026-02-21,Basic,75.31
8586,Ruby Dunn,ruby.dunn8586@example.com,United States,2023-08-10,Premium,3069.44
8587,Miles Drew,miles.drew8587@example.com,India,2023-02-09,Standard,785.13
8588,Iris Shaw,iris.shaw8588@example.com,United States,2023-04-24,Standard,672.67
8589,Piper Nash,piper.nash8589@example.com,United States,2024-09-25,Basic,182.97
8590,Liam Cruz,liam.cruz8590@example.com,United Kingdom,2023-03-02,Premium,3955.90
8591,Sadie Reed,sadie.reed8591@example.com,Germany,2023-05-26,Standard,94.79
8592,Arlo Reed,arlo.reed8592@example.com,Canada,2022-05-10,Premium,2639.56
8593,Noah Gray,noah.gray8593@example.com,Germany,2022-05-29,Standard,670.70
8594,Mila Bell,mila.bell8594@example.com,United States,2024-11-12,Standard,696.33
8595,Caleb Finn,caleb.finn8595@example.com,Germany,2024-04-27,Basic,82.20
8596,Lila Bell,lila.bell8596@example.com,United Kingdom,2022-03-04,Premium,1801.18
8597,Sadie Quinn,sadie.quinn8597@example.com,Germany,2022-12-22,Standard,746.10
8598,Lila Hale,,France,2023-03-30,Standard,757.85
8599,Nora Young,nora.young8599@example.com,United States,2026-03-30,Standard,125.84
8600,Mila Cruz,mila.cruz8600@example.com,Spain,2026-06-12,Basic,60.23
8601,Silas Vale,silas.vale8601@example.com,Germany,2023-07-15,Standard,607.97
8602,Sadie Moss,sadie.moss8602@example.com,United Kingdom,2026-08-22,Standard,602.78
8603,Sadie Bell,sadie.bell8603@example.com,United States,2026-05-09,Basic,57.12
8604,Noah Vale,noah.vale8604@example.com,United Kingdom,2024-11-13,Standard,593.06
8605,Liam West,liam.west8605@example.com,United Kingdom,2026-06-26,Basic,52.19
8606,Owen Brooks,owen.brooks8606@example.com,Canada,2025-02-05,Basic,9.62
8607,Mia Hale,mia.hale8607@example.com,Canada,2022-03-18,Standard,160.95
8608,Ruby Kerr,ruby.kerr8608@example.com,Japan,2025-02-23,Basic,0.28
8609,Ruby Frost,ruby.frost8609@example.com,Mexico,2022-11-21,Standard,98.69
8610,Theo Blair,theo.blair8610@example.com,United States,2025-01-28,Basic,146.28
8611,Caleb Bell,caleb.bell8611@example.com,United States,2026-07-30,Standard,638.08
8612,Theo Gray,theo.gray8612@example.com,Canada,2022-05-24,Basic,157.17
8613,Arlo Cole,arlo.cole8613@example.com,United States,2024-07-14,Basic,150.46
8614,Miles Hart,miles.hart8614@example.com,Mexico,2023-01-21,Basic,108.73
8615,Piper Quinn,piper.quinn8615@example.com,Canada,2025-03-11,Basic,190.75
8616,Noah Shaw,noah.shaw8616@example.com,Germany,2022-06-02,Standard,591.17
8617,Sadie Cruz,sadie.cruz8617@example.com,United States,2024-04-30,Standard,580.40
8618,Arlo Kerr,arlo.kerr8618@example.com,United States,2026-02-27,Standard,536.97
8619,Miles Park,miles.park8619@example.com,Brazil,2023-07-12,Premium,2353.59
8620,Owen Lane,owen.lane8620@example.com,Germany,2024-10-12,Standard,737.57
8621,Leo Dunn,leo.dunn8621@example.com,France,2023-11-26,Standard,712.04
8622,Owen Shaw,owen.shaw8622@example.com,Mexico,2026-07-06,Premium,3189.90
8623,Arlo Kerr,arlo.kerr8623@example.com,United Kingdom,2025-01-13,Standard,791.30
8624,Jade Reed,jade.reed8624@example.com,Australia,2024-02-12,Standard,99.19
8625,Caleb Nash,caleb.nash8625@example.com,United Kingdom,2023-01-09,Standard,510.59
8626,Wren West,wren.west8626@example.com,Australia,2022-11-15,Standard,207.99
8627,Jonah Snow,jonah.snow8627@example.com,Australia,2026-06-05,Standard,777.96
8628,Theo Zane,theo.zane8628@example.com,Canada,2022-08-11,Premium,4292.09
8629,Ava Cole,ava.cole8629@example.com,Canada,2026-04-14,Standard,262.13
8630,Sadie Frost,sadie.frost8630@example.com,Japan,2024-11-06,Premium,4796.21
8631,Hugo Hart,hugo.hart8631@example.com,Germany,2022-07-04,Standard,255.47
8632,Miles Finn,miles.finn8632@example.com,France,2022-01-20,Basic,167.93
8633,Hugo Pike,hugo.pike8633@example.com,Brazil,2022-02-01,Standard,736.82
8634,Miles Park,miles.park8634@example.com,Australia,2025-04-30,Basic,151.55
8635,Arlo Hart,arlo.hart8635@example.com,Japan,2026-03-09,Basic,164.63
8636,Ivy Finn,ivy.finn8636@example.com,India,2023-04-27,Basic,41.91
8637,Asher Frost,asher.frost8637@example.com,India,2026-06-15,Premium,2424.88
8638,Sadie Frost,sadie.frost8638@example.com,Netherlands,2022-05-16,Standard,578.92
8639,Leo Vale,leo.vale8639@example.com,United Kingdom,2023-09-10,Standard,733.44
8640,Ella Blair,ella.blair8640@example.com,France,2022-01-23,Standard,699.34
8641,Felix Lang,felix.lang8641@example.com,India,2024-03-18,Basic,19.43
8642,Nico Young,nico.young8642@example.com,United Kingdom,2023-03-07,Standard,735.99
8643,Iris Gray,iris.gray8643@example.com,Japan,2022-08-26,Basic,16.64
8644,Sadie Pike,sadie.pike8644@example.com,United States,2024-06-02,Premium,2489.82
8645,Wren Walsh,wren.walsh8645@example.com,Mexico,2025-10-12,Standard,137.60
8646,Felix Lane,felix.lane8646@example.com,United States,2024-02-15,Standard,581.98
8647,Ava Snow,ava.snow8647@example.com,United Kingdom,2025-11-21,Basic,122.72
8648,Ella Finn,ella.finn8648@example.com,France,2024-11-11,Standard,160.91
8649,Caleb Blair,caleb.blair8649@example.com,India,2026-07-31,Standard,557.33
8650,Nico Finn,nico.finn8650@example.com,United Kingdom,2023-11-12,Basic,118.60
8651,Ruby Pike,ruby.pike8651@example.com,Canada,2023-01-26,Basic,87.92
8652,Mila Reed,mila.reed8652@example.com,United Kingdom,2023-04-28,Standard,737.98
8653,Theo Reed,theo.reed8653@example.com,United Kingdom,2025-12-13,Basic,192.94
8654,Miles Dunn,miles.dunn8654@example.com,India,2025-01-24,Standard,201.14
8655,Lila Vale,lila.vale8655@example.com,Germany,2022-03-16,Basic,94.51
8656,Liam Frost,liam.frost8656@example.com,United States,2023-04-02,Standard,450.82
8657,Lila Vale,lila.vale8657@example.com,United States,2026-07-01,Standard,561.62
8658,Liam Zane,liam.zane8658@example.com,United States,2024-07-10,Standard,124.08
8659,Nico Reed,nico.reed8659@example.com,India,2025-05-28,Standard,323.00
8660,Jade Hart,jade.hart8660@example.com,India,2023-08-26,Standard,332.39
8661,Mia Hale,mia.hale8661@example.com,Japan,2023-07-17,Standard,474.07
8662,Nora Tate,nora.tate8662@example.com,Australia,2022-03-04,Standard,103.63
8663,Jonah Reed,jonah.reed8663@example.com,Canada,2026-03-28,Standard,780.09
8664,Jonah Nash,jonah.nash8664@example.com,United States,2025-08-05,Basic,68.72
8665,Miles Moss,miles.moss8665@example.com,Germany,2023-02-10,Standard,629.41
8666,Iris Quinn,iris.quinn8666@example.com,United Kingdom,2026-06-01,Standard,118.95
8667,Caleb Walsh,caleb.walsh8667@example.com,Germany,2024-09-16,Standard,547.60
8668,Jonah Finn,jonah.finn8668@example.com,France,2025-11-20,Standard,314.40
8669,Hugo Nash,hugo.nash8669@example.com,United States,2025-05-16,Basic,125.51
8670,Jonah Blair,jonah.blair8670@example.com,France,2024-08-23,Standard,461.05
8671,Nora Park,nora.park8671@example.com,Mexico,2026-07-15,Standard,223.25
8672,Ava Tate,ava.tate8672@example.com,United Kingdom,2025-10-04,Standard,81.34
8673,Arlo Reed,arlo.reed8673@example.com,Australia,2025-11-09,Standard,414.15
8674,Jade Frost,jade.frost8674@example.com,Netherlands,2024-12-18,Standard,231.20
8675,Ella Tate,ella.tate8675@example.com,Canada,2023-07-26,Standard,208.70
8676,Owen Hale,owen.hale8676@example.com,Germany,2026-04-19,Standard,765.52
8677,Lila Shaw,lila.shaw8677@example.com,France,2025-04-09,Basic,128.07
8678,Asher West,asher.west8678@example.com,India,2024-11-27,Premium,2722.33
8679,Owen Dunn,owen.dunn8679@example.com,Mexico,2023-09-01,Basic,40.04
8680,Theo Kerr,theo.kerr8680@example.com,France,2026-03-08,Standard,423.95
8681,Asher Brooks,asher.brooks8681@example.com,India,2023-06-18,Basic,152.85
8682,Ruby Reed,ruby.reed8682@example.com,Canada,2024-01-12,Standard,443.42
8683,Ruby Lane,ruby.lane8683@example.com,Germany,2024-04-23,Basic,20.88
8684,Noah Finn,noah.finn8684@example.com,Germany,2025-08-22,Standard,263.79
8685,Theo York,theo.york8685@example.com,United States,2023-10-13,Standard,168.44
8686,Nico Finn,nico.finn8686@example.com,United States,2023-06-02,Standard,550.47
8687,Silas Hart,silas.hart8687@example.com,France,2025-02-18,Standard,90.61
8688,Owen Lane,owen.lane8688@example.com,Spain,2025-06-01,Standard,200.92
8689,Felix Young,felix.young8689@example.com,Australia,2024-02-02,Premium,3304.62
8690,Jonah York,jonah.york8690@example.com,Brazil,2024-08-19,Standard,519.53
8691,Ava Walsh,ava.walsh8691@example.com,Australia,2025-07-02,Standard,332.45
8692,Wren Snow,wren.snow8692@example.com,United States,2023-10-23,Standard,566.01
8693,Chloe Tate,chloe.tate8693@example.com,Mexico,2024-09-06,Standard,449.08
8694,Mila Hale,mila.hale8694@example.com,Japan,2022-07-08,Basic,157.02
8695,Mila York,mila.york8695@example.com,Canada,2024-04-12,Premium,2630.63
8696,Hugo Vale,hugo.vale8696@example.com,Brazil,2024-04-22,Basic,22.93
8697,Ella Young,ella.young8697@example.com,United States,2025-02-24,Standard,564.23
8698,Ivy Snow,ivy.snow8698@example.com,United States,2023-02-10,Standard,236.66
8699,Hugo Snow,hugo.snow8699@example.com,United Kingdom,2026-08-05,Standard,725.95
8700,Miles Frost,miles.frost8700@example.com,United States,2024-03-23,Premium,2420.29
8701,Silas Tate,silas.tate8701@example.com,Germany,2022-03-04,Standard,459.99
8702,Owen Pike,owen.pike8702@example.com,Spain,2026-07-03,Standard,375.64
8703,Wren Drew,,Australia,2023-08-12,Basic,33.81
8704,Zoe Walsh,zoe.walsh8704@example.com,Canada,2022-04-10,Basic,177.23
8705,Piper Brooks,piper.brooks8705@example.com,India,2024-12-23,Basic,81.76
8706,Jade Drew,jade.drew8706@example.com,United States,2022-01-19,Basic,7.72
8707,Silas Hale,silas.hale8707@example.com,Japan,2023-12-29,Standard,372.56
8708,Nico Pike,nico.pike8708@example.com,United Kingdom,2023-12-28,Standard,573.48
8709,Lila Shaw,lila.shaw8709@example.com,France,2022-03-20,Standard,154.37
8710,Asher Reed,asher.reed8710@example.com,United States,2026-05-28,Basic,103.59
8711,Zoe Snow,zoe.snow8711@example.com,Spain,2022-09-09,Standard,460.59
8712,Piper Vale,piper.vale8712@example.com,India,2025-11-24,Standard,240.56
8713,Chloe Shaw,chloe.shaw8713@example.com,Mexico,2022-07-10,Standard,278.79
8714,Jonah Vale,jonah.vale8714@example.com,India,2025-03-14,Basic,64.66
8715,Silas Cole,silas.cole8715@example.com,Japan,2024-06-11,Standard,457.25
8716,Jade Nash,jade.nash8716@example.com,France,2023-06-10,Premium,4676.08
8717,Nora Vale,nora.vale8717@example.com,United Kingdom,2024-04-28,Standard,279.70
8718,Jade Dunn,jade.dunn8718@example.com,Netherlands,2026-04-29,Basic,119.27
8719,Noah Lang,noah.lang8719@example.com,United States,2023-03-14,Standard,151.99
8720,Theo Frost,theo.frost8720@example.com,Australia,2024-09-24,Premium,1788.30
8721,Felix Reed,felix.reed8721@example.com,United Kingdom,2022-10-15,Standard,327.80
8722,Ruby Gray,ruby.gray8722@example.com,United Kingdom,2024-01-12,Basic,92.22
8723,Miles Lang,miles.lang8723@example.com,Japan,2026-06-27,Premium,822.72
8724,Owen Park,owen.park8724@example.com,United Kingdom,2024-04-22,Basic,149.08
8725,Felix Reed,felix.reed8725@example.com,United Kingdom,2022-04-17,Standard,149.78
8726,Nico Finn,nico.finn8726@example.com,India,2025-06-18,Basic,56.65
8727,Iris Bell,iris.bell8727@example.com,United States,2023-09-07,Basic,68.86
8728,Wren Lane,wren.lane8728@example.com,United Kingdom,2026-07-28,Basic,85.90
8729,Wren Reed,wren.reed8729@example.com,India,2026-08-04,Standard,613.31
8730,Zoe Tate,zoe.tate8730@example.com,Australia,2024-05-15,Basic,0.76
8731,Jonah Kerr,jonah.kerr8731@example.com,United States,2026-04-03,Basic,81.28
8732,Silas Bell,silas.bell8732@example.com,India,2026-06-17,Standard,486.59
8733,Nico Quinn,nico.quinn8733@example.com,India,2026-05-06,Standard,106.84
8734,Chloe Hale,chloe.hale8734@example.com,United States,2026-02-14,Standard,465.88
8735,Ava Moss,ava.moss8735@example.com,Germany,2022-10-11,Basic,85.33
8736,Noah Park,noah.park8736@example.com,Netherlands,2026-04-24,Standard,403.15
8737,Miles Kerr,miles.kerr8737@example.com,United States,2024-04-02,Standard,80.25
8738,Felix Gray,felix.gray8738@example.com,United States,2025-07-02,Standard,507.15
8739,Mila Dunn,mila.dunn8739@example.com,Australia,2022-11-15,Standard,480.17
8740,Owen Snow,owen.snow8740@example.com,United States,2024-12-31,Premium,1930.63
8741,Ella Frost,ella.frost8741@example.com,India,2026-05-22,Standard,378.02
8742,Ruby Young,ruby.young8742@example.com,United States,2022-02-03,Basic,104.99
8743,Ruby Hale,ruby.hale8743@example.com,France,2022-12-04,Premium,4587.49
8744,Arlo Lang,arlo.lang8744@example.com,United States,2023-12-28,Basic,15.67
8745,Jonah Cruz,jonah.cruz8745@example.com,United States,2023-12-02,Standard,297.65
8746,Sadie Hart,sadie.hart8746@example.com,United States,2023-07-11,Basic,68.54
8747,Ethan Lang,ethan.lang8747@example.com,Brazil,2022-10-19,Standard,82.90
8748,Jade Lane,jade.lane8748@example.com,India,2024-01-24,Basic,113.44
8749,Arlo Lang,arlo.lang8749@example.com,Japan,2024-10-31,Basic,98.80
8750,Asher York,asher.york8750@example.com,Japan,2026-02-10,Standard,630.08
8751,Theo Kerr,theo.kerr8751@example.com,Mexico,2023-04-15,Standard,368.43
8752,Asher Dunn,asher.dunn8752@example.com,United States,2022-03-02,Basic,189.51
8753,Felix Moss,felix.moss8753@example.com,Germany,2024-11-07,Premium,2353.30
8754,Mila Vale,,Germany,2023-01-18,Standard,743.82
8755,Nico Hart,nico.hart8755@example.com,France,2024-09-14,Basic,59.01
8756,Hugo West,hugo.west8756@example.com,United States,2024-07-01,Basic,169.87
8757,Ivy Hart,ivy.hart8757@example.com,United States,2025-05-18,Basic,184.30
8758,Miles Tate,miles.tate8758@example.com,Australia,2026-04-20,Standard,735.02
8759,Caleb Pike,caleb.pike8759@example.com,Australia,2026-02-06,Basic,5.80
8760,Wren Vale,wren.vale8760@example.com,United Kingdom,2024-05-09,Basic,51.56
8761,Felix Lane,felix.lane8761@example.com,United Kingdom,2024-08-15,Basic,1.16
8762,Jade Blair,jade.blair8762@example.com,Canada,2024-12-30,Basic,166.32
8763,Chloe Moss,chloe.moss8763@example.com,Japan,2022-04-20,Standard,773.73
8764,Nico Brooks,nico.brooks8764@example.com,United States,2023-12-01,Basic,41.57
8765,Noah Drew,noah.drew8765@example.com,Brazil,2022-04-07,Standard,656.48
8766,Caleb Blair,caleb.blair8766@example.com,Australia,2026-08-19,Standard,390.39
8767,Arlo Cruz,arlo.cruz8767@example.com,Mexico,2023-01-25,Standard,269.86
8768,Noah Nash,noah.nash8768@example.com,Japan,2026-08-16,Standard,402.47
8769,Ava Hale,ava.hale8769@example.com,Australia,2025-03-21,Standard,684.10
8770,Mia Zane,mia.zane8770@example.com,Australia,2025-10-09,Standard,50.54
8771,Liam Quinn,liam.quinn8771@example.com,India,2026-03-31,Standard,571.09
8772,Jonah Zane,jonah.zane8772@example.com,India,2025-08-22,Standard,144.39
8773,Hugo Pike,hugo.pike8773@example.com,Australia,2022-09-14,Standard,618.27
8774,Mia Gray,mia.gray8774@example.com,Canada,2025-09-18,Basic,137.72
8775,Ruby York,ruby.york8775@example.com,United States,2025-11-23,Premium,3504.90
8776,Owen Moss,owen.moss8776@example.com,United Kingdom,2024-01-21,Standard,227.18
8777,Iris Kerr,iris.kerr8777@example.com,United States,2025-11-03,Premium,4494.42
8778,Mila Blair,mila.blair8778@example.com,United States,2026-02-17,Premium,2525.09
8779,Mia Gray,mia.gray8779@example.com,United States,2022-07-05,Basic,108.30
8780,Ethan Dunn,ethan.dunn8780@example.com,United States,2024-10-05,Basic,96.73
8781,Mia Snow,mia.snow8781@example.com,Brazil,2025-12-27,Basic,87.75
8782,Ivy Brooks,ivy.brooks8782@example.com,United States,2023-08-31,Standard,244.46
8783,Theo West,theo.west8783@example.com,United States,2024-10-02,Basic,45.97
8784,Ivy Nash,ivy.nash8784@example.com,United Kingdom,2026-02-23,Basic,82.61
8785,Ruby York,ruby.york8785@example.com,Canada,2026-06-08,Premium,2562.83
8786,Noah Shaw,noah.shaw8786@example.com,Australia,2024-10-03,Standard,643.92
8787,Lila Cruz,lila.cruz8787@example.com,United States,2023-06-08,Basic,40.05
8788,Theo Walsh,theo.walsh8788@example.com,Canada,2026-07-10,Premium,3688.07
8789,Ava Bell,ava.bell8789@example.com,Germany,2026-07-17,Basic,174.67
8790,Hugo Brooks,hugo.brooks8790@example.com,Australia,2024-07-23,Basic,19.97
8791,Hugo Moss,hugo.moss8791@example.com,United States,2025-07-30,Basic,140.43
8792,Hugo Lane,hugo.lane8792@example.com,United Kingdom,2026-03-29,Standard,527.96
8793,Chloe Dunn,chloe.dunn8793@example.com,United States,2026-02-07,Premium,1679.22
8794,Ella Gray,ella.gray8794@example.com,India,2025-07-20,Standard,416.35
8795,Mila York,mila.york8795@example.com,Mexico,2022-02-12,Basic,191.07
8796,Mila Finn,mila.finn8796@example.com,France,2025-07-05,Basic,71.25
8797,Hugo Tate,hugo.tate8797@example.com,Germany,2025-01-10,Basic,131.79
8798,Nora Reed,nora.reed8798@example.com,United States,2022-01-10,Standard,428.81
8799,Nora Tate,nora.tate8799@example.com,United States,2023-03-11,Standard,82.51
8800,Ruby Finn,ruby.finn8800@example.com,United States,2026-06-01,Basic,151.71
8801,Nico Brooks,nico.brooks8801@example.com,United States,2026-04-25,Premium,2956.87
8802,Leo Lane,leo.lane8802@example.com,United Kingdom,2026-07-22,Standard,619.07
8803,Silas Frost,silas.frost8803@example.com,United States,2024-05-19,Basic,69.08
8804,Lila Nash,lila.nash8804@example.com,United States,2026-08-04,Standard,234.89
8805,Wren Gray,wren.gray8805@example.com,United States,2026-07-16,Standard,507.38
8806,Lila Reed,lila.reed8806@example.com,Japan,2022-12-25,Premium,2535.75
8807,Owen Hale,owen.hale8807@example.com,United States,2026-04-20,Standard,119.37
8808,Silas Lang,silas.lang8808@example.com,France,2026-07-25,Basic,4.26
8809,Theo Young,theo.young8809@example.com,India,2025-11-23,Basic,25.91
8810,Liam Reed,liam.reed8810@example.com,Germany,2023-09-12,Basic,99.79
8811,Iris Young,iris.young8811@example.com,Canada,2023-10-15,Standard,658.73
8812,Arlo York,arlo.york8812@example.com,United States,2024-06-30,Standard,190.27
8813,Iris Pike,iris.pike8813@example.com,United States,2024-12-23,Standard,174.19
8814,Nico Hale,nico.hale8814@example.com,Mexico,2024-05-28,Basic,76.34
8815,Arlo Moss,arlo.moss8815@example.com,United Kingdom,2024-05-06,Standard,684.38
8816,Ivy Tate,ivy.tate8816@example.com,United States,2022-01-26,Basic,148.11
8817,Mila Hart,mila.hart8817@example.com,Germany,2024-12-13,Basic,141.93
8818,Ruby Shaw,ruby.shaw8818@example.com,Japan,2022-07-26,Basic,95.29
8819,Jonah Young,jonah.young8819@example.com,Brazil,2023-09-29,Standard,610.63
8820,Theo Dunn,theo.dunn8820@example.com,Australia,2023-08-21,Standard,293.44
8821,Nora Reed,nora.reed8821@example.com,Canada,2024-02-17,Standard,755.65
8822,Sadie Tate,sadie.tate8822@example.com,India,2026-01-09,Standard,682.27
8823,Silas Park,silas.park8823@example.com,Japan,2024-02-05,Standard,165.91
8824,Ella Gray,ella.gray8824@example.com,United States,2026-01-25,Basic,52.78
8825,Felix Gray,felix.gray8825@example.com,Germany,2026-08-25,Standard,89.49
8826,Liam Drew,liam.drew8826@example.com,United States,2025-06-13,Basic,115.65
8827,Iris Gray,iris.gray8827@example.com,India,2026-06-19,Basic,25.12
8828,Leo Gray,leo.gray8828@example.com,United States,2025-06-03,Basic,124.51
8829,Hugo Hale,hugo.hale8829@example.com,United States,2023-04-03,Standard,125.96
8830,Piper Frost,piper.frost8830@example.com,Germany,2023-11-21,Standard,598.62
8831,Mia Kerr,mia.kerr8831@example.com,Australia,2025-08-08,Premium,3691.03
8832,Iris Moss,iris.moss8832@example.com,Australia,2023-04-16,Basic,75.40
8833,Silas Park,silas.park8833@example.com,United Kingdom,2024-03-16,Standard,214.76
8834,Arlo Park,arlo.park8834@example.com,Japan,2025-10-31,Basic,5.67
8835,Miles Reed,miles.reed8835@example.com,India,2022-06-28,Standard,470.62
8836,Hugo Kerr,hugo.kerr8836@example.com,Canada,2025-09-17,Basic,63.24
8837,Ava Zane,ava.zane8837@example.com,United States,2022-06-21,Standard,734.16
8838,Ivy Drew,ivy.drew8838@example.com,United States,2025-03-08,Basic,67.11
8839,Miles Cole,miles.cole8839@example.com,Germany,2025-11-19,Standard,734.59
8840,Jonah Vale,jonah.vale8840@example.com,Netherlands,2023-05-25,Standard,422.73
8841,Jonah Nash,jonah.nash8841@example.com,India,2022-07-12,Standard,606.27
8842,Chloe Pike,chloe.pike8842@example.com,Japan,2024-10-02,Standard,430.41
8843,Owen Hart,owen.hart8843@example.com,United Kingdom,2023-09-10,Standard,221.02
8844,Asher Gray,asher.gray8844@example.com,Canada,2023-04-29,Standard,445.62
8845,Lila York,lila.york8845@example.com,India,2025-07-31,Premium,1403.07
8846,Sadie West,sadie.west8846@example.com,Canada,2022-12-12,Standard,784.20
8847,Iris Dunn,iris.dunn8847@example.com,United Kingdom,2023-06-27,Premium,3258.87
8848,Silas Nash,silas.nash8848@example.com,Canada,2023-02-26,Standard,342.61
8849,Liam West,liam.west8849@example.com,United Kingdom,2022-07-16,Basic,42.80
8850,Felix Park,felix.park8850@example.com,France,2024-08-10,Basic,128.89
8851,Ella Cole,ella.cole8851@example.com,United States,2022-08-02,Standard,629.76
8852,Nico Lang,nico.lang8852@example.com,Netherlands,2024-08-15,Standard,607.48
8853,Nora Kerr,nora.kerr8853@example.com,India,2023-09-14,Standard,575.51
8854,Nico Finn,nico.finn8854@example.com,Japan,2026-04-11,Standard,200.50
8855,Miles Dunn,miles.dunn8855@example.com,Germany,2022-05-28,Standard,654.73
8856,Liam Cole,liam.cole8856@example.com,Australia,2025-07-12,Standard,775.31
8857,Caleb Lane,caleb.lane8857@example.com,Canada,2025-12-28,Standard,478.72
8858,Ava Gray,ava.gray8858@example.com,Japan,2024-06-19,Premium,1862.18
8859,Felix Lane,felix.lane8859@example.com,Spain,2024-09-19,Basic,136.31
8860,Miles Frost,miles.frost8860@example.com,Germany,2022-08-24,Standard,346.01
8861,Theo Hale,theo.hale8861@example.com,United States,2024-06-11,Standard,110.89
8862,Jonah Cruz,jonah.cruz8862@example.com,United States,2025-05-27,Basic,93.76
8863,Theo Reed,theo.reed8863@example.com,Brazil,2022-09-19,Standard,385.70
8864,Leo Nash,leo.nash8864@example.com,Spain,2026-03-31,Standard,759.20
8865,Theo Walsh,theo.walsh8865@example.com,United States,2023-01-23,Standard,527.87
8866,Silas Cole,silas.cole8866@example.com,Germany,2025-12-04,Standard,512.48
8867,Caleb Shaw,caleb.shaw8867@example.com,United States,2022-07-31,Premium,3880.24
8868,Mila Dunn,mila.dunn8868@example.com,United States,2022-07-24,Basic,95.97
8869,Felix Park,felix.park8869@example.com,United States,2025-08-05,Standard,154.20
8870,Piper Reed,piper.reed8870@example.com,Germany,2025-08-28,Basic,77.10
8871,Silas Lane,silas.lane8871@example.com,United Kingdom,2025-12-25,Standard,60.74
8872,Felix Walsh,felix.walsh8872@example.com,Germany,2022-10-05,Standard,629.91
8873,Jonah Kerr,jonah.kerr8873@example.com,United Kingdom,2025-08-18,Premium,3131.41
8874,Nora Blair,nora.blair8874@example.com,France,2025-04-24,Basic,31.49
8875,Felix Vale,felix.vale8875@example.com,Germany,2023-06-01,Standard,68.36
8876,Arlo Bell,arlo.bell8876@example.com,United States,2026-06-13,Premium,4705.38
8877,Jade Park,jade.park8877@example.com,India,2022-12-08,Standard,792.09
8878,Piper Brooks,piper.brooks8878@example.com,United States,2022-07-18,Basic,198.25
8879,Asher Park,asher.park8879@example.com,France,2023-08-29,Standard,93.17
8880,Zoe Kerr,zoe.kerr8880@example.com,Germany,2023-05-31,Standard,471.98
8881,Zoe Tate,zoe.tate8881@example.com,United Kingdom,2024-07-16,Standard,219.73
8882,Lila Hart,lila.hart8882@example.com,United States,2024-02-28,Basic,104.93
8883,Miles Reed,miles.reed8883@example.com,United States,2022-01-28,Basic,181.67
8884,Ava Moss,ava.moss8884@example.com,United States,2022-09-04,Standard,739.02
8885,Mila Cruz,mila.cruz8885@example.com,United States,2023-05-22,Standard,50.06
8886,Ava Lane,ava.lane8886@example.com,Canada,2022-11-11,Basic,178.96
8887,Ella West,ella.west8887@example.com,Germany,2022-11-25,Standard,252.61
8888,Noah Zane,noah.zane8888@example.com,United States,2024-07-19,Basic,23.10
8889,Noah West,noah.west8889@example.com,Brazil,2024-05-18,Standard,798.55
8890,Hugo Reed,hugo.reed8890@example.com,United States,2025-12-20,Basic,193.43
8891,Chloe Pike,chloe.pike8891@example.com,Canada,2022-08-20,Basic,120.02
8892,Ruby Quinn,ruby.quinn8892@example.com,Mexico,2022-05-19,Standard,785.71
8893,Noah Vale,noah.vale8893@example.com,India,2022-09-17,Premium,2882.06
8894,Hugo Nash,hugo.nash8894@example.com,United States,2026-08-10,Standard,454.03
8895,Nico Tate,nico.tate8895@example.com,Australia,2024-04-17,Basic,70.99
8896,Nora Cruz,nora.cruz8896@example.com,United States,2025-04-10,Basic,54.88
8897,Iris Young,iris.young8897@example.com,France,2026-04-29,Standard,758.58
8898,Jonah Gray,jonah.gray8898@example.com,Australia,2023-12-21,Basic,199.55
8899,Mia Brooks,mia.brooks8899@example.com,India,2026-03-09,Standard,351.07
8900,Owen Moss,owen.moss8900@example.com,Germany,2023-12-15,Standard,647.08
8901,Nico Nash,nico.nash8901@example.com,Australia,2023-06-22,Basic,131.07
8902,Piper Blair,piper.blair8902@example.com,Japan,2022-07-19,Standard,619.73
8903,Mia Hale,mia.hale8903@example.com,United Kingdom,2025-02-10,Standard,689.95
8904,Leo Blair,leo.blair8904@example.com,Australia,2025-04-17,Premium,2646.33
8905,Mia Drew,mia.drew8905@example.com,France,2026-04-02,Basic,18.71
8906,Silas Young,silas.young8906@example.com,Japan,2025-06-02,Basic,97.53
8907,Mia Shaw,mia.shaw8907@example.com,United Kingdom,2025-09-10,Standard,255.55
8908,Piper Brooks,piper.brooks8908@example.com,France,2024-11-06,Standard,175.67
8909,Ruby Lane,ruby.lane8909@example.com,Netherlands,2022-06-15,Basic,23.27
8910,Theo Finn,theo.finn8910@example.com,Germany,2022-11-28,Basic,168.20
8911,Ruby Lane,ruby.lane8911@example.com,United Kingdom,2026-02-21,Basic,158.48
8912,Ruby Dunn,ruby.dunn8912@example.com,Japan,2025-03-26,Standard,278.47
8913,Miles Reed,miles.reed8913@example.com,India,2024-03-25,Standard,504.28
8914,Hugo Cruz,hugo.cruz8914@example.com,Mexico,2024-10-07,Basic,60.75
8915,Ava Tate,ava.tate8915@example.com,Australia,2022-02-16,Premium,2363.80
8916,Chloe Snow,chloe.snow8916@example.com,France,2024-10-16,Premium,1995.39
8917,Nico Blair,nico.blair8917@example.com,Australia,2023-10-22,Basic,146.26
8918,Nora Hale,nora.hale8918@example.com,Netherlands,2022-09-21,Standard,482.76
8919,Leo Tate,leo.tate8919@example.com,India,2025-07-27,Basic,138.17
8920,Lila Hart,lila.hart8920@example.com,France,2024-05-19,Basic,196.53
8921,Hugo Hart,hugo.hart8921@example.com,United Kingdom,2025-08-30,Premium,3447.15
8922,Liam Nash,liam.nash8922@example.com,Canada,2022-11-09,Basic,89.52
8923,Iris Reed,iris.reed8923@example.com,Australia,2025-10-31,Standard,424.13
8924,Silas York,silas.york8924@example.com,United States,2023-12-08,Basic,38.04
8925,Sadie Kerr,sadie.kerr8925@example.com,Brazil,2024-07-07,Premium,1228.65
8926,Caleb Kerr,caleb.kerr8926@example.com,Canada,2025-06-26,Standard,521.25
8927,Silas York,silas.york8927@example.com,Brazil,2023-08-12,Basic,174.54
8928,Jonah York,jonah.york8928@example.com,Canada,2022-04-22,Standard,746.55
8929,Ivy Lane,ivy.lane8929@example.com,Australia,2025-05-20,Standard,88.81
8930,Asher Walsh,asher.walsh8930@example.com,India,2022-03-17,Basic,136.82
8931,Owen Drew,owen.drew8931@example.com,United Kingdom,2026-04-27,Standard,155.51
8932,Lila Hart,lila.hart8932@example.com,Brazil,2022-10-03,Basic,14.92
8933,Felix Nash,felix.nash8933@example.com,United States,2026-05-19,Standard,788.81
8934,Jonah Young,jonah.young8934@example.com,United States,2026-05-11,Standard,617.17
8935,Theo Park,theo.park8935@example.com,United States,2024-10-23,Basic,157.34
8936,Ella Moss,ella.moss8936@example.com,United Kingdom,2024-01-02,Basic,113.71
8937,Zoe Lane,zoe.lane8937@example.com,France,2024-02-26,Standard,758.58
8938,Leo Hart,leo.hart8938@example.com,Canada,2024-02-27,Basic,87.61
8939,Lila York,lila.york8939@example.com,Australia,2023-09-27,Standard,718.66
8940,Jonah Walsh,jonah.walsh8940@example.com,United States,2022-12-26,Standard,500.10
8941,Leo Drew,leo.drew8941@example.com,United States,2023-05-26,Standard,362.82
8942,Caleb Vale,caleb.vale8942@example.com,United Kingdom,2025-04-13,Standard,398.00
8943,Piper Gray,piper.gray8943@example.com,United Kingdom,2024-07-21,Basic,1.98
8944,Caleb Tate,caleb.tate8944@example.com,India,2024-02-01,Premium,684.68
8945,Nora Hale,nora.hale8945@example.com,United States,2023-02-06,Basic,158.06
8946,Noah Shaw,noah.shaw8946@example.com,United Kingdom,2022-08-05,Standard,136.07
8947,Lila Walsh,lila.walsh8947@example.com,Australia,2023-02-10,Standard,750.99
8948,Piper Vale,piper.vale8948@example.com,United Kingdom,2025-06-17,Basic,114.11
8949,Nora Dunn,nora.dunn8949@example.com,United States,2024-12-10,Standard,185.25
8950,Felix Blair,felix.blair8950@example.com,Netherlands,2022-11-07,Standard,428.55
8951,Mia Finn,mia.finn8951@example.com,Germany,2024-08-04,Basic,28.54
8952,Mia Bell,mia.bell8952@example.com,United States,2025-11-21,Premium,2478.81
8953,Chloe Kerr,chloe.kerr8953@example.com,United Kingdom,2026-08-03,Basic,63.46
8954,Ella Brooks,ella.brooks8954@example.com,France,2022-01-06,Basic,194.35
8955,Lila Lane,lila.lane8955@example.com,Canada,2023-06-13,Standard,342.75
8956,Felix Shaw,felix.shaw8956@example.com,United States,2023-06-02,Standard,319.34
8957,Piper Frost,piper.frost8957@example.com,Canada,2024-11-24,Basic,174.72
8958,Sadie Blair,sadie.blair8958@example.com,Canada,2024-03-11,Basic,29.71
8959,Iris Zane,iris.zane8959@example.com,Germany,2024-07-29,Standard,552.13
8960,Caleb Lang,caleb.lang8960@example.com,India,2025-01-10,Standard,433.92
8961,Ivy Quinn,ivy.quinn8961@example.com,Canada,2023-10-14,Basic,53.26
8962,Hugo Quinn,hugo.quinn8962@example.com,Canada,2025-03-01,Basic,11.88
8963,Piper Snow,piper.snow8963@example.com,United Kingdom,2025-09-20,Premium,839.66
8964,Zoe Shaw,zoe.shaw8964@example.com,United Kingdom,2024-09-30,Premium,2068.62
8965,Noah Nash,noah.nash8965@example.com,Mexico,2024-12-24,Basic,98.95
8966,Arlo Lane,arlo.lane8966@example.com,Germany,2024-06-23,Standard,605.03
8967,Sadie Lane,sadie.lane8967@example.com,Brazil,2022-07-12,Standard,273.56
8968,Miles Bell,miles.bell8968@example.com,United States,2024-11-27,Premium,1767.57
8969,Chloe West,chloe.west8969@example.com,India,2025-11-24,Standard,366.89
8970,Leo Dunn,leo.dunn8970@example.com,United States,2026-02-17,Basic,77.31
8971,Mila Lang,mila.lang8971@example.com,United Kingdom,2026-01-08,Basic,56.50
8972,Ivy Reed,ivy.reed8972@example.com,India,2022-04-25,Basic,59.35
8973,Caleb Moss,caleb.moss8973@example.com,Germany,2022-07-28,Standard,552.28
8974,Ethan Snow,ethan.snow8974@example.com,United States,2023-03-02,Basic,109.09
8975,Liam Zane,liam.zane8975@example.com,France,2024-11-19,Basic,134.89
8976,Ivy Nash,ivy.nash8976@example.com,United States,2023-02-25,Standard,180.59
8977,Chloe Drew,chloe.drew8977@example.com,Spain,2022-09-23,Standard,737.68
8978,Hugo Quinn,hugo.quinn8978@example.com,Canada,2026-05-19,Premium,3809.94
8979,Nico York,nico.york8979@example.com,Japan,2023-07-15,Standard,322.41
8980,Ivy Drew,ivy.drew8980@example.com,United States,2025-08-23,Basic,122.99
8981,Ivy Cole,ivy.cole8981@example.com,Canada,2022-06-01,Basic,132.20
8982,Piper Reed,piper.reed8982@example.com,France,2024-10-11,Standard,99.45
8983,Silas Reed,silas.reed8983@example.com,United States,2026-01-16,Standard,165.52
8984,Ruby Hale,ruby.hale8984@example.com,India,2023-12-20,Standard,174.93
8985,Jonah Nash,jonah.nash8985@example.com,Australia,2024-11-05,Standard,529.53
8986,Noah Drew,noah.drew8986@example.com,Japan,2023-10-01,Basic,175.63
8987,Leo Reed,leo.reed8987@example.com,Australia,2026-03-19,Standard,235.74
8988,Wren Lang,wren.lang8988@example.com,United Kingdom,2025-09-03,Basic,154.20
8989,Zoe Young,zoe.young8989@example.com,United States,2023-10-17,Standard,522.11
8990,Silas Tate,silas.tate8990@example.com,United States,2024-04-10,Basic,25.18
8991,Liam Cole,liam.cole8991@example.com,United States,2024-01-19,Standard,745.76
8992,Arlo Finn,arlo.finn8992@example.com,United Kingdom,2025-07-23,Standard,266.43
8993,Ivy Drew,ivy.drew8993@example.com,Germany,2026-03-21,Premium,2461.08
8994,Miles Cruz,miles.cruz8994@example.com,Mexico,2025-09-23,Basic,73.88
8995,Owen Lane,owen.lane8995@example.com,United Kingdom,2023-05-07,Standard,717.31
8996,Leo Dunn,leo.dunn8996@example.com,Germany,2022-11-12,Standard,779.47
8997,Ruby Young,ruby.young8997@example.com,France,2024-06-17,Standard,439.39
8998,Lila Snow,lila.snow8998@example.com,France,2022-03-31,Standard,502.50
8999,Iris Moss,iris.moss8999@example.com,Spain,2026-08-18,Standard,315.34
9000,Arlo Bell,arlo.bell9000@example.com,Australia,2026-02-13,Premium,1159.41
9001,Ella Gray,ella.gray9001@example.com,France,2023-08-15,Standard,63.16
9002,Caleb Drew,caleb.drew9002@example.com,Netherlands,2022-02-23,Standard,184.46
9003,Chloe Snow,chloe.snow9003@example.com,United Kingdom,2025-10-23,Standard,563.38
9004,Leo Snow,leo.snow9004@example.com,France,2025-06-07,Standard,101.00
9005,Piper Pike,piper.pike9005@example.com,Netherlands,2025-04-24,Standard,701.21
9006,Nico Snow,nico.snow9006@example.com,India,2022-12-02,Basic,66.17
9007,Ethan Frost,ethan.frost9007@example.com,United States,2022-02-07,Standard,130.29
9008,Ella Cole,ella.cole9008@example.com,France,2022-03-18,Basic,140.76
9009,Nico Dunn,nico.dunn9009@example.com,Japan,2026-02-22,Standard,372.76
9010,Ella Park,ella.park9010@example.com,France,2026-04-10,Standard,169.15
9011,Nico Frost,nico.frost9011@example.com,United States,2022-04-12,Basic,50.45
9012,Theo Pike,theo.pike9012@example.com,Japan,2023-03-19,Premium,1326.88
9013,Theo Shaw,theo.shaw9013@example.com,Netherlands,2026-04-07,Basic,39.52
9014,Ruby Hart,ruby.hart9014@example.com,United States,2023-08-12,Basic,108.09
9015,Caleb Nash,caleb.nash9015@example.com,India,2022-11-16,Standard,273.88
9016,Caleb Cole,caleb.cole9016@example.com,United States,2022-09-27,Premium,4557.97
9017,Iris Brooks,iris.brooks9017@example.com,United States,2022-09-23,Premium,2846.66
9018,Lila Finn,lila.finn9018@example.com,Australia,2022-11-26,Standard,397.02
9019,Felix Cole,felix.cole9019@example.com,Australia,2024-09-27,Standard,793.40
9020,Liam Kerr,liam.kerr9020@example.com,United Kingdom,2026-04-04,Basic,53.01
9021,Asher Lane,asher.lane9021@example.com,United States,2024-09-19,Basic,134.62
9022,Ethan Dunn,ethan.dunn9022@example.com,India,2024-11-29,Standard,410.18
9023,Miles Lang,miles.lang9023@example.com,United Kingdom,2022-04-25,Standard,754.32
9024,Mila Young,mila.young9024@example.com,Brazil,2024-07-27,Basic,190.06
9025,Arlo Moss,arlo.moss9025@example.com,United States,2023-07-18,Standard,54.55
9026,Theo Blair,theo.blair9026@example.com,Germany,2025-05-08,Premium,781.82
9027,Ella Cole,ella.cole9027@example.com,United States,2022-04-23,Basic,42.22
9028,Jonah Blair,jonah.blair9028@example.com,India,2023-11-16,Basic,138.63
9029,Jonah Tate,jonah.tate9029@example.com,Canada,2024-09-30,Basic,64.81
9030,Miles Reed,miles.reed9030@example.com,United Kingdom,2026-07-21,Standard,764.61
9031,Sadie York,sadie.york9031@example.com,Brazil,2023-02-05,Basic,178.22
9032,Hugo Lang,hugo.lang9032@example.com,United Kingdom,2024-10-26,Standard,254.73
9033,Mia Drew,mia.drew9033@example.com,France,2022-12-06,Standard,293.88
9034,Ethan Bell,ethan.bell9034@example.com,United States,2026-01-16,Basic,27.10
9035,Ivy Bell,,United Kingdom,2026-01-18,Basic,53.52
9036,Ivy Lane,ivy.lane9036@example.com,United States,2022-10-24,Standard,686.15
9037,Felix Hart,felix.hart9037@example.com,Brazil,2023-08-20,Basic,13.88
9038,Jade Lang,jade.lang9038@example.com,Mexico,2023-09-05,Basic,24.38
9039,Ethan Frost,ethan.frost9039@example.com,United States,2025-04-23,Standard,252.95
9040,Ruby Snow,ruby.snow9040@example.com,Canada,2022-02-23,Standard,734.72
9041,Felix Tate,felix.tate9041@example.com,United States,2025-12-17,Standard,347.13
9042,Jade West,jade.west9042@example.com,United Kingdom,2023-07-27,Basic,135.98
9043,Arlo Reed,arlo.reed9043@example.com,Australia,2023-01-23,Basic,64.42
9044,Piper Vale,piper.vale9044@example.com,United Kingdom,2023-02-07,Standard,498.27
9045,Theo Tate,theo.tate9045@example.com,Brazil,2023-04-25,Basic,67.90
9046,Iris Bell,iris.bell9046@example.com,Australia,2025-04-07,Standard,528.68
9047,Silas Finn,,Netherlands,2025-06-02,Premium,613.41
9048,Nora Cole,nora.cole9048@example.com,France,2026-03-05,Basic,87.80
9049,Nora Cruz,nora.cruz9049@example.com,France,2022-05-02,Standard,716.85
9050,Iris Reed,iris.reed9050@example.com,Netherlands,2022-09-22,Standard,344.90
9051,Ethan Lang,ethan.lang9051@example.com,United States,2022-01-12,Basic,157.95
9052,Ava Cruz,ava.cruz9052@example.com,Brazil,2025-02-15,Standard,621.12
9053,Asher Tate,asher.tate9053@example.com,Japan,2024-03-17,Standard,648.18
9054,Caleb Vale,caleb.vale9054@example.com,India,2022-12-11,Basic,32.10
9055,Ruby Cruz,ruby.cruz9055@example.com,United Kingdom,2025-08-16,Standard,549.15
9056,Nico Moss,nico.moss9056@example.com,Australia,2024-02-20,Premium,3495.65
9057,Zoe Hale,zoe.hale9057@example.com,Canada,2025-09-14,Basic,0.22
9058,Hugo Reed,hugo.reed9058@example.com,United States,2025-10-31,Standard,533.63
9059,Silas Snow,silas.snow9059@example.com,India,2025-07-05,Standard,185.40
9060,Silas Walsh,silas.walsh9060@example.com,United States,2026-03-17,Basic,120.57
9061,Leo Lang,leo.lang9061@example.com,Australia,2022-05-27,Standard,237.21
9062,Miles Hale,miles.hale9062@example.com,Canada,2025-08-13,Standard,715.05
9063,Ava Snow,ava.snow9063@example.com,France,2023-06-28,Standard,114.68
9064,Hugo Lane,hugo.lane9064@example.com,United Kingdom,2022-03-14,Standard,375.52
9065,Ivy Shaw,ivy.shaw9065@example.com,United States,2023-08-15,Basic,106.46
9066,Mila Blair,mila.blair9066@example.com,United States,2024-05-30,Basic,104.91
9067,Ruby West,ruby.west9067@example.com,United States,2024-04-15,Basic,22.00
9068,Caleb Cole,caleb.cole9068@example.com,United States,2025-09-25,Standard,322.30
9069,Jonah Quinn,jonah.quinn9069@example.com,Brazil,2025-12-27,Standard,399.29
9070,Ivy Snow,ivy.snow9070@example.com,France,2023-11-18,Premium,4043.25
9071,Wren Zane,wren.zane9071@example.com,United States,2022-03-03,Standard,528.61
9072,Owen Lang,owen.lang9072@example.com,United States,2023-01-17,Basic,53.58
9073,Leo Reed,leo.reed9073@example.com,India,2023-07-19,Basic,192.17
9074,Chloe Frost,chloe.frost9074@example.com,Germany,2024-06-09,Standard,624.51
9075,Piper Gray,piper.gray9075@example.com,United Kingdom,2022-12-01,Basic,165.89
9076,Miles Gray,miles.gray9076@example.com,United States,2024-08-13,Basic,9.80
9077,Chloe Bell,chloe.bell9077@example.com,United States,2022-05-22,Premium,4343.88
9078,Noah Walsh,noah.walsh9078@example.com,Mexico,2023-08-17,Standard,736.43
9079,Mila Hart,mila.hart9079@example.com,France,2023-09-01,Standard,218.87
9080,Liam Walsh,liam.walsh9080@example.com,Germany,2026-01-07,Basic,192.15
9081,Piper Hart,piper.hart9081@example.com,United States,2022-05-23,Premium,4833.90
9082,Noah Hale,noah.hale9082@example.com,India,2024-06-18,Basic,55.55
9083,Iris Blair,iris.blair9083@example.com,India,2026-07-08,Basic,96.15
9084,Arlo Dunn,arlo.dunn9084@example.com,United States,2025-03-10,Standard,322.63
9085,Ava Kerr,ava.kerr9085@example.com,United Kingdom,2023-06-27,Basic,28.04
9086,Zoe Quinn,zoe.quinn9086@example.com,United States,2023-07-17,Premium,4091.67
9087,Ivy Quinn,ivy.quinn9087@example.com,United Kingdom,2026-05-29,Premium,548.93
9088,Ivy Quinn,ivy.quinn9088@example.com,Germany,2024-07-22,Standard,770.41
9089,Nora Brooks,nora.brooks9089@example.com,United States,2024-05-31,Standard,633.10
9090,Silas Moss,silas.moss9090@example.com,United States,2023-06-27,Standard,734.70
9091,Owen Moss,owen.moss9091@example.com,United Kingdom,2022-02-13,Basic,185.73
9092,Leo Walsh,leo.walsh9092@example.com,United States,2024-07-26,Standard,671.45
9093,Noah Hale,noah.hale9093@example.com,United Kingdom,2023-04-17,Standard,757.63
9094,Ella Walsh,ella.walsh9094@example.com,United Kingdom,2022-08-29,Premium,915.61
9095,Arlo Kerr,arlo.kerr9095@example.com,Brazil,2024-08-22,Standard,176.11
9096,Ruby Blair,ruby.blair9096@example.com,Australia,2023-06-24,Basic,36.65
9097,Noah Pike,noah.pike9097@example.com,Brazil,2023-10-29,Premium,554.61
9098,Piper Drew,piper.drew9098@example.com,Brazil,2023-01-18,Basic,104.07
9099,Leo Blair,leo.blair9099@example.com,India,2024-10-14,Standard,312.23
9100,Jonah Young,jonah.young9100@example.com,United States,2024-06-17,Premium,1260.38
9101,Nora Lang,nora.lang9101@example.com,Australia,2023-09-20,Premium,2182.33
9102,Wren Lang,wren.lang9102@example.com,United Kingdom,2022-02-10,Basic,179.82
9103,Lila Shaw,lila.shaw9103@example.com,United States,2025-06-02,Basic,140.41
9104,Felix Dunn,felix.dunn9104@example.com,India,2023-04-17,Standard,357.74
9105,Miles Brooks,miles.brooks9105@example.com,United States,2025-04-07,Premium,4355.52
9106,Piper Finn,piper.finn9106@example.com,India,2025-04-24,Standard,178.95
9107,Mila Kerr,mila.kerr9107@example.com,India,2022-02-22,Basic,194.99
9108,Asher Hale,asher.hale9108@example.com,United States,2026-01-12,Standard,642.01
9109,Iris Walsh,iris.walsh9109@example.com,France,2025-09-17,Basic,60.53
9110,Lila Bell,lila.bell9110@example.com,Brazil,2026-02-10,Standard,150.76
9111,Nora Kerr,nora.kerr9111@example.com,Netherlands,2025-06-29,Standard,246.63
9112,Silas Moss,silas.moss9112@example.com,United States,2025-12-20,Standard,483.55
9113,Wren Brooks,wren.brooks9113@example.com,Canada,2025-08-13,Standard,277.68
9114,Jonah Cole,jonah.cole9114@example.com,India,2025-07-04,Standard,566.04
9115,Wren Shaw,wren.shaw9115@example.com,France,2022-06-20,Basic,12.29
9116,Nora Quinn,nora.quinn9116@example.com,United States,2025-08-04,Basic,44.45
9117,Iris Young,iris.young9117@example.com,Japan,2023-01-23,Standard,75.20
9118,Hugo Shaw,hugo.shaw9118@example.com,Germany,2024-11-24,Standard,356.15
9119,Felix Pike,felix.pike9119@example.com,Germany,2022-01-24,Standard,696.40
9120,Ava Bell,ava.bell9120@example.com,United States,2022-04-21,Basic,164.92
9121,Asher Snow,asher.snow9121@example.com,United Kingdom,2026-01-06,Standard,337.02
9122,Ivy Lang,ivy.lang9122@example.com,Mexico,2024-07-19,Basic,188.85
9123,Ethan Brooks,ethan.brooks9123@example.com,India,2026-06-09,Standard,616.58
9124,Ella Quinn,ella.quinn9124@example.com,Canada,2022-12-02,Basic,5.29
9125,Mia Vale,mia.vale9125@example.com,Netherlands,2025-04-22,Basic,106.62
9126,Hugo Walsh,hugo.walsh9126@example.com,Canada,2024-04-01,Basic,18.98
9127,Jade Hale,jade.hale9127@example.com,Brazil,2025-04-16,Standard,604.78
9128,Mila Walsh,mila.walsh9128@example.com,Brazil,2022-02-10,Basic,181.75
9129,Ruby Hart,ruby.hart9129@example.com,Australia,2026-03-01,Basic,186.11
9130,Ethan Hale,ethan.hale9130@example.com,Spain,2024-09-04,Basic,128.14
9131,Jade York,jade.york9131@example.com,Canada,2026-05-06,Standard,742.88
9132,Miles Cole,miles.cole9132@example.com,United States,2026-07-30,Basic,191.10
9133,Asher Gray,asher.gray9133@example.com,United States,2024-03-11,Basic,132.51
9134,Piper York,piper.york9134@example.com,Japan,2023-11-29,Standard,514.28
9135,Ava Bell,ava.bell9135@example.com,Australia,2023-11-27,Standard,113.78
9136,Felix Finn,felix.finn9136@example.com,United States,2024-05-02,Premium,3780.64
9137,Asher Reed,asher.reed9137@example.com,India,2025-04-24,Standard,711.92
9138,Wren Brooks,wren.brooks9138@example.com,Mexico,2024-01-30,Standard,615.02
9139,Arlo Frost,arlo.frost9139@example.com,United States,2025-03-21,Standard,427.38
9140,Mila Quinn,mila.quinn9140@example.com,United States,2024-05-05,Basic,21.57
9141,Ella Brooks,ella.brooks9141@example.com,India,2025-05-06,Standard,105.45
9142,Chloe Pike,chloe.pike9142@example.com,United States,2025-07-14,Premium,3146.36
9143,Liam Lang,liam.lang9143@example.com,United Kingdom,2025-01-03,Basic,68.97
9144,Miles York,miles.york9144@example.com,France,2023-05-01,Standard,225.54
9145,Wren Quinn,wren.quinn9145@example.com,United States,2025-11-25,Standard,172.65
9146,Liam Park,liam.park9146@example.com,Canada,2024-01-31,Standard,80.52
9147,Iris Hale,iris.hale9147@example.com,United States,2026-08-19,Basic,161.77
9148,Nora Gray,nora.gray9148@example.com,India,2022-08-04,Basic,108.92
9149,Wren Vale,wren.vale9149@example.com,Netherlands,2022-09-28,Standard,282.47
9150,Asher Lane,asher.lane9150@example.com,Germany,2026-08-14,Premium,3430.49
9151,Ella Brooks,ella.brooks9151@example.com,Spain,2022-05-01,Basic,69.76
9152,Miles York,miles.york9152@example.com,Canada,2024-01-08,Standard,568.56
9153,Jonah Moss,jonah.moss9153@example.com,India,2023-10-28,Basic,24.57
9154,Jade Lane,jade.lane9154@example.com,Australia,2024-10-08,Standard,422.84
9155,Ivy Finn,ivy.finn9155@example.com,Germany,2024-11-27,Basic,34.29
9156,Ethan Brooks,ethan.brooks9156@example.com,United States,2026-08-20,Standard,83.77
9157,Ivy York,ivy.york9157@example.com,Brazil,2022-08-25,Standard,54.00
9158,Owen Gray,owen.gray9158@example.com,Brazil,2024-10-26,Standard,249.52
9159,Nico Cole,nico.cole9159@example.com,United States,2026-04-23,Standard,580.86
9160,Ava Finn,,United States,2024-08-08,Basic,113.86
9161,Jonah Kerr,jonah.kerr9161@example.com,Japan,2023-12-26,Standard,199.12
9162,Jade Pike,jade.pike9162@example.com,France,2024-10-18,Standard,569.36
9163,Ruby Frost,ruby.frost9163@example.com,France,2023-07-29,Standard,342.79
9164,Silas Dunn,silas.dunn9164@example.com,India,2024-03-27,Standard,148.16
9165,Miles Gray,miles.gray9165@example.com,India,2024-08-12,Standard,631.84
9166,Zoe Shaw,zoe.shaw9166@example.com,United Kingdom,2026-05-18,Premium,3898.33
9167,Silas West,silas.west9167@example.com,United States,2024-02-21,Basic,6.33
9168,Hugo West,hugo.west9168@example.com,Australia,2026-06-17,Standard,590.36
9169,Leo Lang,leo.lang9169@example.com,United States,2022-07-06,Standard,745.20
9170,Sadie Lane,sadie.lane9170@example.com,Germany,2024-03-31,Standard,377.90
9171,Nico Finn,nico.finn9171@example.com,United States,2023-01-29,Standard,639.54
9172,Ruby Moss,ruby.moss9172@example.com,France,2022-05-10,Standard,747.61
9173,Noah Reed,noah.reed9173@example.com,United Kingdom,2024-06-21,Standard,588.20
9174,Mia Snow,mia.snow9174@example.com,United Kingdom,2023-04-04,Standard,344.37
9175,Felix Hale,felix.hale9175@example.com,Netherlands,2024-02-13,Basic,12.12
9176,Asher West,asher.west9176@example.com,United Kingdom,2023-11-27,Premium,1667.71
9177,Mila Lang,mila.lang9177@example.com,United Kingdom,2024-03-14,Standard,333.21
9178,Liam Bell,liam.bell9178@example.com,Australia,2023-01-04,Basic,187.57
9179,Ava Hart,ava.hart9179@example.com,Netherlands,2022-12-06,Standard,688.58
9180,Theo Zane,theo.zane9180@example.com,United States,2023-02-20,Basic,96.79
9181,Ella Lang,ella.lang9181@example.com,United States,2022-05-23,Basic,52.31
9182,Liam Park,liam.park9182@example.com,Germany,2026-02-14,Basic,1.48
9183,Wren Bell,wren.bell9183@example.com,Canada,2022-07-01,Basic,6.46
9184,Ella Young,ella.young9184@example.com,United Kingdom,2025-06-27,Standard,634.29
9185,Lila Hale,lila.hale9185@example.com,United Kingdom,2026-02-14,Standard,534.33
9186,Nico Shaw,nico.shaw9186@example.com,United States,2025-03-26,Standard,336.43
9187,Theo Tate,theo.tate9187@example.com,India,2022-03-27,Standard,443.92
9188,Hugo Frost,hugo.frost9188@example.com,United States,2023-04-22,Standard,771.59
9189,Ella Blair,ella.blair9189@example.com,Netherlands,2026-03-09,Standard,382.60
9190,Ella Pike,ella.pike9190@example.com,United States,2022-09-03,Standard,387.49
9191,Caleb Finn,caleb.finn9191@example.com,Mexico,2022-10-09,Standard,580.09
9192,Silas Lane,silas.lane9192@example.com,United States,2025-02-12,Basic,73.05
9193,Nico Quinn,nico.quinn9193@example.com,Netherlands,2022-02-15,Standard,678.32
9194,Ava Vale,ava.vale9194@example.com,Japan,2022-08-02,Basic,13.90
9195,Silas Frost,silas.frost9195@example.com,India,2024-11-23,Basic,139.20
9196,Ava Quinn,ava.quinn9196@example.com,Germany,2026-04-17,Standard,346.08
9197,Arlo Cole,arlo.cole9197@example.com,United States,2023-10-15,Basic,23.08
9198,Ethan Finn,ethan.finn9198@example.com,France,2025-08-15,Standard,379.60
9199,Leo Drew,leo.drew9199@example.com,Germany,2023-02-13,Basic,162.58
9200,Theo Bell,theo.bell9200@example.com,Australia,2026-03-22,Premium,4214.48
9201,Caleb Nash,caleb.nash9201@example.com,United States,2026-07-03,Basic,101.09
9202,Owen Bell,owen.bell9202@example.com,United States,2023-02-14,Basic,194.91
9203,Leo Tate,leo.tate9203@example.com,Australia,2026-07-02,Basic,18.18
9204,Chloe Bell,chloe.bell9204@example.com,Canada,2023-11-13,Standard,487.84
9205,Ava Brooks,ava.brooks9205@example.com,United States,2026-03-16,Basic,104.42
9206,Jonah Snow,jonah.snow9206@example.com,Australia,2026-08-04,Basic,125.75
9207,Iris Brooks,iris.brooks9207@example.com,Canada,2024-07-15,Basic,68.47
9208,Ivy Pike,ivy.pike9208@example.com,United States,2023-06-03,Premium,2973.39
9209,Ruby Quinn,ruby.quinn9209@example.com,India,2022-07-10,Basic,142.39
9210,Hugo Cole,hugo.cole9210@example.com,United Kingdom,2024-05-01,Standard,134.39
9211,Piper Drew,piper.drew9211@example.com,India,2026-06-18,Standard,254.81
9212,Iris Drew,iris.drew9212@example.com,Canada,2025-01-22,Basic,112.07
9213,Mia Vale,mia.vale9213@example.com,India,2025-10-27,Standard,524.06
9214,Hugo York,hugo.york9214@example.com,United States,2024-03-03,Standard,139.54
9215,Ruby West,ruby.west9215@example.com,United States,2024-10-05,Basic,83.53
9216,Mila Quinn,mila.quinn9216@example.com,United Kingdom,2026-01-26,Standard,128.89
9217,Noah Tate,noah.tate9217@example.com,United States,2024-04-24,Basic,167.36
9218,Silas Blair,silas.blair9218@example.com,India,2025-05-14,Basic,139.79
9219,Wren Nash,wren.nash9219@example.com,United States,2026-07-12,Standard,779.88
9220,Jonah York,jonah.york9220@example.com,United Kingdom,2022-01-01,Standard,225.72
9221,Owen Frost,owen.frost9221@example.com,Germany,2022-09-06,Basic,92.77
9222,Leo Walsh,leo.walsh9222@example.com,Canada,2025-09-11,Basic,2.13
9223,Mila Nash,mila.nash9223@example.com,India,2024-05-06,Standard,516.71
9224,Silas Tate,silas.tate9224@example.com,Canada,2023-12-02,Standard,287.02
9225,Sadie Cole,sadie.cole9225@example.com,United Kingdom,2024-01-12,Basic,127.30
9226,Ethan Vale,ethan.vale9226@example.com,United States,2025-10-12,Standard,388.76
9227,Ava Cole,ava.cole9227@example.com,France,2024-11-10,Basic,187.56
9228,Owen Finn,owen.finn9228@example.com,Australia,2023-11-06,Standard,360.46
9229,Ella Hale,ella.hale9229@example.com,Netherlands,2023-01-07,Standard,114.34
9230,Nico Dunn,nico.dunn9230@example.com,United States,2023-06-11,Standard,390.74
9231,Jonah West,jonah.west9231@example.com,Germany,2025-12-22,Standard,313.30
9232,Asher Hale,asher.hale9232@example.com,India,2022-01-23,Basic,22.30
9233,Theo Lang,theo.lang9233@example.com,Canada,2025-11-16,Basic,198.79
9234,Ethan Tate,ethan.tate9234@example.com,United States,2023-05-07,Standard,720.35
9235,Theo Lane,theo.lane9235@example.com,United States,2024-11-29,Basic,147.69
9236,Mia West,mia.west9236@example.com,India,2024-11-26,Basic,76.46
9237,Ruby Gray,ruby.gray9237@example.com,India,2023-04-06,Basic,8.07
9238,Zoe Tate,zoe.tate9238@example.com,India,2024-08-12,Standard,364.65
9239,Theo Lane,theo.lane9239@example.com,Brazil,2022-12-28,Standard,417.39
9240,Noah Nash,noah.nash9240@example.com,Mexico,2023-06-16,Standard,752.04
9241,Mila Hart,mila.hart9241@example.com,Canada,2024-12-11,Standard,554.93
9242,Iris Lang,iris.lang9242@example.com,Australia,2025-02-16,Basic,15.32
9243,Theo Kerr,theo.kerr9243@example.com,United States,2023-06-07,Standard,278.19
9244,Jonah Reed,jonah.reed9244@example.com,Japan,2022-08-01,Standard,196.05
9245,Leo Vale,leo.vale9245@example.com,United States,2026-05-21,Standard,753.87
9246,Mia Lane,mia.lane9246@example.com,United States,2024-04-06,Basic,51.39
9247,Mia Lang,mia.lang9247@example.com,United Kingdom,2024-08-28,Standard,162.46
9248,Owen Lang,owen.lang9248@example.com,Germany,2022-05-10,Standard,432.42
9249,Ava Kerr,ava.kerr9249@example.com,United States,2022-06-04,Standard,796.01
9250,Iris Tate,iris.tate9250@example.com,Canada,2026-05-06,Premium,4266.09
9251,Liam Shaw,liam.shaw9251@example.com,India,2025-09-15,Standard,570.50
9252,Asher Lang,asher.lang9252@example.com,India,2025-08-09,Standard,615.68
9253,Jonah Young,jonah.young9253@example.com,United States,2026-02-17,Basic,24.90
9254,Lila Nash,lila.nash9254@example.com,Germany,2025-07-12,Standard,287.69
9255,Zoe Drew,zoe.drew9255@example.com,Australia,2025-02-04,Standard,605.23
9256,Chloe Brooks,chloe.brooks9256@example.com,Canada,2024-03-14,Basic,145.20
9257,Mia Gray,mia.gray9257@example.com,Australia,2024-01-06,Standard,653.26
9258,Asher Nash,asher.nash9258@example.com,Germany,2025-11-17,Standard,276.14
9259,Ivy Lane,ivy.lane9259@example.com,France,2022-04-23,Basic,8.48
9260,Silas Finn,silas.finn9260@example.com,India,2023-04-02,Standard,628.65
9261,Owen Drew,owen.drew9261@example.com,United States,2023-08-09,Standard,676.95
9262,Wren West,wren.west9262@example.com,United States,2022-05-15,Basic,113.33
9263,Jade Lane,jade.lane9263@example.com,United States,2023-01-06,Standard,136.78
9264,Theo Walsh,theo.walsh9264@example.com,United Kingdom,2024-06-29,Basic,30.17
9265,Silas Finn,silas.finn9265@example.com,Canada,2022-02-23,Basic,142.47
9266,Chloe York,chloe.york9266@example.com,Mexico,2025-05-25,Basic,64.69
9267,Wren West,wren.west9267@example.com,United States,2024-03-12,Premium,2060.99
9268,Nora Cole,nora.cole9268@example.com,United States,2023-08-30,Standard,261.48
9269,Leo Lane,leo.lane9269@example.com,Brazil,2024-01-09,Basic,80.22
9270,Owen Kerr,owen.kerr9270@example.com,India,2022-12-25,Basic,29.01
9271,Noah Walsh,noah.walsh9271@example.com,Spain,2025-11-30,Standard,578.87
9272,Chloe Lane,chloe.lane9272@example.com,France,2023-08-22,Basic,189.83
9273,Sadie Hale,sadie.hale9273@example.com,Japan,2026-04-12,Standard,638.51
9274,Jonah Brooks,jonah.brooks9274@example.com,India,2024-09-10,Standard,52.44
9275,Leo Shaw,leo.shaw9275@example.com,India,2024-01-28,Standard,773.33
9276,Ivy Reed,ivy.reed9276@example.com,Brazil,2026-06-30,Premium,1634.57
9277,Nora Frost,nora.frost9277@example.com,Japan,2023-01-31,Standard,569.11
9278,Nico York,nico.york9278@example.com,Germany,2026-07-04,Standard,352.05
9279,Miles Bell,miles.bell9279@example.com,Canada,2023-09-08,Standard,458.81
9280,Hugo Frost,,Germany,2022-08-28,Basic,9.94
9281,Felix Pike,felix.pike9281@example.com,United States,2022-09-28,Basic,135.17
9282,Nico Vale,nico.vale9282@example.com,France,2025-07-21,Basic,8.88
9283,Ella Tate,ella.tate9283@example.com,United States,2022-10-15,Basic,190.23
9284,Caleb Nash,caleb.nash9284@example.com,Brazil,2026-03-29,Standard,150.09
9285,Mia Finn,mia.finn9285@example.com,United States,2023-06-22,Basic,69.62
9286,Piper Park,piper.park9286@example.com,United Kingdom,2024-06-01,Basic,197.28
9287,Felix York,felix.york9287@example.com,United States,2025-03-25,Standard,321.38
9288,Lila York,lila.york9288@example.com,United States,2022-10-11,Standard,74.27
9289,Ivy Bell,ivy.bell9289@example.com,France,2024-10-31,Standard,301.61
9290,Sadie Park,sadie.park9290@example.com,France,2022-03-25,Basic,34.35
9291,Leo Young,leo.young9291@example.com,Australia,2026-05-18,Premium,4052.39
9292,Leo Finn,leo.finn9292@example.com,United Kingdom,2024-05-22,Standard,153.05
9293,Miles Cruz,miles.cruz9293@example.com,United States,2025-07-10,Basic,127.22
9294,Lila Brooks,lila.brooks9294@example.com,United States,2026-01-29,Basic,10.09
9295,Ava West,ava.west9295@example.com,India,2025-11-28,Basic,88.50
9296,Nico Shaw,nico.shaw9296@example.com,United States,2025-12-06,Standard,312.88
9297,Liam Tate,liam.tate9297@example.com,United States,2023-05-08,Basic,136.40
9298,Ava Zane,ava.zane9298@example.com,United States,2023-01-16,Standard,184.16
9299,Hugo Young,hugo.young9299@example.com,Netherlands,2023-12-06,Premium,1894.94
9300,Sadie Lane,sadie.lane9300@example.com,India,2025-08-17,Standard,220.46
9301,Sadie Quinn,sadie.quinn9301@example.com,Germany,2026-02-15,Basic,35.31
9302,Asher Pike,asher.pike9302@example.com,Mexico,2025-06-26,Basic,15.46
9303,Asher West,asher.west9303@example.com,United Kingdom,2022-05-15,Premium,3069.56
9304,Piper Shaw,piper.shaw9304@example.com,India,2022-09-21,Standard,73.68
9305,Arlo Tate,arlo.tate9305@example.com,Mexico,2023-09-12,Basic,177.61
9306,Piper Blair,piper.blair9306@example.com,United States,2025-03-13,Basic,8.94
9307,Jade Young,jade.young9307@example.com,Canada,2024-11-30,Basic,4.45
9308,Liam Park,liam.park9308@example.com,Brazil,2026-08-15,Premium,3968.87
9309,Ivy Lang,ivy.lang9309@example.com,Australia,2023-08-21,Standard,325.52
9310,Asher Frost,asher.frost9310@example.com,Japan,2023-02-05,Standard,399.63
9311,Jade Finn,jade.finn9311@example.com,United States,2022-01-07,Standard,592.70
9312,Noah Walsh,noah.walsh9312@example.com,United Kingdom,2026-07-05,Standard,87.97
9313,Leo Cole,leo.cole9313@example.com,India,2024-06-03,Standard,276.47
9314,Arlo Frost,arlo.frost9314@example.com,Mexico,2025-01-24,Basic,184.03
9315,Piper Kerr,piper.kerr9315@example.com,Germany,2026-06-26,Basic,98.44
9316,Asher York,asher.york9316@example.com,Canada,2025-02-03,Premium,4175.18
9317,Nora Lane,nora.lane9317@example.com,Mexico,2025-10-31,Standard,580.21
9318,Sadie Lang,sadie.lang9318@example.com,India,2022-03-06,Standard,486.47
9319,Jade Park,jade.park9319@example.com,Canada,2026-06-12,Standard,429.06
9320,Liam Quinn,liam.quinn9320@example.com,France,2024-01-27,Basic,65.21
9321,Sadie Walsh,sadie.walsh9321@example.com,United States,2025-08-11,Standard,146.46
9322,Iris Pike,iris.pike9322@example.com,Canada,2024-06-21,Basic,8.70
9323,Asher West,asher.west9323@example.com,United Kingdom,2022-05-29,Basic,166.25
9324,Arlo Tate,arlo.tate9324@example.com,Germany,2024-02-15,Standard,745.52
9325,Jade Kerr,jade.kerr9325@example.com,India,2023-01-23,Premium,3677.74
9326,Ruby Nash,ruby.nash9326@example.com,United States,2026-06-12,Standard,724.72
9327,Felix Hale,felix.hale9327@example.com,Mexico,2023-10-31,Standard,757.56
9328,Wren Gray,wren.gray9328@example.com,Germany,2023-02-14,Standard,763.46
9329,Noah Blair,noah.blair9329@example.com,United States,2026-09-18,Standard,320.20
9330,Mila Quinn,mila.quinn9330@example.com,United Kingdom,2025-02-04,Standard,777.40
9331,Miles Dunn,miles.dunn9331@example.com,United Kingdom,2023-12-28,Standard,319.02
9332,Iris Brooks,iris.brooks9332@example.com,Germany,2025-02-02,Standard,151.76
9333,Silas Blair,silas.blair9333@example.com,United States,2025-04-28,Standard,507.53
9334,Iris Gray,iris.gray9334@example.com,United States,2023-10-17,Premium,800.38
9335,Hugo Quinn,hugo.quinn9335@example.com,United States,2025-12-24,Standard,556.31
9336,Mia York,mia.york9336@example.com,United States,2023-07-20,Basic,168.65
9337,Wren Moss,wren.moss9337@example.com,Australia,2026-01-22,Standard,227.16
9338,Felix Blair,felix.blair9338@example.com,Germany,2022-08-01,Basic,2.75
9339,Nico Lang,nico.lang9339@example.com,India,2022-12-05,Standard,467.23
9340,Nora Young,nora.young9340@example.com,France,2022-10-27,Standard,473.61
9341,Wren Moss,wren.moss9341@example.com,United States,2022-07-27,Standard,253.64
9342,Felix Kerr,felix.kerr9342@example.com,India,2025-03-01,Basic,177.62
9343,Chloe Brooks,chloe.brooks9343@example.com,Japan,2025-06-07,Premium,1500.11
9344,Felix Nash,felix.nash9344@example.com,United States,2023-06-08,Standard,191.38
9345,Jonah Snow,jonah.snow9345@example.com,United States,2023-09-23,Standard,725.16
9346,Owen Reed,owen.reed9346@example.com,India,2025-05-11,Standard,582.44
9347,Hugo Lane,hugo.lane9347@example.com,United States,2025-10-18,Basic,134.78
9348,Wren Quinn,wren.quinn9348@example.com,Canada,2026-06-02,Standard,591.23
9349,Iris Dunn,iris.dunn9349@example.com,United States,2025-12-10,Standard,129.09
9350,Ava Quinn,ava.quinn9350@example.com,India,2023-03-26,Premium,4149.02
9351,Ava Walsh,ava.walsh9351@example.com,France,2024-02-21,Standard,492.05
9352,Leo Gray,leo.gray9352@example.com,Australia,2023-05-19,Basic,61.19
9353,Owen Cruz,owen.cruz9353@example.com,Japan,2023-01-29,Basic,127.21
9354,Lila Frost,lila.frost9354@example.com,United States,2023-07-31,Premium,2560.87
9355,Jade Reed,jade.reed9355@example.com,Germany,2026-03-16,Standard,687.88
9356,Ruby Hale,ruby.hale9356@example.com,United States,2023-02-14,Standard,721.66
9357,Felix West,felix.west9357@example.com,India,2022-01-28,Basic,112.30
9358,Hugo Finn,hugo.finn9358@example.com,Australia,2026-02-02,Standard,404.32
9359,Ethan Bell,ethan.bell9359@example.com,Canada,2023-04-19,Standard,570.68
9360,Zoe Lane,zoe.lane9360@example.com,Germany,2022-06-25,Basic,8.61
9361,Iris Bell,iris.bell9361@example.com,Germany,2022-09-08,Standard,116.07
9362,Wren Moss,wren.moss9362@example.com,Netherlands,2023-12-18,Standard,653.67
9363,Jade West,jade.west9363@example.com,India,2026-03-16,Standard,160.20
9364,Leo Lane,leo.lane9364@example.com,France,2025-04-29,Standard,518.30
9365,Iris Snow,iris.snow9365@example.com,Australia,2023-06-09,Standard,373.50
9366,Piper Lane,piper.lane9366@example.com,United States,2023-02-11,Standard,218.05
9367,Theo Frost,theo.frost9367@example.com,India,2024-09-09,Standard,274.88
9368,Sadie Cruz,sadie.cruz9368@example.com,United States,2022-11-14,Premium,3736.00
9369,Mia Gray,mia.gray9369@example.com,Mexico,2024-02-26,Basic,103.00
9370,Mila Walsh,mila.walsh9370@example.com,United States,2023-06-23,Basic,47.71
9371,Noah Frost,noah.frost9371@example.com,Japan,2024-11-22,Standard,195.77
9372,Owen Walsh,owen.walsh9372@example.com,Spain,2024-02-17,Standard,229.81
9373,Hugo Moss,hugo.moss9373@example.com,United States,2022-10-11,Standard,417.82
9374,Nico Quinn,nico.quinn9374@example.com,United States,2022-08-20,Standard,326.47
9375,Mia Frost,mia.frost9375@example.com,Japan,2023-01-14,Standard,159.64
9376,Caleb Cole,caleb.cole9376@example.com,Germany,2025-10-20,Standard,86.42
9377,Nico Moss,nico.moss9377@example.com,Netherlands,2022-10-10,Standard,224.50
9378,Jade York,jade.york9378@example.com,United States,2025-09-14,Basic,41.57
9379,Miles Brooks,miles.brooks9379@example.com,France,2024-03-29,Basic,155.00
9380,Asher Dunn,asher.dunn9380@example.com,Germany,2024-07-10,Basic,60.23
9381,Leo Pike,leo.pike9381@example.com,Canada,2026-05-16,Basic,100.17
9382,Mia Quinn,mia.quinn9382@example.com,United States,2024-07-06,Standard,619.45
9383,Silas Frost,silas.frost9383@example.com,Canada,2022-12-10,Standard,636.18
9384,Iris Pike,iris.pike9384@example.com,France,2024-11-02,Standard,84.45
9385,Noah Vale,noah.vale9385@example.com,United States,2023-08-02,Premium,3116.73
9386,Nora Brooks,nora.brooks9386@example.com,India,2025-07-24,Basic,60.29
9387,Zoe Brooks,zoe.brooks9387@example.com,United States,2026-06-03,Premium,4860.46
9388,Jonah Tate,jonah.tate9388@example.com,United States,2023-08-01,Basic,46.65
9389,Zoe Kerr,zoe.kerr9389@example.com,France,2023-04-03,Standard,358.63
9390,Piper Kerr,piper.kerr9390@example.com,United States,2025-02-04,Basic,28.08
9391,Silas Frost,silas.frost9391@example.com,United States,2022-06-02,Standard,615.41
9392,Ella Lang,ella.lang9392@example.com,Brazil,2024-08-23,Basic,100.72
9393,Felix Frost,felix.frost9393@example.com,Canada,2024-09-23,Basic,12.99
9394,Jonah Walsh,jonah.walsh9394@example.com,Mexico,2026-07-11,Premium,4262.20
9395,Sadie Lane,sadie.lane9395@example.com,Japan,2022-08-30,Basic,121.26
9396,Jonah Cruz,jonah.cruz9396@example.com,United States,2025-04-08,Basic,19.67
9397,Arlo Blair,arlo.blair9397@example.com,United Kingdom,2024-01-26,Standard,726.04
9398,Ella Hart,ella.hart9398@example.com,United Kingdom,2023-03-07,Standard,578.49
9399,Nico Reed,nico.reed9399@example.com,United Kingdom,2026-06-21,Basic,166.94
9400,Theo Lang,theo.lang9400@example.com,India,2026-02-26,Basic,190.30
9401,Nico Blair,nico.blair9401@example.com,Japan,2024-08-03,Standard,772.76
9402,Jonah Moss,jonah.moss9402@example.com,Germany,2022-02-17,Basic,116.97
9403,Piper Kerr,piper.kerr9403@example.com,United States,2026-08-05,Standard,702.37
9404,Lila Drew,lila.drew9404@example.com,United States,2022-05-04,Standard,254.66
9405,Hugo York,hugo.york9405@example.com,India,2025-05-18,Basic,83.71
9406,Ethan Drew,ethan.drew9406@example.com,United States,2025-05-29,Standard,318.55
9407,Ella Pike,ella.pike9407@example.com,United States,2023-09-26,Standard,756.12
9408,Mila Pike,mila.pike9408@example.com,India,2022-08-28,Basic,39.16
9409,Theo Bell,theo.bell9409@example.com,United States,2022-12-12,Premium,4378.82
9410,Jonah Kerr,jonah.kerr9410@example.com,United States,2026-08-14,Standard,633.79
9411,Chloe Frost,chloe.frost9411@example.com,Canada,2024-11-26,Standard,432.31
9412,Leo Kerr,leo.kerr9412@example.com,Brazil,2025-11-17,Standard,367.65
9413,Piper Gray,piper.gray9413@example.com,Australia,2026-08-26,Standard,731.53
9414,Liam Lane,liam.lane9414@example.com,United Kingdom,2023-08-07,Standard,208.47
9415,Wren Blair,wren.blair9415@example.com,United States,2026-04-21,Basic,115.31
9416,Nora Hale,nora.hale9416@example.com,Canada,2026-07-12,Standard,89.18
9417,Hugo Vale,hugo.vale9417@example.com,India,2024-09-02,Standard,629.29
9418,Piper Brooks,piper.brooks9418@example.com,Australia,2024-02-04,Basic,110.55
9419,Ivy Hart,ivy.hart9419@example.com,United States,2023-02-06,Basic,34.03
9420,Mila Zane,mila.zane9420@example.com,United States,2022-12-19,Standard,510.64
9421,Sadie Reed,sadie.reed9421@example.com,United States,2025-07-06,Premium,3405.71
9422,Leo Pike,leo.pike9422@example.com,United States,2022-04-18,Standard,530.67
9423,Leo Lane,leo.lane9423@example.com,Netherlands,2022-11-29,Basic,106.99
9424,Nico Tate,nico.tate9424@example.com,Germany,2025-07-23,Premium,3288.10
9425,Leo Shaw,leo.shaw9425@example.com,Netherlands,2024-04-06,Standard,453.74
9426,Arlo Nash,arlo.nash9426@example.com,India,2023-03-19,Basic,143.44
9427,Caleb Nash,caleb.nash9427@example.com,United States,2022-11-12,Standard,81.02
9428,Ethan Nash,ethan.nash9428@example.com,United States,2024-05-06,Premium,2033.91
9429,Jade Dunn,jade.dunn9429@example.com,Canada,2024-02-10,Standard,496.24
9430,Ethan Kerr,ethan.kerr9430@example.com,Japan,2025-11-07,Premium,1060.22
9431,Hugo Drew,hugo.drew9431@example.com,Canada,2025-06-29,Standard,588.96
9432,Chloe Cole,chloe.cole9432@example.com,United Kingdom,2022-04-23,Standard,362.76
9433,Ethan Walsh,,United Kingdom,2026-01-15,Basic,63.93
9434,Silas Reed,silas.reed9434@example.com,India,2024-05-15,Premium,4318.32
9435,Leo Brooks,leo.brooks9435@example.com,France,2025-07-10,Standard,198.78
9436,Felix Lang,felix.lang9436@example.com,United Kingdom,2025-01-12,Basic,170.34
9437,Ruby Drew,ruby.drew9437@example.com,United States,2024-03-23,Basic,81.93
9438,Sadie Zane,sadie.zane9438@example.com,United States,2026-03-02,Standard,85.72
9439,Silas Brooks,silas.brooks9439@example.com,India,2022-03-09,Basic,176.21
9440,Sadie Pike,sadie.pike9440@example.com,India,2023-09-02,Standard,126.64
9441,Silas Shaw,silas.shaw9441@example.com,Spain,2022-07-17,Standard,525.23
9442,Liam Kerr,liam.kerr9442@example.com,Germany,2022-09-13,Basic,197.36
9443,Ella York,ella.york9443@example.com,United States,2025-03-26,Standard,584.43
9444,Ava Lane,ava.lane9444@example.com,United Kingdom,2022-06-15,Standard,404.69
9445,Felix Snow,felix.snow9445@example.com,Brazil,2023-01-03,Standard,92.99
9446,Jonah Tate,jonah.tate9446@example.com,United Kingdom,2022-06-11,Premium,4642.02
9447,Felix Brooks,felix.brooks9447@example.com,Canada,2022-12-06,Basic,46.99
9448,Theo Vale,theo.vale9448@example.com,Netherlands,2025-05-08,Standard,485.78
9449,Arlo Bell,arlo.bell9449@example.com,India,2024-09-23,Standard,434.11
9450,Ethan Cruz,ethan.cruz9450@example.com,United States,2024-09-22,Basic,128.41
9451,Jade Kerr,jade.kerr9451@example.com,Australia,2024-12-21,Standard,640.10
9452,Ivy Young,ivy.young9452@example.com,Brazil,2022-04-28,Standard,204.77
9453,Liam Quinn,liam.quinn9453@example.com,United States,2023-12-18,Basic,56.40
9454,Felix Zane,felix.zane9454@example.com,Spain,2024-12-20,Standard,341.66
9455,Leo Zane,leo.zane9455@example.com,United States,2024-08-11,Basic,161.80
9456,Nora Brooks,nora.brooks9456@example.com,Japan,2026-07-01,Standard,89.28
9457,Ella Gray,ella.gray9457@example.com,United States,2023-07-25,Standard,771.23
9458,Felix Finn,felix.finn9458@example.com,United States,2022-03-12,Standard,415.35
9459,Nico Walsh,nico.walsh9459@example.com,India,2024-05-06,Basic,34.35
9460,Ella Lang,ella.lang9460@example.com,United Kingdom,2023-09-29,Basic,42.53
9461,Chloe Dunn,chloe.dunn9461@example.com,Australia,2025-03-15,Standard,664.50
9462,Noah Nash,noah.nash9462@example.com,Brazil,2025-10-04,Standard,549.22
9463,Mia Lang,mia.lang9463@example.com,Japan,2026-04-02,Standard,95.60
9464,Caleb York,caleb.york9464@example.com,United States,2022-11-01,Basic,140.00
9465,Felix Park,felix.park9465@example.com,Mexico,2023-06-24,Standard,435.02
9466,Mia Dunn,mia.dunn9466@example.com,India,2023-06-28,Basic,65.01
9467,Jonah Vale,jonah.vale9467@example.com,United States,2025-09-14,Basic,135.80
9468,Chloe Zane,chloe.zane9468@example.com,United Kingdom,2023-02-26,Basic,105.31
9469,Miles Park,miles.park9469@example.com,United States,2024-07-12,Basic,61.22
9470,Mila Drew,mila.drew9470@example.com,United States,2023-10-29,Standard,570.64
9471,Ava Frost,ava.frost9471@example.com,Brazil,2024-01-02,Standard,163.27
9472,Mia Dunn,mia.dunn9472@example.com,Netherlands,2023-10-18,Standard,565.00
9473,Hugo Cole,hugo.cole9473@example.com,United States,2024-04-07,Standard,685.98
9474,Asher Quinn,asher.quinn9474@example.com,United States,2024-10-03,Basic,166.68
9475,Nora Walsh,nora.walsh9475@example.com,France,2022-12-17,Standard,645.20
9476,Ethan Snow,ethan.snow9476@example.com,United States,2025-05-07,Basic,95.41
9477,Zoe Park,zoe.park9477@example.com,Brazil,2025-05-27,Standard,236.16
9478,Arlo Moss,arlo.moss9478@example.com,United States,2025-02-04,Standard,630.75
9479,Nora Snow,nora.snow9479@example.com,Spain,2024-03-10,Basic,28.38
9480,Jonah Pike,jonah.pike9480@example.com,Germany,2022-11-24,Standard,388.62
9481,Nico Zane,nico.zane9481@example.com,Japan,2026-08-03,Basic,170.54
9482,Nico Young,nico.young9482@example.com,Canada,2024-10-20,Standard,783.51
9483,Ivy Cole,ivy.cole9483@example.com,United Kingdom,2024-11-18,Basic,65.87
9484,Hugo Tate,hugo.tate9484@example.com,Germany,2023-03-23,Basic,128.57
9485,Nico Gray,nico.gray9485@example.com,Japan,2025-03-26,Premium,1456.86
9486,Nico Pike,nico.pike9486@example.com,Canada,2025-08-12,Standard,728.51
9487,Ava Cruz,ava.cruz9487@example.com,Germany,2024-01-27,Basic,136.66
9488,Nora Cole,nora.cole9488@example.com,United States,2026-07-21,Premium,1250.36
9489,Jonah Moss,jonah.moss9489@example.com,United States,2024-04-17,Premium,3955.12
9490,Wren Hart,wren.hart9490@example.com,Brazil,2025-06-21,Standard,253.67
9491,Theo Brooks,theo.brooks9491@example.com,United States,2026-06-30,Standard,164.02
9492,Ruby Nash,ruby.nash9492@example.com,United States,2024-08-25,Basic,94.59
9493,Chloe Tate,chloe.tate9493@example.com,Japan,2023-04-12,Standard,279.93
9494,Piper Nash,piper.nash9494@example.com,Mexico,2025-12-11,Basic,164.92
9495,Asher Drew,asher.drew9495@example.com,United Kingdom,2022-11-20,Basic,163.42
9496,Wren Shaw,wren.shaw9496@example.com,United States,2023-05-20,Basic,80.78
9497,Ella Lang,ella.lang9497@example.com,Spain,2023-03-15,Standard,235.21
9498,Mila Frost,mila.frost9498@example.com,Germany,2026-06-23,Premium,3200.40
9499,Mia Snow,mia.snow9499@example.com,Japan,2025-06-06,Basic,164.60
9500,Liam Gray,liam.gray9500@example.com,Canada,2022-06-04,Basic,164.22
9501,Ava Dunn,ava.dunn9501@example.com,Japan,2022-03-05,Basic,196.54
9502,Theo Cruz,theo.cruz9502@example.com,United States,2025-07-03,Basic,68.11
9503,Owen Pike,owen.pike9503@example.com,Canada,2023-07-05,Basic,99.00
9504,Nora Tate,nora.tate9504@example.com,Germany,2025-05-18,Standard,389.46
9505,Zoe Pike,zoe.pike9505@example.com,Japan,2025-11-13,Standard,684.87
9506,Ethan Reed,ethan.reed9506@example.com,United States,2023-10-08,Basic,114.13
9507,Owen Nash,owen.nash9507@example.com,India,2024-03-14,Standard,295.88
9508,Mila West,mila.west9508@example.com,Netherlands,2024-06-25,Standard,382.40
9509,Leo Walsh,leo.walsh9509@example.com,Australia,2023-11-24,Premium,4771.96
9510,Iris Park,iris.park9510@example.com,Canada,2025-01-24,Basic,130.73
9511,Ethan Park,ethan.park9511@example.com,Japan,2026-05-24,Basic,106.49
9512,Jade Walsh,jade.walsh9512@example.com,France,2024-05-22,Standard,56.09
9513,Hugo Lane,hugo.lane9513@example.com,United Kingdom,2022-11-02,Basic,188.40
9514,Ella Pike,ella.pike9514@example.com,Netherlands,2024-09-07,Basic,21.52
9515,Felix Quinn,felix.quinn9515@example.com,United States,2022-10-03,Standard,55.00
9516,Chloe Nash,chloe.nash9516@example.com,France,2025-04-08,Standard,164.38
9517,Theo Drew,theo.drew9517@example.com,United Kingdom,2024-01-18,Basic,17.76
9518,Mila Shaw,mila.shaw9518@example.com,Canada,2025-11-24,Basic,166.65
9519,Nora Young,nora.young9519@example.com,Spain,2024-07-27,Basic,137.79
9520,Piper West,piper.west9520@example.com,Australia,2026-03-21,Standard,148.60
9521,Asher Pike,asher.pike9521@example.com,Canada,2024-06-25,Basic,133.02
9522,Noah Lang,noah.lang9522@example.com,United States,2023-07-17,Standard,451.53
9523,Sadie Kerr,sadie.kerr9523@example.com,Japan,2025-11-06,Standard,186.49
9524,Nico Frost,nico.frost9524@example.com,Australia,2026-02-20,Standard,402.48
9525,Ivy Young,ivy.young9525@example.com,Mexico,2023-08-31,Basic,198.93
9526,Liam West,liam.west9526@example.com,Canada,2022-09-03,Standard,702.01
9527,Chloe York,chloe.york9527@example.com,India,2023-07-14,Basic,48.46
9528,Ethan Nash,ethan.nash9528@example.com,United States,2023-09-10,Premium,1187.81
9529,Piper Walsh,piper.walsh9529@example.com,Japan,2024-09-09,Basic,62.84
9530,Lila Quinn,lila.quinn9530@example.com,Brazil,2025-10-29,Basic,188.85
9531,Ava Zane,,Canada,2022-08-01,Standard,644.67
9532,Nora Walsh,nora.walsh9532@example.com,United States,2024-01-19,Premium,3333.50
9533,Owen Lang,owen.lang9533@example.com,United States,2026-02-15,Standard,319.73
9534,Owen Reed,owen.reed9534@example.com,United States,2023-10-06,Standard,321.67
9535,Hugo Lane,hugo.lane9535@example.com,United States,2025-08-24,Premium,2736.03
9536,Hugo Blair,hugo.blair9536@example.com,India,2023-04-07,Basic,21.44
9537,Iris Vale,iris.vale9537@example.com,France,2025-07-19,Basic,21.13
9538,Jade Pike,jade.pike9538@example.com,Japan,2026-04-05,Standard,506.44
9539,Ruby Vale,ruby.vale9539@example.com,India,2023-06-18,Standard,326.79
9540,Owen Zane,owen.zane9540@example.com,Germany,2022-12-07,Standard,474.21
9541,Caleb Walsh,caleb.walsh9541@example.com,Canada,2025-03-16,Standard,234.47
9542,Iris Hale,iris.hale9542@example.com,Canada,2025-01-09,Standard,224.26
9543,Sadie Gray,sadie.gray9543@example.com,India,2023-11-30,Standard,772.28
9544,Iris Brooks,iris.brooks9544@example.com,Germany,2023-09-14,Standard,504.25
9545,Chloe Walsh,chloe.walsh9545@example.com,Canada,2025-11-07,Basic,32.76
9546,Mila Dunn,mila.dunn9546@example.com,Germany,2022-06-24,Basic,139.99
9547,Hugo Reed,hugo.reed9547@example.com,United Kingdom,2025-05-24,Standard,306.21
9548,Liam Zane,liam.zane9548@example.com,United States,2024-05-06,Standard,493.95
9549,Liam Blair,liam.blair9549@example.com,Germany,2024-06-07,Standard,195.46
9550,Silas Cole,silas.cole9550@example.com,India,2024-03-01,Standard,157.13
9551,Miles Walsh,miles.walsh9551@example.com,United States,2023-07-13,Standard,365.89
9552,Owen Vale,owen.vale9552@example.com,Germany,2025-09-30,Basic,77.63
9553,Ella York,ella.york9553@example.com,Germany,2023-06-16,Premium,3036.93
9554,Ava Shaw,ava.shaw9554@example.com,Netherlands,2024-02-07,Standard,363.70
9555,Silas Quinn,silas.quinn9555@example.com,Canada,2024-12-18,Standard,446.59
9556,Nico Hart,nico.hart9556@example.com,Canada,2026-04-26,Basic,147.80
9557,Zoe Finn,zoe.finn9557@example.com,Mexico,2022-04-18,Standard,407.63
9558,Mia Cruz,mia.cruz9558@example.com,Australia,2022-05-14,Standard,188.56
9559,Piper Pike,piper.pike9559@example.com,France,2025-07-19,Basic,148.19
9560,Nora Lang,nora.lang9560@example.com,France,2025-11-14,Basic,84.49
9561,Jonah Drew,jonah.drew9561@example.com,India,2022-08-28,Premium,3685.22
9562,Wren Nash,wren.nash9562@example.com,United Kingdom,2022-09-05,Standard,643.82
9563,Nora Lane,nora.lane9563@example.com,United States,2022-07-30,Basic,142.36
9564,Liam Frost,liam.frost9564@example.com,France,2026-02-10,Basic,89.08
9565,Noah Cole,noah.cole9565@example.com,Germany,2024-02-15,Standard,674.90
9566,Nora Frost,nora.frost9566@example.com,Canada,2025-04-21,Standard,125.25
9567,Sadie Frost,sadie.frost9567@example.com,United States,2025-09-13,Premium,4444.79
9568,Noah Finn,noah.finn9568@example.com,United States,2025-10-18,Standard,123.69
9569,Ivy Bell,ivy.bell9569@example.com,United Kingdom,2024-11-04,Standard,735.31
9570,Ethan Blair,ethan.blair9570@example.com,United States,2025-06-19,Premium,3748.82
9571,Miles York,miles.york9571@example.com,Brazil,2023-09-25,Standard,315.64
9572,Arlo Moss,arlo.moss9572@example.com,India,2024-01-18,Standard,191.65
9573,Nico Finn,nico.finn9573@example.com,India,2024-04-18,Standard,374.05
9574,Lila Moss,lila.moss9574@example.com,Canada,2026-06-29,Standard,244.02
9575,Zoe Lane,zoe.lane9575@example.com,India,2023-07-07,Basic,74.24
9576,Jonah Kerr,jonah.kerr9576@example.com,Canada,2022-12-28,Standard,708.75
9577,Jonah Walsh,jonah.walsh9577@example.com,Japan,2026-07-13,Premium,2792.29
9578,Leo West,leo.west9578@example.com,Australia,2025-05-07,Standard,486.25
9579,Leo Blair,leo.blair9579@example.com,Netherlands,2026-07-11,Standard,112.46
9580,Miles Hale,miles.hale9580@example.com,Australia,2024-10-26,Standard,218.38
9581,Asher Drew,asher.drew9581@example.com,United States,2026-07-01,Standard,130.13
9582,Asher Dunn,asher.dunn9582@example.com,India,2024-12-02,Basic,109.28
9583,Nora Kerr,nora.kerr9583@example.com,United States,2025-04-03,Standard,317.87
9584,Iris Tate,iris.tate9584@example.com,United Kingdom,2023-03-26,Basic,27.90
9585,Caleb Young,caleb.young9585@example.com,United States,2022-11-22,Standard,143.35
9586,Leo Drew,leo.drew9586@example.com,Brazil,2022-03-09,Standard,576.09
9587,Chloe Tate,chloe.tate9587@example.com,United Kingdom,2022-10-20,Standard,771.21
9588,Leo York,leo.york9588@example.com,United Kingdom,2026-05-13,Standard,535.03
9589,Ethan Lang,ethan.lang9589@example.com,Germany,2025-11-15,Basic,152.45
9590,Arlo Snow,arlo.snow9590@example.com,United Kingdom,2024-08-03,Premium,2759.71
9591,Ella Zane,ella.zane9591@example.com,Japan,2022-04-13,Basic,148.36
9592,Silas Hale,silas.hale9592@example.com,France,2025-05-29,Basic,160.07
9593,Nora Quinn,nora.quinn9593@example.com,United States,2022-02-27,Basic,129.50
9594,Iris Gray,iris.gray9594@example.com,Japan,2022-07-21,Standard,420.86
9595,Ava York,ava.york9595@example.com,Japan,2023-04-13,Standard,417.64
9596,Silas Shaw,silas.shaw9596@example.com,India,2023-07-11,Premium,1120.46
9597,Iris Lang,iris.lang9597@example.com,United States,2022-11-10,Premium,3454.83
9598,Zoe Nash,zoe.nash9598@example.com,United States,2023-10-13,Premium,961.58
9599,Mila Kerr,mila.kerr9599@example.com,United States,2023-01-03,Standard,516.48
9600,Noah Quinn,noah.quinn9600@example.com,United States,2024-06-22,Basic,84.12
9601,Jade Hale,jade.hale9601@example.com,Canada,2025-06-17,Basic,187.49
9602,Noah Kerr,noah.kerr9602@example.com,United Kingdom,2022-09-17,Standard,365.40
9603,Jonah Bell,jonah.bell9603@example.com,Australia,2023-06-02,Standard,698.19
9604,Leo York,leo.york9604@example.com,United Kingdom,2024-02-11,Basic,178.31
9605,Caleb Frost,caleb.frost9605@example.com,Canada,2023-02-05,Standard,326.21
9606,Wren Cole,wren.cole9606@example.com,Brazil,2025-02-16,Basic,178.26
9607,Jade Frost,jade.frost9607@example.com,Brazil,2023-12-03,Basic,21.69
9608,Sadie Zane,sadie.zane9608@example.com,India,2025-02-23,Premium,1547.68
9609,Silas Brooks,silas.brooks9609@example.com,United Kingdom,2023-03-03,Standard,103.92
9610,Liam Shaw,liam.shaw9610@example.com,Canada,2026-04-28,Basic,83.45
9611,Felix West,felix.west9611@example.com,Japan,2022-03-26,Basic,65.97
9612,Leo Gray,leo.gray9612@example.com,United States,2023-08-19,Basic,38.91
9613,Jonah Hale,jonah.hale9613@example.com,Brazil,2023-02-03,Standard,317.24
9614,Caleb Kerr,caleb.kerr9614@example.com,United States,2026-03-18,Basic,13.91
9615,Mila Kerr,mila.kerr9615@example.com,Netherlands,2022-08-16,Basic,179.25
9616,Hugo Tate,hugo.tate9616@example.com,Mexico,2025-07-05,Standard,746.40
9617,Ethan Quinn,ethan.quinn9617@example.com,India,2024-06-07,Basic,61.71
9618,Sadie Reed,sadie.reed9618@example.com,United States,2024-02-10,Basic,151.16
9619,Piper Hale,piper.hale9619@example.com,India,2025-09-16,Standard,85.74
9620,Theo Snow,theo.snow9620@example.com,United States,2023-04-28,Basic,177.49
9621,Theo Cole,theo.cole9621@example.com,Mexico,2025-10-24,Basic,157.17
9622,Arlo Hart,arlo.hart9622@example.com,United States,2025-10-04,Basic,116.61
9623,Chloe Finn,chloe.finn9623@example.com,United States,2024-01-03,Basic,138.63
9624,Caleb Drew,caleb.drew9624@example.com,Netherlands,2025-05-25,Basic,62.01
9625,Leo Frost,leo.frost9625@example.com,Canada,2023-01-14,Basic,171.49
9626,Ella Cole,ella.cole9626@example.com,France,2024-03-14,Standard,263.04
9627,Caleb Snow,caleb.snow9627@example.com,United States,2024-10-25,Premium,4182.54
9628,Ruby Finn,ruby.finn9628@example.com,United States,2024-08-30,Standard,502.20
9629,Asher Quinn,asher.quinn9629@example.com,United States,2022-04-01,Standard,80.89
9630,Piper Blair,piper.blair9630@example.com,United Kingdom,2024-09-08,Standard,231.45
9631,Lila Young,lila.young9631@example.com,United States,2023-11-28,Standard,358.74
9632,Sadie Gray,sadie.gray9632@example.com,Brazil,2022-07-03,Basic,8.04
9633,Ella West,ella.west9633@example.com,United States,2023-03-13,Basic,170.29
9634,Ethan Vale,ethan.vale9634@example.com,Mexico,2026-08-07,Standard,333.64
9635,Mila Frost,mila.frost9635@example.com,United States,2022-12-31,Standard,443.14
9636,Sadie Pike,sadie.pike9636@example.com,Australia,2025-12-13,Standard,274.48
9637,Owen Cruz,owen.cruz9637@example.com,United Kingdom,2023-11-10,Standard,289.10
9638,Ava Quinn,ava.quinn9638@example.com,Netherlands,2025-07-23,Premium,4166.71
9639,Jade Kerr,jade.kerr9639@example.com,India,2025-10-21,Basic,101.61
9640,Caleb Park,caleb.park9640@example.com,Japan,2024-10-03,Standard,235.07
9641,Ava Vale,ava.vale9641@example.com,United Kingdom,2026-06-24,Standard,770.06
9642,Nico Vale,nico.vale9642@example.com,United States,2022-10-03,Premium,1391.61
9643,Liam Lang,liam.lang9643@example.com,Canada,2025-06-14,Basic,17.90
9644,Zoe Moss,zoe.moss9644@example.com,India,2025-07-08,Basic,195.62
9645,Lila Cole,lila.cole9645@example.com,United States,2023-03-04,Standard,280.61
9646,Ava Kerr,ava.kerr9646@example.com,India,2023-04-16,Standard,688.03
9647,Zoe Bell,zoe.bell9647@example.com,United States,2022-11-04,Basic,195.77
9648,Chloe Reed,chloe.reed9648@example.com,Japan,2024-07-06,Standard,478.25
9649,Leo Young,leo.young9649@example.com,United States,2023-03-16,Basic,151.81
9650,Noah Gray,noah.gray9650@example.com,India,2024-05-23,Premium,4537.67
9651,Arlo Zane,arlo.zane9651@example.com,United States,2025-12-08,Basic,7.56
9652,Silas Reed,silas.reed9652@example.com,United States,2024-03-03,Standard,612.84
9653,Miles Tate,miles.tate9653@example.com,Australia,2022-08-30,Standard,265.26
9654,Jonah Frost,jonah.frost9654@example.com,United States,2023-03-02,Standard,330.60
9655,Caleb Moss,caleb.moss9655@example.com,India,2025-02-24,Standard,282.10
9656,Piper Finn,piper.finn9656@example.com,Spain,2023-12-19,Basic,130.33
9657,Ethan Quinn,ethan.quinn9657@example.com,United States,2026-01-25,Standard,477.51
9658,Nico Finn,nico.finn9658@example.com,Brazil,2025-03-06,Premium,2093.54
9659,Nico Frost,nico.frost9659@example.com,United Kingdom,2024-01-17,Premium,1590.73
9660,Mila Vale,mila.vale9660@example.com,United States,2024-07-14,Standard,778.28
9661,Arlo Kerr,arlo.kerr9661@example.com,United States,2024-05-04,Basic,95.71
9662,Mila Bell,mila.bell9662@example.com,Canada,2023-10-01,Standard,702.35
9663,Miles Shaw,miles.shaw9663@example.com,Brazil,2023-10-25,Standard,700.98
9664,Jonah Lang,jonah.lang9664@example.com,United States,2024-04-13,Premium,2415.51
9665,Wren Brooks,wren.brooks9665@example.com,France,2026-05-05,Standard,592.05
9666,Arlo Drew,arlo.drew9666@example.com,United States,2024-02-06,Basic,191.98
9667,Piper Hart,piper.hart9667@example.com,United States,2023-11-10,Standard,591.10
9668,Lila Vale,lila.vale9668@example.com,Brazil,2024-05-19,Premium,1875.41
9669,Ella Finn,ella.finn9669@example.com,United Kingdom,2026-02-02,Standard,764.94
9670,Noah Snow,noah.snow9670@example.com,India,2024-04-14,Basic,2.20
9671,Iris Gray,iris.gray9671@example.com,Germany,2026-05-21,Standard,290.56
9672,Lila Moss,lila.moss9672@example.com,United Kingdom,2024-05-05,Premium,1245.63
9673,Mila Vale,mila.vale9673@example.com,Brazil,2025-07-13,Standard,263.33
9674,Ava Gray,ava.gray9674@example.com,United States,2022-12-24,Standard,194.05
9675,Ethan Park,ethan.park9675@example.com,United States,2022-01-26,Basic,57.19
9676,Sadie Tate,sadie.tate9676@example.com,United Kingdom,2025-12-04,Basic,125.25
9677,Jade Tate,jade.tate9677@example.com,Germany,2023-05-14,Standard,474.91
9678,Hugo Walsh,hugo.walsh9678@example.com,United Kingdom,2024-08-08,Basic,86.36
9679,Sadie West,sadie.west9679@example.com,United States,2025-10-04,Standard,177.85
9680,Zoe Hale,zoe.hale9680@example.com,United Kingdom,2024-01-28,Standard,784.40
9681,Asher Cole,asher.cole9681@example.com,France,2023-04-03,Basic,74.39
9682,Nora Bell,nora.bell9682@example.com,United Kingdom,2025-06-01,Basic,197.57
9683,Felix Finn,felix.finn9683@example.com,United States,2025-04-24,Basic,113.85
9684,Owen Moss,owen.moss9684@example.com,Australia,2025-05-13,Basic,111.32
9685,Zoe Nash,zoe.nash9685@example.com,Germany,2025-10-23,Standard,471.64
9686,Mia Nash,mia.nash9686@example.com,France,2022-04-01,Basic,21.54
9687,Theo Quinn,theo.quinn9687@example.com,United Kingdom,2025-03-23,Standard,649.67
9688,Owen Park,owen.park9688@example.com,United States,2025-05-28,Premium,2719.16
9689,Owen Blair,owen.blair9689@example.com,United States,2025-01-16,Standard,176.22
9690,Arlo West,arlo.west9690@example.com,Australia,2023-08-01,Premium,4026.13
9691,Mila Lane,mila.lane9691@example.com,Canada,2022-07-28,Standard,642.81
9692,Jade Gray,jade.gray9692@example.com,United States,2025-12-14,Basic,118.66
9693,Asher York,asher.york9693@example.com,Germany,2023-06-21,Standard,431.23
9694,Leo Finn,leo.finn9694@example.com,United States,2022-02-03,Basic,98.20
9695,Ethan Hart,ethan.hart9695@example.com,Netherlands,2026-07-25,Basic,29.42
9696,Jade Bell,jade.bell9696@example.com,Australia,2024-04-13,Standard,470.13
9697,Ruby Dunn,ruby.dunn9697@example.com,Germany,2024-06-26,Premium,1412.61
9698,Nora Lane,nora.lane9698@example.com,United Kingdom,2022-09-02,Premium,2254.23
9699,Jade Walsh,jade.walsh9699@example.com,France,2024-07-26,Standard,534.53
9700,Wren Vale,wren.vale9700@example.com,Mexico,2024-06-25,Basic,189.81
9701,Ella Hale,ella.hale9701@example.com,Mexico,2025-10-28,Basic,131.70
9702,Mia Zane,mia.zane9702@example.com,France,2022-08-19,Basic,69.22
9703,Mila Moss,mila.moss9703@example.com,United States,2025-01-14,Basic,86.03
9704,Silas West,silas.west9704@example.com,United Kingdom,2025-05-15,Standard,460.47
9705,Mila Snow,mila.snow9705@example.com,Japan,2025-01-07,Standard,259.87
9706,Jonah Vale,jonah.vale9706@example.com,India,2025-04-09,Basic,43.05
9707,Jade Nash,,Japan,2022-08-15,Standard,540.98
9708,Ella Dunn,ella.dunn9708@example.com,Brazil,2025-05-09,Basic,9.37
9709,Miles Young,miles.young9709@example.com,Germany,2022-12-31,Premium,3107.44
9710,Miles Walsh,miles.walsh9710@example.com,United States,2023-04-07,Premium,2356.59
9711,Wren Quinn,wren.quinn9711@example.com,United States,2025-07-01,Basic,84.81
9712,Leo Dunn,leo.dunn9712@example.com,Canada,2022-08-13,Basic,109.55
9713,Mila York,mila.york9713@example.com,United States,2023-06-20,Standard,305.16
9714,Theo Moss,theo.moss9714@example.com,Australia,2023-02-15,Basic,67.01
9715,Jonah Moss,jonah.moss9715@example.com,Germany,2026-01-16,Standard,402.02
9716,Sadie Kerr,sadie.kerr9716@example.com,India,2026-02-15,Premium,2982.77
9717,Jade Kerr,jade.kerr9717@example.com,Brazil,2022-08-20,Standard,785.52
9718,Lila Quinn,lila.quinn9718@example.com,Australia,2025-12-14,Standard,164.56
9719,Liam Lang,liam.lang9719@example.com,Japan,2025-06-03,Standard,477.03
9720,Jade Hale,jade.hale9720@example.com,United States,2022-07-12,Basic,87.14
9721,Owen Reed,owen.reed9721@example.com,Australia,2024-06-24,Standard,66.32
9722,Felix Vale,felix.vale9722@example.com,India,2022-10-24,Basic,160.45
9723,Lila York,lila.york9723@example.com,Canada,2023-05-19,Basic,167.08
9724,Jonah Park,jonah.park9724@example.com,Australia,2024-11-15,Basic,22.47
9725,Ivy Hale,ivy.hale9725@example.com,United States,2022-04-14,Basic,166.29
9726,Zoe Reed,zoe.reed9726@example.com,United Kingdom,2024-11-29,Basic,96.25
9727,Felix Tate,felix.tate9727@example.com,Brazil,2022-08-18,Basic,197.82
9728,Jonah Bell,jonah.bell9728@example.com,India,2022-07-20,Basic,136.11
9729,Jade Drew,jade.drew9729@example.com,Germany,2026-07-03,Standard,95.07
9730,Silas Frost,silas.frost9730@example.com,Australia,2023-11-29,Basic,193.72
9731,Ava Hart,ava.hart9731@example.com,Brazil,2023-01-17,Basic,167.51
9732,Caleb Reed,caleb.reed9732@example.com,India,2024-10-18,Standard,107.29
9733,Iris Walsh,iris.walsh9733@example.com,India,2026-08-26,Standard,342.48
9734,Nico Gray,nico.gray9734@example.com,United States,2024-10-05,Basic,90.36
9735,Ivy Drew,ivy.drew9735@example.com,Mexico,2022-05-02,Premium,4902.06
9736,Nora Lang,nora.lang9736@example.com,France,2023-11-12,Basic,29.77
9737,Jonah Cole,jonah.cole9737@example.com,Netherlands,2024-12-02,Standard,201.01
9738,Owen Shaw,owen.shaw9738@example.com,India,2022-04-07,Standard,157.08
9739,Piper Young,piper.young9739@example.com,United States,2025-11-11,Standard,687.67
9740,Asher Shaw,asher.shaw9740@example.com,Mexico,2024-04-07,Standard,280.27
9741,Mia Quinn,mia.quinn9741@example.com,Canada,2025-07-22,Standard,120.17
9742,Miles Reed,miles.reed9742@example.com,United States,2022-08-05,Premium,4817.23
9743,Zoe Drew,zoe.drew9743@example.com,Japan,2025-09-06,Premium,2479.14
9744,Miles Frost,miles.frost9744@example.com,Australia,2025-09-29,Basic,69.82
9745,Ella Nash,ella.nash9745@example.com,United States,2026-03-30,Basic,80.35
9746,Jade Lang,jade.lang9746@example.com,Australia,2022-07-25,Standard,187.45
9747,Owen Drew,owen.drew9747@example.com,France,2025-01-14,Standard,477.58
9748,Ava Dunn,ava.dunn9748@example.com,France,2026-08-18,Standard,740.27
9749,Caleb Bell,caleb.bell9749@example.com,Netherlands,2023-06-10,Basic,116.64
9750,Ruby Hale,ruby.hale9750@example.com,France,2026-02-14,Basic,194.57
9751,Chloe Nash,chloe.nash9751@example.com,Germany,2022-10-28,Standard,122.17
9752,Caleb York,caleb.york9752@example.com,Japan,2022-09-15,Standard,191.24
9753,Chloe Tate,chloe.tate9753@example.com,United States,2023-06-11,Standard,52.48
9754,Ruby Tate,ruby.tate9754@example.com,United States,2023-08-04,Standard,444.60
9755,Ruby Frost,ruby.frost9755@example.com,Japan,2024-09-20,Standard,455.61
9756,Lila Quinn,lila.quinn9756@example.com,India,2022-11-24,Basic,103.89
9757,Zoe Kerr,zoe.kerr9757@example.com,India,2024-12-29,Basic,129.07
9758,Caleb Pike,caleb.pike9758@example.com,United States,2025-02-21,Standard,350.59
9759,Jade Hart,jade.hart9759@example.com,Mexico,2024-09-01,Standard,781.51
9760,Caleb Nash,caleb.nash9760@example.com,Netherlands,2022-07-20,Premium,1673.40
9761,Mila Shaw,mila.shaw9761@example.com,Australia,2024-10-19,Basic,111.48
9762,Ruby Bell,ruby.bell9762@example.com,United States,2024-09-20,Standard,684.01
9763,Jade Nash,jade.nash9763@example.com,Mexico,2026-02-20,Basic,39.97
9764,Leo Drew,leo.drew9764@example.com,United States,2022-08-25,Basic,53.79
9765,Nora Park,nora.park9765@example.com,United States,2023-02-21,Basic,172.70
9766,Felix Blair,felix.blair9766@example.com,United States,2023-08-13,Standard,672.33
9767,Zoe Reed,zoe.reed9767@example.com,Brazil,2024-07-21,Standard,241.67
9768,Noah Vale,noah.vale9768@example.com,United States,2024-09-16,Standard,502.90
9769,Ivy Tate,ivy.tate9769@example.com,Spain,2022-04-17,Standard,613.08
9770,Owen Reed,owen.reed9770@example.com,Netherlands,2025-05-22,Standard,780.13
9771,Felix Gray,felix.gray9771@example.com,Germany,2024-07-22,Standard,324.90
9772,Owen Moss,owen.moss9772@example.com,Mexico,2024-12-23,Standard,497.57
9773,Arlo Bell,arlo.bell9773@example.com,Australia,2024-01-19,Standard,517.11
9774,Felix Zane,felix.zane9774@example.com,India,2023-01-03,Standard,594.02
9775,Owen Reed,owen.reed9775@example.com,Germany,2023-07-30,Basic,121.09
9776,Jade Walsh,jade.walsh9776@example.com,France,2023-12-11,Basic,166.26
9777,Sadie Kerr,sadie.kerr9777@example.com,Germany,2025-12-25,Basic,30.58
9778,Lila Walsh,lila.walsh9778@example.com,Japan,2025-05-17,Basic,88.56
9779,Ethan Cruz,ethan.cruz9779@example.com,Japan,2025-12-26,Standard,784.37
9780,Owen Frost,owen.frost9780@example.com,Australia,2024-04-23,Standard,384.50
9781,Ivy Blair,ivy.blair9781@example.com,France,2025-09-05,Basic,104.58
9782,Nora Blair,nora.blair9782@example.com,United States,2023-08-05,Basic,184.75
9783,Felix Vale,felix.vale9783@example.com,India,2024-06-29,Basic,41.81
9784,Piper Hart,piper.hart9784@example.com,Japan,2025-03-03,Standard,332.73
9785,Ethan Frost,ethan.frost9785@example.com,India,2026-08-23,Standard,91.85
9786,Nico Hart,nico.hart9786@example.com,United States,2026-02-25,Standard,652.33
9787,Owen Walsh,owen.walsh9787@example.com,United States,2023-08-24,Standard,348.07
9788,Ava Hale,ava.hale9788@example.com,Japan,2024-10-16,Standard,273.74
9789,Caleb Drew,caleb.drew9789@example.com,United States,2025-03-19,Standard,87.22
9790,Arlo York,arlo.york9790@example.com,United States,2022-12-09,Premium,2417.86
9791,Jonah Finn,jonah.finn9791@example.com,Spain,2024-06-03,Basic,196.65
9792,Mia Brooks,mia.brooks9792@example.com,Brazil,2025-03-11,Standard,709.45
9793,Wren Tate,wren.tate9793@example.com,Germany,2022-11-30,Basic,92.07
9794,Caleb Gray,caleb.gray9794@example.com,United States,2022-03-18,Standard,627.57
9795,Ella Dunn,ella.dunn9795@example.com,Japan,2023-12-30,Standard,237.88
9796,Wren Young,wren.young9796@example.com,United States,2026-05-05,Standard,791.17
9797,Chloe York,chloe.york9797@example.com,United Kingdom,2024-05-22,Standard,581.74
9798,Leo West,leo.west9798@example.com,Netherlands,2024-12-31,Basic,15.83
9799,Noah Moss,noah.moss9799@example.com,Mexico,2026-03-19,Standard,238.64
9800,Chloe Vale,chloe.vale9800@example.com,United States,2022-09-16,Standard,341.33
9801,Liam Pike,liam.pike9801@example.com,Japan,2024-01-24,Standard,170.72
9802,Ava Brooks,ava.brooks9802@example.com,Canada,2024-04-21,Premium,4434.26
9803,Theo Moss,theo.moss9803@example.com,United Kingdom,2025-04-14,Standard,672.31
9804,Piper Cole,piper.cole9804@example.com,Brazil,2024-07-12,Standard,169.37
9805,Hugo Kerr,hugo.kerr9805@example.com,Japan,2024-01-20,Standard,709.18
9806,Mia West,mia.west9806@example.com,Brazil,2022-12-28,Standard,190.45
9807,Ethan Dunn,ethan.dunn9807@example.com,Germany,2023-01-29,Basic,133.38
9808,Ivy West,ivy.west9808@example.com,United States,2026-08-18,Standard,198.38
9809,Mia Nash,mia.nash9809@example.com,Germany,2022-03-06,Standard,319.45
9810,Mila Lang,mila.lang9810@example.com,United States,2022-11-10,Premium,1718.83
9811,Chloe Hart,chloe.hart9811@example.com,Canada,2024-07-19,Standard,436.42
9812,Theo Lang,theo.lang9812@example.com,India,2022-11-24,Basic,49.94
9813,Sadie Reed,sadie.reed9813@example.com,Japan,2026-06-30,Standard,565.52
9814,Nora Tate,nora.tate9814@example.com,India,2024-10-09,Basic,123.22
9815,Owen Snow,owen.snow9815@example.com,France,2023-09-01,Premium,2442.92
9816,Leo Young,leo.young9816@example.com,Japan,2023-02-27,Standard,554.46
9817,Nora Cole,nora.cole9817@example.com,India,2023-08-01,Standard,257.82
9818,Wren Zane,wren.zane9818@example.com,United States,2023-06-08,Standard,622.76
9819,Miles Vale,miles.vale9819@example.com,India,2022-09-15,Basic,54.84
9820,Miles Zane,miles.zane9820@example.com,Canada,2024-10-06,Basic,99.65
9821,Piper Vale,piper.vale9821@example.com,United States,2023-12-30,Standard,489.52
9822,Ethan Park,ethan.park9822@example.com,India,2022-12-16,Standard,106.66
9823,Leo Finn,leo.finn9823@example.com,United States,2022-10-29,Basic,120.00
9824,Caleb Finn,caleb.finn9824@example.com,United States,2023-07-11,Standard,350.69
9825,Jonah Quinn,jonah.quinn9825@example.com,Spain,2025-09-03,Standard,571.87
9826,Noah Kerr,noah.kerr9826@example.com,United Kingdom,2026-03-18,Standard,720.53
9827,Asher York,asher.york9827@example.com,United States,2022-08-11,Basic,140.31
9828,Noah Walsh,noah.walsh9828@example.com,Japan,2023-04-26,Standard,792.06
9829,Asher Moss,asher.moss9829@example.com,United States,2026-05-01,Standard,466.74
9830,Ruby Snow,ruby.snow9830@example.com,United States,2023-12-13,Standard,80.03
9831,Felix Lang,felix.lang9831@example.com,Japan,2024-08-10,Standard,129.69
9832,Iris Bell,iris.bell9832@example.com,France,2024-12-23,Standard,720.72
9833,Owen Lane,owen.lane9833@example.com,India,2023-12-23,Standard,708.84
9834,Piper Cole,piper.cole9834@example.com,United Kingdom,2025-07-21,Standard,786.41
9835,Chloe Moss,chloe.moss9835@example.com,Canada,2025-03-03,Basic,158.30
9836,Ruby Nash,ruby.nash9836@example.com,United Kingdom,2022-11-28,Standard,125.79
9837,Hugo Park,hugo.park9837@example.com,United States,2024-12-21,Basic,54.91
9838,Silas York,silas.york9838@example.com,Germany,2025-04-13,Standard,698.47
9839,Jade Hale,jade.hale9839@example.com,United States,2025-11-19,Standard,643.91
9840,Lila West,lila.west9840@example.com,Canada,2026-07-01,Standard,680.72
9841,Arlo Reed,arlo.reed9841@example.com,United States,2026-04-05,Basic,167.63
9842,Liam Lane,liam.lane9842@example.com,France,2024-04-07,Standard,625.51
9843,Lila Hale,lila.hale9843@example.com,Brazil,2023-06-20,Basic,122.26
9844,Liam Walsh,liam.walsh9844@example.com,Brazil,2023-04-01,Basic,52.01
9845,Silas Frost,silas.frost9845@example.com,United States,2026-01-02,Standard,787.52
9846,Asher Dunn,asher.dunn9846@example.com,United Kingdom,2023-03-20,Standard,625.54
9847,Jade Walsh,jade.walsh9847@example.com,United States,2022-10-28,Premium,4317.79
9848,Silas Finn,silas.finn9848@example.com,United Kingdom,2025-06-08,Basic,126.37
9849,Ivy Lane,ivy.lane9849@example.com,India,2024-09-22,Premium,2339.53
9850,Chloe Brooks,chloe.brooks9850@example.com,Japan,2022-03-27,Standard,787.56
9851,Iris Cole,iris.cole9851@example.com,United States,2025-07-16,Standard,76.38
9852,Mia Frost,mia.frost9852@example.com,Canada,2026-06-07,Standard,192.01
9853,Asher York,asher.york9853@example.com,France,2025-09-06,Standard,428.76
9854,Mia Hale,mia.hale9854@example.com,Canada,2023-11-03,Premium,3281.79
9855,Ava Pike,ava.pike9855@example.com,India,2022-11-11,Standard,737.22
9856,Jade Dunn,jade.dunn9856@example.com,United States,2022-07-07,Standard,647.76
9857,Mia Tate,mia.tate9857@example.com,United States,2023-05-24,Standard,685.09
9858,Ava Finn,ava.finn9858@example.com,Germany,2024-04-23,Standard,651.45
9859,Sadie Brooks,sadie.brooks9859@example.com,Germany,2025-11-30,Standard,356.87
9860,Jonah Blair,jonah.blair9860@example.com,United States,2024-05-02,Basic,187.14
9861,Silas Nash,silas.nash9861@example.com,France,2024-10-01,Standard,455.70
9862,Miles Zane,miles.zane9862@example.com,United States,2024-03-29,Premium,3841.10
9863,Asher Zane,asher.zane9863@example.com,Canada,2023-08-22,Basic,16.88
9864,Ava Finn,ava.finn9864@example.com,United States,2024-11-17,Basic,70.58
9865,Zoe Moss,zoe.moss9865@example.com,India,2024-03-26,Standard,549.74
9866,Hugo West,hugo.west9866@example.com,United States,2022-07-12,Premium,516.94
9867,Lila Zane,lila.zane9867@example.com,United States,2024-07-18,Standard,103.75
9868,Ava York,ava.york9868@example.com,United States,2022-01-13,Premium,1284.68
9869,Mila Nash,mila.nash9869@example.com,United States,2025-12-09,Standard,568.73
9870,Theo Tate,theo.tate9870@example.com,Mexico,2025-06-11,Standard,104.83
9871,Nora Walsh,nora.walsh9871@example.com,United States,2022-06-06,Basic,178.93
9872,Arlo Quinn,arlo.quinn9872@example.com,France,2026-06-06,Basic,88.01
9873,Hugo Dunn,hugo.dunn9873@example.com,India,2024-08-06,Premium,2787.83
9874,Asher Bell,asher.bell9874@example.com,Japan,2022-03-23,Basic,36.00
9875,Caleb Finn,caleb.finn9875@example.com,United States,2026-07-04,Standard,607.77
9876,Owen Tate,owen.tate9876@example.com,United States,2022-11-07,Standard,525.53
9877,Liam Dunn,liam.dunn9877@example.com,India,2025-04-23,Standard,481.69
9878,Lila Gray,lila.gray9878@example.com,Canada,2022-10-26,Standard,192.27
9879,Mia Young,mia.young9879@example.com,United States,2026-05-23,Basic,51.09
9880,Wren Lane,wren.lane9880@example.com,United Kingdom,2026-07-27,Standard,561.80
9881,Nora Lane,nora.lane9881@example.com,United States,2023-07-19,Premium,4373.55
9882,Ethan Young,ethan.young9882@example.com,Japan,2025-09-20,Basic,46.50
9883,Arlo Lane,arlo.lane9883@example.com,United States,2024-12-10,Basic,16.51
9884,Nora Kerr,nora.kerr9884@example.com,United Kingdom,2023-11-05,Standard,52.58
9885,Jade Reed,jade.reed9885@example.com,Spain,2025-08-25,Standard,231.29
9886,Miles Blair,miles.blair9886@example.com,United Kingdom,2023-04-11,Standard,201.21
9887,Felix Vale,felix.vale9887@example.com,United Kingdom,2024-06-25,Standard,702.39
9888,Liam West,liam.west9888@example.com,United States,2022-01-05,Basic,50.64
9889,Ava Pike,ava.pike9889@example.com,United States,2026-07-01,Premium,3842.73
9890,Zoe Hart,zoe.hart9890@example.com,India,2024-04-30,Standard,639.31
9891,Miles Tate,miles.tate9891@example.com,Japan,2023-07-28,Basic,100.67
9892,Lila Young,lila.young9892@example.com,Germany,2024-09-28,Standard,776.97
9893,Ava York,ava.york9893@example.com,Australia,2022-03-31,Basic,98.06
9894,Asher Shaw,asher.shaw9894@example.com,India,2024-03-02,Standard,597.11
9895,Ella West,,Japan,2022-12-24,Standard,794.04
9896,Ella Brooks,ella.brooks9896@example.com,Spain,2025-12-23,Standard,619.06
9897,Piper Frost,piper.frost9897@example.com,France,2025-07-29,Basic,13.61
9898,Ruby Snow,ruby.snow9898@example.com,United States,2024-04-29,Basic,97.58
9899,Wren Finn,wren.finn9899@example.com,United States,2026-08-28,Standard,470.38
9900,Piper Bell,piper.bell9900@example.com,India,2024-04-13,Basic,112.77
9901,Chloe Vale,chloe.vale9901@example.com,United States,2025-11-09,Basic,147.52
9902,Liam Moss,liam.moss9902@example.com,United States,2024-10-25,Standard,327.73
9903,Piper Tate,piper.tate9903@example.com,Netherlands,2024-08-08,Standard,331.77
9904,Zoe Zane,zoe.zane9904@example.com,United States,2024-08-17,Basic,123.73
9905,Miles Lane,miles.lane9905@example.com,India,2025-07-17,Standard,429.49
9906,Zoe York,zoe.york9906@example.com,India,2026-04-27,Basic,94.90
9907,Miles Kerr,miles.kerr9907@example.com,Australia,2025-08-19,Standard,126.81
9908,Ivy Young,ivy.young9908@example.com,India,2022-11-15,Basic,32.80
9909,Nico Frost,nico.frost9909@example.com,Canada,2026-03-30,Standard,788.53
9910,Caleb Moss,caleb.moss9910@example.com,United States,2025-02-06,Basic,56.42
9911,Ivy Nash,ivy.nash9911@example.com,United Kingdom,2023-11-13,Basic,80.18
9912,Ivy Moss,ivy.moss9912@example.com,Germany,2022-11-28,Standard,223.67
9913,Mila Park,mila.park9913@example.com,Spain,2026-04-17,Standard,594.46
9914,Wren Moss,wren.moss9914@example.com,India,2023-09-14,Basic,198.17
9915,Jade Gray,jade.gray9915@example.com,United States,2026-06-01,Standard,339.77
9916,Wren Kerr,wren.kerr9916@example.com,United States,2023-02-18,Standard,355.08
9917,Silas Gray,silas.gray9917@example.com,Canada,2026-06-11,Standard,152.22
9918,Jade Moss,jade.moss9918@example.com,Germany,2022-01-17,Basic,32.53
9919,Arlo Frost,arlo.frost9919@example.com,United States,2022-06-11,Basic,116.69
9920,Hugo Park,hugo.park9920@example.com,Australia,2022-11-11,Standard,327.69
9921,Mia Moss,mia.moss9921@example.com,United States,2025-01-28,Standard,146.08
9922,Liam Moss,liam.moss9922@example.com,Brazil,2024-04-09,Standard,492.86
9923,Noah Dunn,noah.dunn9923@example.com,United Kingdom,2025-05-14,Basic,146.96
9924,Jade Gray,jade.gray9924@example.com,United Kingdom,2024-06-18,Standard,229.70
9925,Liam West,liam.west9925@example.com,United States,2025-09-04,Basic,197.78
9926,Theo Tate,theo.tate9926@example.com,United States,2025-03-30,Premium,4982.44
9927,Ruby Frost,ruby.frost9927@example.com,United States,2024-07-29,Standard,689.79
9928,Owen Nash,owen.nash9928@example.com,India,2023-11-19,Basic,130.08
9929,Sadie Frost,sadie.frost9929@example.com,Australia,2025-07-11,Standard,297.32
9930,Theo Hart,theo.hart9930@example.com,Germany,2024-02-23,Basic,64.77
9931,Arlo Reed,arlo.reed9931@example.com,Japan,2024-05-04,Basic,74.16
9932,Iris Gray,iris.gray9932@example.com,United Kingdom,2022-06-12,Premium,4414.35
9933,Noah Vale,noah.vale9933@example.com,Brazil,2024-10-27,Standard,673.56
9934,Mia Drew,mia.drew9934@example.com,Brazil,2023-01-16,Premium,2764.26
9935,Hugo Young,hugo.young9935@example.com,France,2022-03-04,Standard,543.35
9936,Felix Snow,felix.snow9936@example.com,Canada,2022-08-18,Standard,418.68
9937,Ivy Bell,ivy.bell9937@example.com,Japan,2026-01-30,Basic,165.89
9938,Nico Lang,nico.lang9938@example.com,Germany,2025-12-22,Premium,4296.96
9939,Zoe Kerr,zoe.kerr9939@example.com,France,2023-10-03,Standard,457.15
9940,Nico Brooks,nico.brooks9940@example.com,United Kingdom,2024-08-29,Standard,390.21
9941,Owen Cruz,owen.cruz9941@example.com,United Kingdom,2023-11-20,Basic,43.77
9942,Silas Bell,silas.bell9942@example.com,Germany,2026-08-14,Basic,53.06
9943,Piper Frost,piper.frost9943@example.com,France,2025-02-28,Standard,778.56
9944,Sadie Cruz,sadie.cruz9944@example.com,Netherlands,2023-08-13,Standard,495.47
9945,Leo Kerr,leo.kerr9945@example.com,India,2023-07-27,Standard,248.41
9946,Liam Hart,liam.hart9946@example.com,United Kingdom,2025-04-26,Premium,3703.85
9947,Ella Walsh,ella.walsh9947@example.com,Japan,2024-08-27,Premium,2835.82
9948,Lila Lane,lila.lane9948@example.com,United Kingdom,2025-03-04,Basic,10.27
9949,Hugo Moss,hugo.moss9949@example.com,Australia,2024-02-18,Standard,553.75
9950,Arlo Nash,arlo.nash9950@example.com,Canada,2022-12-28,Basic,70.43
9951,Owen Dunn,owen.dunn9951@example.com,United States,2026-02-06,Standard,61.00
9952,Noah Lang,noah.lang9952@example.com,Brazil,2025-09-02,Basic,113.51
9953,Hugo Moss,hugo.moss9953@example.com,France,2025-09-11,Basic,60.06
9954,Nico Gray,nico.gray9954@example.com,India,2024-07-19,Standard,688.96
9955,Felix Lang,felix.lang9955@example.com,United States,2024-01-05,Standard,257.24
9956,Caleb Moss,caleb.moss9956@example.com,Japan,2026-07-11,Standard,91.87
9957,Liam Cole,liam.cole9957@example.com,India,2022-08-28,Basic,20.48
9958,Chloe Moss,chloe.moss9958@example.com,United States,2023-02-27,Standard,528.20
9959,Theo Blair,theo.blair9959@example.com,Brazil,2025-02-27,Standard,281.15
9960,Liam Lane,liam.lane9960@example.com,Canada,2023-09-25,Premium,2132.97
9961,Owen Cruz,owen.cruz9961@example.com,France,2022-05-24,Standard,649.79
9962,Arlo Quinn,arlo.quinn9962@example.com,Spain,2025-05-31,Standard,332.78
9963,Leo Young,leo.young9963@example.com,Germany,2025-04-12,Basic,27.46
9964,Arlo Brooks,arlo.brooks9964@example.com,India,2023-07-25,Basic,176.46
9965,Jade Park,jade.park9965@example.com,United States,2024-06-06,Basic,52.11
9966,Hugo Zane,hugo.zane9966@example.com,Australia,2026-05-29,Standard,417.81
9967,Ivy Hale,ivy.hale9967@example.com,Brazil,2024-05-31,Basic,27.01
9968,Mila Nash,mila.nash9968@example.com,France,2022-10-17,Premium,3380.39
9969,Miles Hale,miles.hale9969@example.com,India,2024-09-01,Standard,781.84
9970,Caleb Nash,caleb.nash9970@example.com,Germany,2023-11-08,Basic,33.71
9971,Nora Cole,nora.cole9971@example.com,Canada,2022-10-08,Standard,111.78
9972,Iris Dunn,iris.dunn9972@example.com,Spain,2023-12-26,Standard,97.35
9973,Wren Pike,wren.pike9973@example.com,France,2025-11-01,Standard,218.33
9974,Hugo Cruz,hugo.cruz9974@example.com,Brazil,2024-03-21,Standard,728.93
9975,Nora Dunn,nora.dunn9975@example.com,United Kingdom,2024-05-10,Basic,93.59
9976,Wren Dunn,wren.dunn9976@example.com,United States,2022-06-21,Standard,164.23
9977,Nora Pike,nora.pike9977@example.com,India,2023-10-13,Basic,102.29
9978,Ava Reed,ava.reed9978@example.com,Japan,2022-07-23,Standard,728.81
9979,Noah Pike,noah.pike9979@example.com,Australia,2022-01-21,Basic,80.45
9980,Mila Shaw,mila.shaw9980@example.com,United States,2024-01-27,Standard,210.43
9981,Theo Lane,theo.lane9981@example.com,United States,2025-09-11,Basic,29.15
9982,Miles Tate,miles.tate9982@example.com,United States,2025-11-24,Standard,131.04
9983,Wren Vale,wren.vale9983@example.com,United States,2025-06-24,Basic,168.93
9984,Chloe Quinn,chloe.quinn9984@example.com,United Kingdom,2023-08-16,Standard,471.15
9985,Ruby Frost,ruby.frost9985@example.com,United States,2022-01-09,Basic,152.11
9986,Piper Frost,piper.frost9986@example.com,Japan,2026-04-13,Basic,147.69
9987,Hugo York,hugo.york9987@example.com,United Kingdom,2025-08-20,Standard,434.69
9988,Jade Shaw,jade.shaw9988@example.com,India,2026-06-09,Basic,113.48
9989,Nico Walsh,nico.walsh9989@example.com,United States,2023-05-16,Standard,312.98
9990,Mila Reed,mila.reed9990@example.com,United States,2026-05-28,Basic,79.37
9991,Iris Shaw,iris.shaw9991@example.com,United Kingdom,2026-02-13,Standard,512.92
9992,Chloe Kerr,chloe.kerr9992@example.com,United Kingdom,2022-04-25,Standard,644.03
9993,Noah Reed,noah.reed9993@example.com,Brazil,2022-02-17,Basic,149.58
9994,Hugo Pike,hugo.pike9994@example.com,United States,2024-03-02,Standard,518.08
9995,Ava Bell,ava.bell9995@example.com,India,2024-05-23,Basic,26.82
9996,Noah Shaw,noah.shaw9996@example.com,Canada,2023-12-10,Standard,324.18
9997,Zoe Pike,zoe.pike9997@example.com,United States,2023-07-10,Basic,35.15
9998,Piper Kerr,piper.kerr9998@example.com,United States,2023-07-12,Standard,68.35
9999,Felix Park,felix.park9999@example.com,United States,2024-06-11,Basic,170.52
10000,Caleb Bell,caleb.bell10000@example.com,United Kingdom,2026-06-01,Basic,127.06
5234,Mila Moss,mila.moss5234@example.com,India,2026-08-22,Standard,440.65
2051,Ivy Nash,ivy.nash2051@example.com,United States,2022-10-20,Standard,345.63
2067,Miles Cruz,miles.cruz2067@example.com,United States,2024-10-30,Basic,59.83
6742,Noah Vale,noah.vale6742@example.com,France,2024-10-07,Standard,508.16
2150,Piper Finn,piper.finn2150@example.com,Germany,2023-12-09,Standard,177.09
5017,Iris Cole,iris.cole5017@example.com,United States,2023-01-05,Basic,188.17
9783,Felix Vale,felix.vale9783@example.com,India,2024-06-29,Basic,41.81
1418,Iris Cole,iris.cole1418@example.com,United States,2022-07-08,Standard,733.54
5469,Owen Blair,owen.blair5469@example.com,Netherlands,2023-06-28,Basic,84.63
2109,Ruby West,ruby.west2109@example.com,United Kingdom,2026-07-09,Basic,143.44
